zone2_power,zone3_power,power_sum_23,hour_sin,hour_cos,temperature,humidity,hdd,cdd,zone1_power
12929.9389,14929.45455,27859.39345,0.9659258262890683,0.25881904510252074,15.9,74.8,2.0999999999999996,0.0,22147.169
17992.70517,17881.44578,35874.150949999996,0.0,1.0,5.611,73.7,12.389,0.0,28095.18987
16791.12988,16551.72414,33342.85402,0.9659258262890683,0.25881904510252074,25.87,87.8,0.0,1.870000000000001,22873.78468
21469.29461,13416.65653,34885.951140000005,-0.8660254037844384,-0.5000000000000004,24.87,62.85,0.0,0.870000000000001,34515.88621
13371.42857,13775.42169,27146.85026,0.7071067811865475,0.7071067811865476,7.57,78.1,10.43,0.0,20870.88608
23458.92291,25778.55799,49237.4809,1.2246467991473532e-16,-1.0,27.1,76.0,0.0,3.1000000000000014,37200.26637
21786.96538,18868.36364,40655.329020000005,-0.9659258262890683,-0.25881904510252063,21.2,40.97,0.0,0.0,34336.79225
17749.79253,11239.87842,28989.67095,0.8660254037844386,0.5000000000000001,17.88,69.11,0.120000000000001,0.0,22731.2035
17387.78004,13986.90909,31374.68913,0.8660254037844387,-0.49999999999999983,16.25,93.1,1.75,0.0,29079.00969
31671.07438,20420.24096,52091.31534,-0.8660254037844386,0.5000000000000001,19.6,68.28,0.0,0.0,37833.84615
18089.62656,14379.57447,32469.20103,0.0,1.0,23.49,62.42,0.0,0.0,30602.36324
22928.48233,14732.42084,37660.90317,-0.2588190451025208,-0.9659258262890683,20.13,70.1,0.0,0.0,35401.06195
25736.00845,24352.10031,50088.10876,-0.7071067811865471,-0.7071067811865479,28.07,41.15,0.0,4.07,38549.16759
18414.25662,19851.63636,38265.892980000004,0.0,1.0,16.33,69.04,1.6700000000000017,0.0,29525.42519
28507.28617,25182.69592,53689.98209,0.49999999999999994,-0.8660254037844387,31.04,51.22,0.0,7.039999999999999,39744.63929
19291.13924,26293.55649,45584.69573,0.49999999999999994,0.8660254037844387,24.65,41.25,0.0,0.6499999999999986,29106.1794
18436.70886,21244.51883,39681.22769,0.7071067811865475,0.7071067811865476,24.13,85.7,0.0,0.129999999999999,28736.21262
12471.69043,11205.81818,23677.50861,1.0,6.123233995736766e-17,14.37,89.1,3.630000000000001,0.0,21613.95048
23321.57676,12587.96353,35909.540290000004,-0.7071067811865471,-0.7071067811865479,20.89,83.9,0.0,0.0,35297.33042
24736.77812,25274.53266,50011.31078,-0.8660254037844386,0.5000000000000001,13.65,47.83,4.35,0.0,42504.40678
21140.42553,17245.3012,38385.72673,1.2246467991473532e-16,-1.0,16.25,52.85,1.75,0.0,34560.0
13862.19512,13999.35484,27861.54996,0.49999999999999994,0.8660254037844387,12.01,86.6,5.99,0.0,22966.46809
11463.54379,15005.09091,26468.634700000002,0.9659258262890683,0.25881904510252074,13.55,90.2,4.449999999999999,0.0,23455.41442
17719.91701,8205.227964,25925.144974000003,0.9659258262890683,-0.25881904510252063,18.99,61.63,0.0,0.0,26619.5186
25248.64865,26265.6,51514.248649999994,0.0,1.0,19.68,71.7,0.0,0.0,42329.00662
14641.48607,10721.29555,25362.78162,0.8660254037844387,-0.49999999999999983,19.17,90.6,0.0,0.0,23228.85246
12900.611,11554.90909,24455.520089999998,1.0,6.123233995736766e-17,12.75,76.6,5.25,0.0,21167.53498
28894.93671,29306.10879,58201.0455,0.7071067811865476,-0.7071067811865475,30.82,36.08,0.0,6.82,38629.63455
21278.04878,20763.87097,42041.91975,-0.25881904510252157,0.9659258262890681,12.58,78.3,5.42,0.0,34805.10638
25329.11392,30414.72803,55743.84195,-1.0,-1.8369701987210297e-16,27.48,69.2,0.0,3.4800000000000004,38489.30233
15886.06811,16492.95547,32379.02358,0.25881904510252074,0.9659258262890683,25.04,40.16,0.0,1.0399999999999991,25948.32787
21431.70732,21814.83871,43246.54603,-0.5000000000000004,0.8660254037844384,13.6,51.74,4.4,0.0,36655.65957
13601.21581,14330.60241,27931.81822,0.8660254037844386,0.5000000000000001,9.91,74.1,8.09,0.0,22146.83544
18836.32524,20572.2884,39408.613639999996,0.8660254037844386,0.5000000000000001,23.44,76.5,0.0,0.0,30647.54717
27935.56231,26735.42169,54670.984,-0.8660254037844386,0.5000000000000001,11.7,66.64,6.300000000000001,0.0,44396.96203
20175.61983,13717.59036,33893.21019,0.0,1.0,18.45,67.18,0.0,0.0,25520.0
28496.34146,24764.51613,53260.85759,-0.8660254037844386,0.5000000000000001,14.22,72.9,3.7799999999999994,0.0,41177.87234
13593.48269,15796.36364,29389.84633,0.7071067811865475,0.7071067811865476,15.82,84.3,2.1799999999999997,0.0,23945.23143
19623.1003,15271.23618,34894.33648,0.49999999999999994,-0.8660254037844387,16.91,48.46,1.0899999999999999,0.0,32845.42373
14051.73116,16785.45455,30837.185709999998,0.25881904510252074,0.9659258262890683,16.15,85.7,1.8500000000000014,0.0,25619.28956
12827.29124,15162.18182,27989.47306,0.7071067811865475,0.7071067811865476,15.04,83.4,2.960000000000001,0.0,23560.81808
17094.38669,13585.12768,30679.514369999997,0.8660254037844386,0.5000000000000001,19.99,88.8,0.0,0.0,27353.62832
27300.0,32782.59414,60082.59414,-0.5000000000000004,0.8660254037844384,24.4,82.6,0.0,0.3999999999999986,42176.21262
16364.31535,10376.17021,26740.48556,1.0,6.123233995736766e-17,21.3,65.42,0.0,0.0,26197.28665
15373.86018,14648.6747,30022.53488,1.0,6.123233995736766e-17,5.352,87.1,12.648,0.0,24346.32911
18330.37975,22124.1841,40454.56385,0.8660254037844386,0.5000000000000001,22.53,58.4,0.0,0.0,27894.21927
25484.49848,21835.8995,47320.397979999994,-1.0,-1.8369701987210297e-16,15.52,60.52,2.4800000000000004,0.0,33181.01695
17799.3921,12891.9799,30691.372000000003,0.7071067811865476,-0.7071067811865475,12.12,65.51,5.880000000000001,0.0,27567.45763
21426.20436,9865.066026,31291.270386,1.2246467991473532e-16,-1.0,16.48,60.48,1.5199999999999996,0.0,28264.63878
18268.87967,11222.37082,29491.25049,0.49999999999999994,0.8660254037844387,20.73,65.6,0.0,0.0,23279.47484
16551.03734,11940.18237,28491.219709999998,0.8660254037844386,0.5000000000000001,17.57,93.3,0.4299999999999997,0.0,25371.72867
19141.73554,15458.31325,34600.04879,0.49999999999999994,-0.8660254037844387,17.67,77.8,0.3299999999999983,0.0,26584.61538
22254.67935,11933.73349,34188.41284,0.0,1.0,10.12,70.3,7.880000000000001,0.0,26415.20913
31626.44628,20443.37349,52069.81977,-0.8660254037844386,0.5000000000000001,15.89,81.7,2.1099999999999994,0.0,38123.07692
23112.44813,11578.35866,34690.80679,1.2246467991473532e-16,-1.0,23.47,68.87,0.0,0.0,34641.9256
14158.04481,16302.54545,30460.590259999997,0.25881904510252074,0.9659258262890683,16.25,87.1,1.75,0.0,25098.47147
18596.20253,21949.45607,40545.658599999995,0.49999999999999994,0.8660254037844387,24.23,85.8,0.0,0.23000000000000043,28621.39535
19586.62614,20041.32663,39627.95277,-0.25881904510252157,0.9659258262890681,10.51,80.6,7.49,0.0,33187.11864
17627.8481,19232.13389,36859.98199,1.0,6.123233995736766e-17,24.89,60.62,0.0,0.8900000000000006,26669.50166
19800.0,15677.41935,35477.41935,0.258819045102521,-0.9659258262890682,20.4,60.08,0.0,0.0,37513.53191
22504.75185,20102.82132,42607.57317,0.9659258262890683,-0.25881904510252063,25.7,62.99,0.0,1.6999999999999993,27962.53052
20953.74868,18814.79624,39768.54492,-0.25881904510252157,0.9659258262890681,22.11,73.5,0.0,0.0,36215.76027
22466.39004,13854.3465,36320.73654,-0.4999999999999998,-0.8660254037844388,25.04,33.42,0.0,1.0399999999999991,36469.49672
20728.26748,16690.12048,37418.38796,-0.4999999999999998,-0.8660254037844388,18.22,63.25,0.0,0.0,34493.16456
18433.19502,14087.78116,32520.976179999998,-0.25881904510252157,0.9659258262890681,24.58,46.55,0.0,0.5799999999999983,31327.08972
18972.97297,12249.56078,31222.53375,1.2246467991473532e-16,-1.0,27.11,50.18,0.0,3.1099999999999994,34082.12389
20122.79635,14918.11055,35040.9069,0.49999999999999994,-0.8660254037844387,10.77,83.1,7.23,0.0,32906.44068
17483.05785,10548.43373,28031.49158,0.9659258262890683,0.25881904510252074,13.3,61.41,4.699999999999999,0.0,22670.76923
20745.56962,25672.97071,46418.54033,0.49999999999999994,0.8660254037844387,24.87,85.4,0.0,0.870000000000001,27919.73422
29731.3622,28077.74295,57809.10515,-0.9659258262890683,-0.25881904510252063,28.7,61.92,0.0,4.699999999999999,40045.10544
15623.55372,8096.385542,23719.939262,0.9659258262890683,-0.25881904510252063,18.87,63.38,0.0,0.0,19680.0
32023.32004,14947.41897,46970.73901,-0.9659258262890683,-0.25881904510252063,16.59,70.0,1.4100000000000001,0.0,37517.87072
15695.85062,11817.62918,27513.4798,0.49999999999999994,0.8660254037844387,18.19,80.0,0.0,0.0,26493.47921
27032.31257,23551.59875,50583.91132,-0.8660254037844386,0.5000000000000001,25.11,63.32,0.0,1.1099999999999994,46367.68036
31395.86777,21883.37349,53279.24126,-0.9659258262890684,0.2588190451025203,17.65,74.9,0.3500000000000014,0.0,38233.84615
12006.10998,11642.18182,23648.2918,1.0,6.123233995736766e-17,15.58,86.2,2.42,0.0,21080.73197
17208.51064,17066.0241,34274.53474,0.0,1.0,10.31,72.2,7.6899999999999995,0.0,27232.40506
26853.65854,25490.32258,52343.98112,-0.9659258262890684,0.2588190451025203,20.38,48.35,0.0,0.0,44952.51064
22591.68399,12873.21757,35464.90156,0.49999999999999994,-0.8660254037844387,29.53,35.58,0.0,5.530000000000001,33196.46018
35036.77686,17580.72289,52617.49975,-1.0,-1.8369701987210297e-16,17.15,72.6,0.8500000000000014,0.0,40880.0
20615.19757,15908.0201,36523.21767,-0.8660254037844384,-0.5000000000000004,16.2,68.22,1.8000000000000007,0.0,34016.94915
29214.36114,30858.4326,60072.79374,-0.5000000000000004,0.8660254037844384,23.79,58.29,0.0,0.0,43880.84351
27358.0853,14486.43457,41844.51987,-0.5000000000000004,0.8660254037844384,10.87,75.2,7.130000000000001,0.0,33709.5057
13510.0304,14209.15663,27719.18703,0.9659258262890683,0.25881904510252074,14.9,69.5,3.0999999999999996,0.0,20311.89873
18535.53719,10635.18072,29170.71791,0.25881904510252074,0.9659258262890683,11.52,83.3,6.48,0.0,24067.69231
20825.31646,22684.51883,43509.83529,0.7071067811865475,0.7071067811865476,22.14,66.93,0.0,0.0,31670.43189
33288.84298,15955.66265,49244.50563,-0.9659258262890683,-0.25881904510252063,16.86,54.62,1.1400000000000006,0.0,38781.53846
21764.95858,9939.97599,31704.934569999998,-0.8660254037844384,-0.5000000000000004,17.8,57.14,0.1999999999999993,0.0,27169.58175
13864.76578,15936.0,29800.76578,0.8660254037844386,0.5000000000000001,14.78,83.9,3.2200000000000006,0.0,25048.86975
19695.2183,8072.236977,27767.455277,0.9659258262890683,-0.25881904510252063,19.88,81.7,0.0,0.0,28220.17699
17460.18237,15747.46988,33207.65225,0.49999999999999994,-0.8660254037844387,10.37,71.3,7.630000000000001,0.0,31139.24051
17835.86626,17934.15075,35770.017009999996,0.0,1.0,14.05,53.27,3.9499999999999993,0.0,28879.32203
33366.94215,17655.90361,51022.845760000004,-0.9659258262890684,0.2588190451025203,19.68,63.28,0.0,0.0,39889.23077
16735.23422,18449.45455,35184.68876999999,-0.7071067811865471,-0.7071067811865479,14.3,88.8,3.6999999999999993,0.0,31497.09365
15792.94606,13848.51064,29641.456700000002,0.25881904510252074,0.9659258262890683,15.59,66.66,2.41,0.0,27974.44201
20389.05775,17696.80402,38085.86177,-0.2588190451025208,-0.9659258262890683,16.56,40.82,1.4400000000000013,0.0,33699.66102
18583.78378,10560.98059,29144.76437,0.8660254037844387,-0.49999999999999983,20.08,65.72,0.0,0.0,25512.21239
18973.91838,7531.332533,26505.250913,0.9659258262890683,-0.25881904510252063,6.429,86.9,11.571,0.0,22996.19772
21715.28926,15001.44578,36716.73504,0.7071067811865476,-0.7071067811865475,17.62,80.5,0.379999999999999,0.0,27563.07692
33105.86069,15298.91957,48404.78026,-0.7071067811865477,0.7071067811865474,12.85,53.14,5.15,0.0,38326.9962
15389.8167,18280.72727,33670.54397,-0.9659258262890683,-0.25881904510252063,16.14,79.8,1.8599999999999994,0.0,30976.27557
22932.22453,18750.88866,41683.113190000004,-0.5000000000000004,0.8660254037844384,21.26,76.9,0.0,0.0,40173.45133
14494.83283,13719.79899,28214.63182,1.0,6.123233995736766e-17,6.097,90.2,11.902999999999999,0.0,23845.42373
29183.94931,26115.61129,55299.5606,-0.9659258262890684,0.2588190451025203,25.14,87.6,0.0,1.1400000000000006,47249.90011
24327.49491,27898.18182,52225.67673000001,-0.9659258262890684,0.2588190451025203,18.1,49.35,0.0,0.0,45224.37029
24919.33472,22086.86415,47006.19887,-0.9659258262890684,0.2588190451025203,22.55,40.95,0.0,0.0,47042.12389
27505.19751,28221.04615,55726.24366,-0.7071067811865477,0.7071067811865474,21.37,70.3,0.0,0.0,45380.66225
25924.39024,25763.22581,51687.61605,-0.8660254037844386,0.5000000000000001,16.47,61.62,1.5300000000000011,0.0,43285.78723
15124.4582,11893.11741,27017.57561,0.9659258262890683,-0.25881904510252063,18.69,86.3,0.0,0.0,25394.36066
20962.11813,18368.0,39330.11813,-0.4999999999999998,-0.8660254037844388,20.25,62.8,0.0,0.0,34603.40151
25132.64033,15050.13279,40182.77312,-0.4999999999999998,-0.8660254037844388,26.27,44.65,0.0,2.2699999999999996,39408.84956
15432.81734,12050.52632,27483.34366,0.9659258262890683,-0.25881904510252063,18.82,85.8,0.0,0.0,26011.27869
26529.61031,9306.122449,35835.732759,-0.7071067811865471,-0.7071067811865479,17.63,62.38,0.370000000000001,0.0,30923.19392
26059.13411,21824.20063,47883.33474,-0.7071067811865477,0.7071067811865474,22.95,70.1,0.0,0.0,44929.27858
18627.35562,14316.0603,32943.41592,0.49999999999999994,-0.8660254037844387,16.54,49.53,1.4600000000000009,0.0,30575.59322
21988.5947,27520.0,49508.5947,-0.7071067811865477,0.7071067811865474,15.47,82.4,2.5299999999999994,0.0,42037.45963
25798.14241,24474.17004,50272.31245,-0.9659258262890684,0.2588190451025203,25.68,39.56,0.0,1.6799999999999997,43851.54098
27067.35967,28900.43077,55967.79044,-0.7071067811865477,0.7071067811865474,22.8,75.2,0.0,0.0,47186.22517
18300.31679,18363.38558,36663.70237,0.9659258262890683,0.25881904510252074,26.69,57.22,0.0,2.6900000000000013,24772.47503
30999.69316,16019.20768,47018.90084,-0.8660254037844386,0.5000000000000001,12.79,78.2,5.210000000000001,0.0,38053.23194
13685.13238,15947.63636,29632.76874,0.49999999999999994,0.8660254037844387,12.66,69.27,5.34,0.0,24565.25296
22883.57588,20564.67692,43448.2528,-0.8660254037844384,-0.5000000000000004,28.96,32.99,0.0,4.960000000000001,37675.23179
19792.40506,25076.48536,44868.890419999996,-0.8660254037844384,-0.5000000000000004,27.15,69.68,0.0,3.1499999999999986,31172.89037
15825.55438,11826.95925,27652.51363,0.9659258262890683,-0.25881904510252063,24.05,93.1,0.0,0.05000000000000071,22630.85461
24466.31468,32068.21317,56534.52785,-1.0,-1.8369701987210297e-16,25.96,81.8,0.0,1.9600000000000009,38159.20089
15767.08861,17798.159,33565.24761,1.0,6.123233995736766e-17,23.95,41.18,0.0,0.0,23620.46512
17578.48101,20678.159,38256.64001,0.8660254037844386,0.5000000000000001,24.23,83.2,0.0,0.23000000000000043,26758.80399
16988.42975,9958.554217,26946.983967,0.9659258262890683,0.25881904510252074,12.29,71.8,5.710000000000001,0.0,22756.92308
18613.0031,20119.19028,38732.19338,0.0,1.0,18.2,80.2,0.0,0.0,35063.60656
19017.87942,17864.86154,36882.74096,0.7071067811865475,0.7071067811865476,20.0,87.2,0.0,0.0,29880.7947
25564.55696,30336.40167,55900.95863,-0.9659258262890683,-0.25881904510252063,32.59,37.69,0.0,8.590000000000003,37685.5814
29001.47835,30996.8652,59998.343550000005,-0.25881904510252157,0.9659258262890681,24.82,64.67,0.0,0.8200000000000003,41809.54495
13772.64438,14041.44578,27814.09016,0.8660254037844386,0.5000000000000001,9.43,84.7,8.57,0.0,21338.73418
19389.66565,13914.21687,33303.88252,0.7071067811865476,-0.7071067811865475,6.549,73.7,11.451,0.0,29194.93671
26819.81424,25506.07287,52325.887109999996,-0.5000000000000004,0.8660254037844384,17.5,70.5,0.5,0.0,44103.34426
23089.39709,15791.46067,38880.85776,0.258819045102521,-0.9659258262890682,23.77,54.62,0.0,0.0,38383.00885
20397.55601,18938.18182,39335.73783,-0.2588190451025208,-0.9659258262890683,15.48,86.1,2.5199999999999996,0.0,33834.57481
24973.17073,24456.77419,49429.94492,-1.0,-1.8369701987210297e-16,16.95,51.23,1.0500000000000007,0.0,42256.34043
21592.70517,16082.89157,37675.59674,0.258819045102521,-0.9659258262890682,12.85,60.81,5.15,0.0,34693.67089
11719.14894,11108.98492,22828.13386,0.8660254037844387,-0.49999999999999983,11.91,65.62,6.09,0.0,22283.38983
26377.21519,32276.48536,58653.700549999994,-0.9659258262890684,0.2588190451025203,28.48,63.93,0.0,4.48,40479.46844
24797.46835,27552.80335,52350.2717,-0.9659258262890683,-0.25881904510252063,34.52,30.58,0.0,10.520000000000003,37028.57143
19681.45897,20214.99497,39896.45394,-0.25881904510252157,0.9659258262890681,13.93,52.84,4.07,0.0,32003.38983
23941.46341,23667.09677,47608.56018,-0.5000000000000004,0.8660254037844384,15.16,79.8,2.84,0.0,39590.80851
24762.16216,24256.98462,49019.146779999995,0.49999999999999994,0.8660254037844387,20.75,88.0,0.0,0.0,39099.33775
14961.70213,16828.91566,31790.617789999997,-0.7071067811865471,-0.7071067811865479,13.89,55.69,4.109999999999999,0.0,33818.73418
28508.71369,19392.58359,47901.29728,-0.8660254037844386,0.5000000000000001,18.47,91.1,0.0,0.0,44655.75492
13944.07295,11028.43373,24972.50668,0.8660254037844387,-0.49999999999999983,11.51,52.09,6.49,0.0,22651.13924
15286.90229,14344.10623,29631.00852,0.7071067811865475,0.7071067811865476,21.15,56.22,0.0,0.0,25754.33628
16099.58678,9634.698795,25734.285575,0.8660254037844386,0.5000000000000001,12.08,74.4,5.92,0.0,21680.0
19832.31257,20433.8558,40266.16837,0.49999999999999994,0.8660254037844387,21.83,47.76,0.0,0.0,28927.85794
32285.95565,29311.59875,61597.5544,-0.4999999999999998,-0.8660254037844388,30.22,63.95,0.0,6.219999999999999,41438.75694
23803.03951,25969.20603,49772.24554,-0.8660254037844386,0.5000000000000001,10.38,51.4,7.619999999999999,0.0,40893.55932
22792.68293,25769.03226,48561.71519,-1.0,-1.8369701987210297e-16,14.3,66.39,3.6999999999999993,0.0,41337.19149
21253.49544,16984.76382,38238.25926,-0.8660254037844384,-0.5000000000000004,15.62,67.32,2.380000000000001,0.0,33882.71186
12310.97561,14672.90323,26983.878839999998,0.49999999999999994,0.8660254037844387,15.85,77.6,2.1500000000000004,0.0,23199.31915
20649.27892,10337.57503,30986.85395,0.0,1.0,17.87,53.34,0.129999999999999,0.0,25417.49049
21621.99593,20183.27273,41805.26866,-0.25881904510252157,0.9659258262890681,16.14,77.1,1.8599999999999994,0.0,34795.60818
17282.2314,10687.22892,27969.46032,0.49999999999999994,0.8660254037844387,18.99,69.55,0.0,0.0,22338.46154
24787.84195,23843.85542,48631.69737,-0.5000000000000004,0.8660254037844384,10.85,72.6,7.15,0.0,39220.25316
22465.63467,15909.95951,38375.59418,0.49999999999999994,-0.8660254037844387,21.92,57.19,0.0,0.0,34522.22951
16819.55193,18746.18182,35565.73375,-0.9659258262890683,-0.25881904510252063,18.66,65.52,0.0,0.0,31273.8859
21198.78419,16267.95181,37466.736,-0.8660254037844384,-0.5000000000000004,18.26,40.73,0.0,0.0,34839.49367
18033.67983,16426.88458,34460.564410000006,-0.7071067811865471,-0.7071067811865479,27.16,40.68,0.0,3.16,32215.22124
13422.4924,13688.6747,27111.1671,0.8660254037844386,0.5000000000000001,13.65,85.3,4.35,0.0,22177.21519
17798.73418,22509.79079,40308.52497,0.49999999999999994,0.8660254037844387,23.63,76.7,0.0,0.0,29029.63455
15808.04954,16195.62753,32003.677069999998,0.25881904510252074,0.9659258262890683,24.95,40.63,0.0,0.9499999999999993,25545.44262
15040.2439,11148.3871,26188.631,0.9659258262890683,-0.25881904510252063,10.97,82.4,7.029999999999999,0.0,23652.76596
24021.20582,21192.56384,45213.76966,-1.0,-1.8369701987210297e-16,25.95,60.22,0.0,1.9499999999999993,40096.99115
25917.02786,25745.10121,51662.129069999995,-0.5000000000000004,0.8660254037844384,20.32,83.8,0.0,0.0,43612.32787
30734.95248,32140.43887,62875.391350000005,-0.5000000000000004,0.8660254037844384,24.97,62.46,0.0,0.9699999999999989,44059.84462
18934.17722,23750.96234,42685.139559999996,0.7071067811865475,0.7071067811865476,24.83,80.0,0.0,0.8299999999999983,29240.13289
25269.5122,24218.70968,49488.22188,-0.7071067811865477,0.7071067811865474,14.46,76.1,3.539999999999999,0.0,42035.74468
17056.96466,14102.88049,31159.84515,0.8660254037844386,0.5000000000000001,21.13,64.09,0.0,0.0,28060.88496
18631.48205,9928.451381,28559.933430999998,0.25881904510252074,0.9659258262890683,10.98,86.0,7.02,0.0,22947.52852
25796.87021,12763.5054,38560.37561,-0.25881904510252157,0.9659258262890681,14.41,84.7,3.59,0.0,30126.23574
10972.30143,15226.18182,26198.483249999997,0.49999999999999994,0.8660254037844387,15.34,84.9,2.66,0.0,22915.99569
14871.51767,12673.17671,27544.69438,0.49999999999999994,0.8660254037844387,21.19,78.2,0.0,0.0,26397.87611
26430.19331,12077.79112,38507.98443,-0.9659258262890683,-0.25881904510252063,14.15,41.52,3.8499999999999996,0.0,29712.54753
20212.80992,13006.26506,33219.07498,0.0,1.0,15.05,88.7,2.9499999999999993,0.0,25224.61538
16489.9696,16909.87952,33399.84912,-0.7071067811865471,-0.7071067811865479,15.97,59.23,2.0299999999999994,0.0,31133.16456
22412.05821,19092.13483,41504.19304,-0.5000000000000004,0.8660254037844384,23.56,43.68,0.0,0.0,39389.73451
17364.04959,9946.987952,27311.037542,0.7071067811865475,0.7071067811865476,15.23,81.9,2.7699999999999996,0.0,22203.07692
11350.75988,10854.27136,22205.03124,0.8660254037844387,-0.49999999999999983,10.8,92.2,7.199999999999999,0.0,20282.0339
18410.78838,13311.61094,31722.399320000004,-0.8660254037844384,-0.5000000000000004,21.94,63.13,0.0,0.0,32373.21663
19051.55925,15273.70787,34325.26712,-0.8660254037844384,-0.5000000000000004,23.02,45.09,0.0,0.0,34986.90265
20968.87967,12868.08511,33836.964779999995,0.0,1.0,20.82,66.7,0.0,0.0,26695.14223
17219.00826,9212.53012,26431.538379999998,0.7071067811865475,0.7071067811865476,16.88,68.72,1.120000000000001,0.0,21470.76923
31047.5606,16180.55222,47228.11282,-0.8660254037844386,0.5000000000000001,14.4,61.75,3.5999999999999996,0.0,37846.38783
27112.14361,30659.81191,57771.95552,0.0,1.0,23.4,60.39,0.0,0.0,37756.44839
15614.58967,15643.37349,31257.96316,0.25881904510252074,0.9659258262890683,15.02,84.8,2.9800000000000004,0.0,25160.50633
17292.92503,13169.15361,30462.07864,0.8660254037844387,-0.49999999999999983,24.59,91.6,0.0,0.5899999999999999,28224.63929
21618.29268,15869.03226,37487.32494,-0.7071067811865471,-0.7071067811865479,15.12,83.8,2.880000000000001,0.0,33922.7234
32760.75949,29854.39331,62615.152799999996,-0.8660254037844384,-0.5000000000000004,32.55,36.08,0.0,8.549999999999997,40237.07641
22498.1289,18739.2,41237.3289,-0.7071067811865471,-0.7071067811865479,23.7,62.66,0.0,0.0,34140.39735
13823.70821,10524.30151,24348.009720000002,0.8660254037844387,-0.49999999999999983,10.13,84.2,7.869999999999999,0.0,22460.33898
23119.33472,23081.35385,46200.68857,0.49999999999999994,0.8660254037844387,19.37,86.3,0.0,0.0,38565.29801
12089.16409,12814.25101,24903.4151,0.9659258262890683,0.25881904510252074,20.07,54.94,0.0,0.0,20635.27869
17747.04684,22062.54545,39809.59229,-0.25881904510252157,0.9659258262890681,14.9,87.6,3.0999999999999996,0.0,32712.33584
30387.13693,17548.44985,47935.58678,-0.9659258262890684,0.2588190451025203,19.39,78.5,0.0,0.0,39513.34792
18204.33437,11933.92713,30138.2615,0.9659258262890683,-0.25881904510252063,14.72,68.9,3.2799999999999994,0.0,25885.37705
23190.87137,12652.15805,35843.02942,1.2246467991473532e-16,-1.0,22.84,68.37,0.0,0.0,36437.98687
23992.56966,23990.2834,47982.85306,-0.5000000000000004,0.8660254037844384,19.37,63.68,0.0,0.0,40074.4918
24801.26582,28733.72385,53534.989669999995,0.49999999999999994,-0.8660254037844387,31.19,48.38,0.0,7.190000000000001,36071.7608
26286.58537,25681.93548,51968.52085,-0.8660254037844386,0.5000000000000001,11.91,78.3,6.09,0.0,44290.7234
23818.25726,12541.2766,36359.533859999996,0.258819045102521,-0.9659258262890682,23.25,58.46,0.0,0.0,36608.14004
26525.31646,28360.16736,54885.483819999994,-0.7071067811865471,-0.7071067811865479,29.05,58.76,0.0,5.050000000000001,38361.72757
35631.81818,16684.33735,52316.15553,-0.9659258262890683,-0.25881904510252063,17.88,68.15,0.120000000000001,0.0,41575.38462
16285.89212,12593.79939,28879.69151,0.25881904510252074,0.9659258262890683,18.5,80.2,0.0,0.0,27558.51204
15144.19552,18146.90909,33291.10461,-0.8660254037844384,-0.5000000000000004,16.13,80.7,1.870000000000001,0.0,29277.41658
17972.38417,7525.570228,25497.954398,0.9659258262890683,-0.25881904510252063,13.14,56.74,4.859999999999999,0.0,22923.19392
29904.54545,21443.85542,51348.40087,-0.7071067811865477,0.7071067811865474,14.9,85.2,3.0999999999999996,0.0,36412.30769
19167.05385,21126.01881,40293.072660000005,0.8660254037844386,0.5000000000000001,24.24,92.7,0.0,0.23999999999999844,28652.96337
16323.23651,11899.33131,28222.56782,0.8660254037844386,0.5000000000000001,20.72,64.07,0.0,0.0,26216.19256
18675.93361,11117.32523,29793.258840000002,0.8660254037844387,-0.49999999999999983,16.64,78.5,1.3599999999999994,0.0,27804.28884
26019.5122,25345.16129,51364.67349,-0.7071067811865477,0.7071067811865474,15.15,82.6,2.8499999999999996,0.0,43322.55319
16286.07069,13461.57303,29747.64372,0.49999999999999994,0.8660254037844387,21.36,65.76,0.0,0.0,27436.46018
25146.83544,31957.15481,57103.99025,0.0,1.0,25.64,54.35,0.0,1.6400000000000006,36422.59136
17932.78008,11006.44377,28939.223850000002,0.8660254037844386,0.5000000000000001,20.02,75.2,0.0,0.0,23594.5733
25589.18919,25657.10769,51246.29688,-0.5000000000000004,0.8660254037844384,20.48,85.6,0.0,0.0,44846.62252
25834.65046,26145.54217,51980.192630000005,-0.9659258262890684,0.2588190451025203,11.8,80.0,6.199999999999999,0.0,40775.6962
20705.49898,18490.18182,39195.6808,-0.4999999999999998,-0.8660254037844388,20.06,63.6,0.0,0.0,34448.39612
34350.41424,16007.68307,50358.09731,-1.0,-1.8369701987210297e-16,16.4,74.9,1.6000000000000014,0.0,40687.45247
13666.80244,15662.54545,29329.347889999997,0.9659258262890683,0.25881904510252074,14.75,85.8,3.25,0.0,24050.63509
25330.97713,26348.30769,51679.28482,0.25881904510252074,0.9659258262890683,20.01,85.2,0.0,0.0,41006.62252
21654.71125,16788.43373,38443.14498,-0.4999999999999998,-0.8660254037844388,17.9,55.43,0.10000000000000142,0.0,32299.74684
24103.5343,14520.61287,38624.14717,-0.2588190451025208,-0.9659258262890683,23.8,62.59,0.0,0.0,33776.28319
20137.27088,17856.0,37993.27088,-0.7071067811865471,-0.7071067811865479,20.64,64.56,0.0,0.0,33815.97417
17511.2462,17268.42211,34779.66831,0.0,1.0,15.28,64.72,2.7200000000000006,0.0,27854.23729
18703.86965,21056.0,39759.86965,-1.0,-1.8369701987210297e-16,13.75,86.8,4.25,0.0,34119.78471
28507.59494,34065.94142,62573.53636,-0.25881904510252157,0.9659258262890681,24.51,57.03,0.0,0.5100000000000016,37341.12957
19591.46341,15572.90323,35164.36664,-0.9659258262890683,-0.25881904510252063,15.89,57.43,2.1099999999999994,0.0,31876.08511
20012.62729,18146.90909,38159.536380000005,-0.7071067811865471,-0.7071067811865479,15.74,85.0,2.26,0.0,33400.55974
13674.16413,14475.18072,28149.34485,0.7071067811865475,0.7071067811865476,4.385,79.9,13.615,0.0,22432.40506
23657.14286,22773.70854,46430.8514,-0.5000000000000004,0.8660254037844384,15.09,66.62,2.91,0.0,36512.54237
26451.06383,25633.44724,52084.51107,-0.8660254037844386,0.5000000000000001,10.67,82.1,7.33,0.0,43566.10169
23202.53165,27992.63598,51195.167629999996,-0.7071067811865471,-0.7071067811865479,27.83,66.4,0.0,3.8299999999999983,40683.58804
22652.34735,11835.77431,34488.121660000004,0.0,1.0,12.84,53.77,5.16,0.0,25648.6692
13754.78615,17623.27273,31378.05888,0.25881904510252074,0.9659258262890683,13.57,84.2,4.43,0.0,25346.48009
14038.90578,14521.44578,28560.35156,0.9659258262890683,0.25881904510252074,10.14,75.3,7.859999999999999,0.0,22699.74684
22512.42712,9346.458583,31858.885703,1.2246467991473532e-16,-1.0,18.42,54.87,0.0,0.0,30107.98479
22586.15071,27397.81818,49983.968890000004,-0.7071067811865477,0.7071067811865474,16.47,51.05,1.5300000000000011,0.0,42731.88375
21072.09776,18193.45455,39265.55231,-0.4999999999999998,-0.8660254037844388,21.17,45.48,0.0,0.0,34200.38751
21450.31185,13944.02451,35394.33636,-0.9659258262890683,-0.25881904510252063,23.51,80.5,0.0,0.0,34674.69027
26143.03534,27777.96923,53921.00457,-0.5000000000000004,0.8660254037844384,22.78,75.7,0.0,0.0,46728.47682
18842.55319,14680.76382,33523.31701,0.49999999999999994,-0.8660254037844387,13.63,68.93,4.369999999999999,0.0,30691.52542
13920.74303,13653.76518,27574.50821,0.8660254037844386,0.5000000000000001,18.44,84.2,0.0,0.0,23102.95082
27956.07181,30665.83072,58621.90253000001,-0.25881904510252157,0.9659258262890681,21.52,68.49,0.0,0.0,39987.56937
19975.96741,18059.63636,38035.60377,-0.8660254037844384,-0.5000000000000004,22.31,37.04,0.0,0.0,32203.91819
21955.50936,22756.43077,44711.94013,0.0,1.0,20.43,84.6,0.0,0.0,38272.84768
27573.41772,33752.63598,61326.053700000004,-0.25881904510252157,0.9659258262890681,27.36,31.91,0.0,3.3599999999999994,40989.76744
13998.78419,11288.44221,25287.2264,0.8660254037844387,-0.49999999999999983,7.95,77.1,10.05,0.0,23595.25424
22475.60601,9571.188475,32046.794485,-0.4999999999999998,-0.8660254037844388,16.88,61.81,1.120000000000001,0.0,28800.0
20185.85005,19121.75549,39307.605540000004,0.9659258262890683,-0.25881904510252063,24.25,89.5,0.0,0.25,28435.60488
18337.97468,22491.71548,40829.69016,0.7071067811865475,0.7071067811865476,24.13,84.9,0.0,0.129999999999999,28519.33555
27299.17153,11933.73349,39232.90502,-0.9659258262890683,-0.25881904510252063,20.18,27.6,0.0,0.0,33131.55894
31808.67769,17441.92771,49250.6054,-0.9659258262890683,-0.25881904510252063,22.29,57.94,0.0,0.0,38332.30769
18729.88384,19555.10972,38284.99356,0.8660254037844386,0.5000000000000001,19.81,46.82,0.0,0.0,28435.60488
23762.19512,25472.90323,49235.09835,-0.9659258262890684,0.2588190451025203,12.92,80.6,5.08,0.0,43114.21277
19218.98734,22672.46862,41891.45596,0.49999999999999994,0.8660254037844387,24.23,86.2,0.0,0.23000000000000043,29061.52824
11335.23422,11997.09091,23332.32513,1.0,6.123233995736766e-17,13.74,89.8,4.26,0.0,22010.76426
16158.83576,15856.24615,32015.08191,0.8660254037844386,0.5000000000000001,17.86,68.85,0.14000000000000057,0.0,25761.0596
31655.30146,16809.31563,48464.61709,-0.8660254037844386,0.5000000000000001,20.92,78.7,0.0,0.0,46526.0177
27523.90852,27370.33846,54894.246979999996,-0.7071067811865477,0.7071067811865474,19.91,53.58,0.0,0.0,44134.56954
15399.3921,16637.42714,32036.819239999997,0.25881904510252074,0.9659258262890683,13.66,75.6,4.34,0.0,26054.23729
20153.16456,21039.66527,41192.82983,0.9659258262890683,-0.25881904510252063,22.71,51.59,0.0,0.0,29195.48173
21234.14634,16304.51613,37538.662469999996,-0.4999999999999998,-0.8660254037844388,15.41,59.21,2.59,0.0,34486.46809
20852.27964,15103.35678,35955.63642,-0.4999999999999998,-0.8660254037844388,15.31,43.99,2.6899999999999995,0.0,33071.18644
13812.47401,11996.56793,25809.04194,0.8660254037844387,-0.49999999999999983,15.73,73.7,2.2699999999999996,0.0,26200.35398
26623.17073,24497.41935,51120.59008,-1.0,-1.8369701987210297e-16,16.34,68.74,1.6600000000000001,0.0,43285.78723
21380.4878,16472.90323,37853.39103,0.258819045102521,-0.9659258262890682,17.06,47.76,0.9400000000000013,0.0,36324.76596
27101.0395,25485.78462,52586.82412,-0.9659258262890684,0.2588190451025203,28.2,29.15,0.0,4.199999999999999,43193.64238
21617.67413,8562.785114,30180.459243999998,0.7071067811865476,-0.7071067811865475,7.13,84.3,10.870000000000001,0.0,27011.40684
15477.80041,12328.72727,27806.52768,0.9659258262890683,-0.25881904510252063,14.33,85.7,3.67,0.0,24478.44995
18477.81155,18153.25301,36631.06456,0.0,1.0,12.29,75.1,5.710000000000001,0.0,28052.65823
22678.12212,10412.48499,33090.60711,-0.8660254037844384,-0.5000000000000004,16.53,63.65,1.4699999999999989,0.0,29000.76046
27453.82019,9162.064826,36615.885016,1.2246467991473532e-16,-1.0,13.34,60.03,4.66,0.0,31744.48669
29742.76663,31562.63323,61305.39986,-0.8660254037844386,0.5000000000000001,24.51,80.6,0.0,0.5100000000000016,48407.01443
27792.60824,28047.6489,55840.25714,-0.5000000000000004,0.8660254037844384,25.62,80.2,0.0,1.620000000000001,44341.13208
15646.43585,12421.81818,28068.25403,0.9659258262890683,-0.25881904510252063,10.76,78.4,7.24,0.0,25135.67277
21079.74684,25058.41004,46138.156879999995,0.25881904510252074,0.9659258262890683,24.89,84.6,0.0,0.8900000000000006,32219.00332
12504.68432,14853.81818,27358.502500000002,0.7071067811865476,-0.7071067811865475,14.43,89.8,3.5700000000000003,0.0,27609.55867
18995.4262,22939.56923,41934.99543,-0.8660254037844384,-0.5000000000000004,27.66,55.7,0.0,3.66,34820.66225
15155.92516,12090.7048,27246.62996,0.49999999999999994,0.8660254037844387,18.82,87.3,0.0,0.0,26620.88496
22425.61983,15232.77108,37658.39091,-0.25881904510252157,0.9659258262890681,18.42,67.98,0.0,0.0,28449.23077
29957.67635,18995.74468,48953.42103,-1.0,-1.8369701987210297e-16,21.18,77.4,0.0,0.0,46155.62363
15377.5076,17447.71084,32825.21844,-0.2588190451025208,-0.9659258262890683,13.52,63.57,4.48,0.0,36388.86076
13396.90402,15052.95547,28449.859490000003,0.7071067811865475,0.7071067811865476,16.55,72.3,1.4499999999999993,0.0,23304.39344
22029.11392,27390.12552,49419.239440000005,0.49999999999999994,0.8660254037844387,27.9,52.68,0.0,3.8999999999999986,32378.47176
15444.07484,10649.23391,26093.30875,0.9659258262890683,0.25881904510252074,21.11,93.3,0.0,0.0,24957.87611
28201.28874,15005.04202,43206.33076,-0.8660254037844386,0.5000000000000001,15.62,73.5,2.380000000000001,0.0,35023.57414
29659.13411,31496.42633,61155.56044,-0.7071067811865477,0.7071067811865474,24.01,84.6,0.0,0.010000000000001563,47997.86903
23643.24324,14238.20225,37881.44549,0.49999999999999994,-0.8660254037844387,24.98,42.88,0.0,0.9800000000000004,37216.99115
22220.06079,16302.6506,38522.71139,-0.7071067811865471,-0.7071067811865479,11.82,64.01,6.18,0.0,35161.51899
22264.55696,28004.68619,50269.24315,0.25881904510252074,0.9659258262890683,25.11,83.2,0.0,1.1099999999999994,28379.00332
23067.49226,17256.68016,40324.17242,0.258819045102521,-0.9659258262890682,18.09,75.2,0.0,0.0,36121.18033
12318.29268,14010.96774,26329.26042,0.7071067811865475,0.7071067811865476,12.28,63.42,5.720000000000001,0.0,22402.7234
15700.3096,14878.05668,30578.366280000002,0.7071067811865475,0.7071067811865476,16.27,88.7,1.7300000000000004,0.0,26187.54098
22026.61123,14161.71604,36188.327269999994,-0.9659258262890683,-0.25881904510252063,24.06,60.22,0.0,0.05999999999999872,36229.38053
22965.90437,22638.27692,45604.18129,0.0,1.0,19.8,85.9,0.0,0.0,36200.2649
14886.58537,10898.70968,25785.29505,0.9659258262890683,-0.25881904510252063,9.63,88.8,8.37,0.0,23714.04255
33507.2108,16387.9952,49895.206000000006,-0.8660254037844386,0.5000000000000001,13.41,59.48,4.59,0.0,39203.04183
16368.29268,11038.06452,27406.3572,0.9659258262890683,-0.25881904510252063,14.14,84.6,3.8599999999999994,0.0,25809.70213
26634.05573,25307.85425,51941.90998,-0.8660254037844386,0.5000000000000001,20.22,45.94,0.0,0.0,44355.14754
18677.33888,10372.70684,29050.045720000002,0.8660254037844387,-0.49999999999999983,18.71,85.0,0.0,0.0,28876.46018
23356.283,24213.66771,47569.950710000005,0.25881904510252074,0.9659258262890683,27.39,71.5,0.0,3.3900000000000006,31740.73252
12793.90244,14098.06452,26891.966959999998,0.8660254037844386,0.5000000000000001,9.74,62.12,8.26,0.0,22892.93617
20747.56098,16037.41935,36784.98033,-0.2588190451025208,-0.9659258262890683,20.25,48.03,0.0,0.0,33775.65957
21731.30699,17644.70352,39376.01051,-0.9659258262890683,-0.25881904510252063,14.54,72.7,3.460000000000001,0.0,33534.91525
13616.09907,10202.42915,23818.52822,1.0,6.123233995736766e-17,19.11,71.2,0.0,0.0,21453.63934
24401.21581,25734.93976,50136.15557,-1.0,-1.8369701987210297e-16,13.79,66.74,4.210000000000001,0.0,39682.02532
22131.26935,18667.53036,40798.79971,-1.0,-1.8369701987210297e-16,20.15,78.6,0.0,0.0,35542.03279
17323.33685,15498.4326,32821.76945,1.0,6.123233995736766e-17,24.19,89.5,0.0,0.19000000000000128,25980.73252
25905.80913,18394.65046,44300.45959,-0.7071067811865477,0.7071067811865474,20.42,79.7,0.0,0.0,42639.12473
20203.03951,16256.38554,36459.42505,-0.8660254037844384,-0.5000000000000004,16.3,69.26,1.6999999999999993,0.0,31522.02532
12354.37882,14411.63636,26766.015180000002,0.9659258262890683,0.25881904510252074,11.57,79.1,6.43,0.0,21985.9634
20064.20275,16467.46082,36531.663570000004,-0.7071067811865471,-0.7071067811865479,30.46,42.45,0.0,6.460000000000001,34259.53385
29111.72122,31129.279,60241.00022,-1.0,-1.8369701987210297e-16,30.27,65.22,0.0,6.27,39495.31632
15866.94387,19678.52308,35545.46695,0.7071067811865475,0.7071067811865476,20.03,89.5,0.0,0.0,25246.09272
25877.87665,9467.466987,35345.343637,-0.4999999999999998,-0.8660254037844388,16.3,58.34,1.6999999999999993,0.0,30771.10266
13849.24012,14466.57286,28315.812980000002,0.49999999999999994,0.8660254037844387,12.48,75.9,5.52,0.0,23393.89831
14815.80547,14966.74699,29782.55246,0.9659258262890683,0.25881904510252074,10.91,85.8,7.09,0.0,22572.1519
14480.65173,16768.0,31248.651729999998,0.25881904510252074,0.9659258262890683,12.54,72.7,5.460000000000001,0.0,25730.89343
23965.07277,17950.72523,41915.797999999995,-0.5000000000000004,0.8660254037844384,25.98,53.92,0.0,1.9800000000000004,41122.83186
19766.32017,17944.84168,37711.161850000004,0.0,1.0,22.1,74.1,0.0,0.0,34152.21239
13946.34146,14812.25806,28758.59952,0.25881904510252074,0.9659258262890683,10.54,64.52,7.460000000000001,0.0,24571.91489
20210.59063,18391.27273,38601.86336,-0.7071067811865471,-0.7071067811865479,24.44,38.54,0.0,0.4400000000000013,33171.15178
18524.38017,10594.6988,29119.078970000002,0.49999999999999994,-0.8660254037844387,12.45,77.4,5.550000000000001,0.0,26627.69231
24543.03797,25962.17573,50505.2137,0.8660254037844387,-0.49999999999999983,25.73,59.0,0.0,1.7300000000000004,33832.82392
18587.23404,13925.78313,32513.01717,0.7071067811865476,-0.7071067811865475,10.48,87.0,7.52,0.0,24771.64557
26336.64203,25309.09091,51645.73294,0.49999999999999994,-0.8660254037844387,27.28,51.65,0.0,3.280000000000001,36701.62042
25296.69421,10317.10843,35613.80264,0.258819045102521,-0.9659258262890682,20.95,48.57,0.0,0.0,31809.23077
22408.31601,19341.78462,41750.10063,-0.8660254037844384,-0.5000000000000004,23.33,68.84,0.0,0.0,35132.18543
13378.7234,13250.89447,26629.617870000002,0.7071067811865476,-0.7071067811865475,7.32,57.66,10.68,0.0,23180.33898
21939.20973,16643.85542,38583.065149999995,1.2246467991473532e-16,-1.0,12.41,57.98,5.59,0.0,35216.20253
20243.96285,19903.48178,40147.44463,-0.25881904510252157,0.9659258262890681,18.21,87.7,0.0,0.0,33590.55738
22107.39491,8320.768307,30428.163217,0.7071067811865476,-0.7071067811865475,18.52,49.47,0.0,0.0,28422.81369
23908.53659,25902.58065,49811.11724,-0.7071067811865477,0.7071067811865474,14.53,78.4,3.4700000000000006,0.0,42097.02128
18629.26829,13401.29032,32030.55861,0.7071067811865476,-0.7071067811865475,12.85,84.4,5.15,0.0,26630.80851
11895.97523,10756.2753,22652.250529999998,0.9659258262890683,0.25881904510252074,16.88,90.8,1.120000000000001,0.0,20736.0
19245.56962,20539.58159,39785.151209999996,0.8660254037844386,0.5000000000000001,23.54,59.95,0.0,0.0,29272.02658
14128.79257,10680.48583,24809.2784,1.0,6.123233995736766e-17,14.19,89.5,3.8100000000000005,0.0,23342.16393
28952.47934,20032.77108,48985.25042,-0.9659258262890684,0.2588190451025203,19.16,65.14,0.0,0.0,36972.30769
17985.06224,9483.282675,27468.344915,0.9659258262890683,-0.25881904510252063,18.85,63.59,0.0,0.0,28730.67834
13316.71733,14837.06533,28153.782659999997,0.49999999999999994,0.8660254037844387,11.88,80.8,6.119999999999999,0.0,23491.52542
24139.38754,20638.4953,44777.88284,0.8660254037844387,-0.49999999999999983,26.29,64.49,0.0,2.289999999999999,31056.69256
24131.78458,22522.38245,46654.16703,-0.8660254037844384,-0.5000000000000004,26.35,68.62,0.0,2.3500000000000014,38325.4162
26193.361,11234.04255,37427.40355,-0.8660254037844384,-0.5000000000000004,17.12,77.7,0.879999999999999,0.0,31484.63895
21122.18845,17812.04819,38934.23664,-0.9659258262890683,-0.25881904510252063,13.37,47.96,4.630000000000001,0.0,32755.44304
22581.15502,22051.08434,44632.23936,-0.5000000000000004,0.8660254037844384,8.72,84.0,9.28,0.0,33654.68354
19534.85477,14274.52888,33809.38365,-0.9659258262890683,-0.25881904510252063,22.55,68.97,0.0,0.0,34875.09847
25697.99366,23377.05329,49075.04695,0.7071067811865476,-0.7071067811865475,28.23,36.51,0.0,4.23,35244.03996
13820.77393,15127.27273,28948.04666,0.8660254037844386,0.5000000000000001,13.73,81.3,4.27,0.0,23337.61033
30109.09091,16568.6747,46677.76561,-0.7071067811865477,0.7071067811865474,19.56,76.7,0.0,0.0,37760.0
16840.86687,15665.10121,32505.968080000002,0.7071067811865475,0.7071067811865476,16.22,91.0,1.7800000000000011,0.0,26678.55738
25605.3719,10016.38554,35621.75744,0.258819045102521,-0.9659258262890682,19.06,52.12,0.0,0.0,30916.92308
14070.73171,13163.22581,27233.95752,0.49999999999999994,0.8660254037844387,12.45,64.59,5.550000000000001,0.0,23272.85106
22520.16293,28334.54545,50854.70838,-0.7071067811865477,0.7071067811865474,13.43,82.7,4.57,0.0,42521.07643
23168.38906,22693.01205,45861.401110000006,-0.5000000000000004,0.8660254037844384,10.63,72.5,7.369999999999999,0.0,36571.13924
20820.73171,15932.90323,36753.63494,0.258819045102521,-0.9659258262890682,13.57,86.2,4.43,0.0,33702.12766
14549.68815,11720.86154,26270.54969,0.9659258262890683,0.25881904510252074,19.32,57.28,0.0,0.0,22722.11921
20596.96049,21257.00503,41853.96552,-0.25881904510252157,0.9659258262890681,11.6,77.7,6.4,0.0,33846.10169
26665.28926,17615.42169,44280.71095,-0.9659258262890683,-0.25881904510252063,18.99,75.1,0.0,0.0,34393.84615
22298.78049,16525.16129,38823.94178,-0.4999999999999998,-0.8660254037844388,21.08,61.15,0.0,0.0,32004.76596
16256.96203,18472.97071,34729.932740000004,1.0,6.123233995736766e-17,25.21,82.0,0.0,1.2100000000000009,25719.06977
18995.66563,13088.25911,32083.924740000002,0.8660254037844387,-0.49999999999999983,17.85,82.5,0.14999999999999858,0.0,27509.5082
19912.8567,10487.39496,30400.25166,0.0,1.0,13.33,85.8,4.67,0.0,24371.10266
24824.05063,27137.07113,51961.12176,0.8660254037844387,-0.49999999999999983,24.89,60.23,0.0,0.8900000000000006,34183.65449
16833.43653,11164.37247,27997.809,0.9659258262890683,-0.25881904510252063,14.88,67.63,3.119999999999999,0.0,24601.18033
27509.05186,10919.56783,38428.61969,-0.4999999999999998,-0.8660254037844388,15.83,53.62,2.17,0.0,33715.58935
25028.04878,24793.54839,49821.59717,-0.7071067811865477,0.7071067811865474,14.67,83.6,3.33,0.0,41416.85106
17602.06612,10299.75904,27901.82516,0.25881904510252074,0.9659258262890683,10.73,84.0,7.27,0.0,23433.84615
17863.14678,16274.85893,34138.00571,0.49999999999999994,0.8660254037844387,24.08,92.4,0.0,0.0799999999999983,27866.63707
27142.55544,30154.23197,57296.787410000004,-0.25881904510252157,0.9659258262890681,22.81,64.22,0.0,0.0,38024.95006
10627.85863,10025.57712,20653.43575,1.0,6.123233995736766e-17,14.52,74.4,3.4800000000000004,0.0,21313.27434
16065.56017,12366.20061,28431.76078,0.49999999999999994,0.8660254037844387,16.65,80.2,1.3500000000000014,0.0,27287.52735
30383.40249,20028.69301,50412.095499999996,-0.9659258262890684,0.2588190451025203,24.33,56.89,0.0,0.3299999999999983,44743.98249
13721.79226,18664.72727,32386.519529999998,0.0,1.0,13.88,87.7,4.119999999999999,0.0,26884.13348
28461.9195,26928.583,55390.5025,-0.7071067811865477,0.7071067811865474,19.49,83.8,0.0,0.0,47187.93443
25760.99071,24812.30769,50573.2984,-0.7071067811865477,0.7071067811865474,19.09,86.1,0.0,0.0,42982.81967
17162.31973,9490.516206,26652.835936,0.49999999999999994,0.8660254037844387,16.32,69.06,1.6799999999999997,0.0,21901.14068
26181.81818,10548.43373,36730.25191,1.2246467991473532e-16,-1.0,19.35,53.78,0.0,0.0,32633.84615
19444.56177,20343.57367,39788.13544,0.8660254037844386,0.5000000000000001,25.25,91.9,0.0,1.25,28557.06992
18408.51064,14226.50602,32635.01666,0.49999999999999994,-0.8660254037844387,16.08,71.2,1.9200000000000017,0.0,30416.20253
18320.97264,17447.71084,35768.68348,0.0,1.0,8.49,76.9,9.51,0.0,28362.53165
25173.80457,24741.41538,49915.21995,-0.25881904510252157,0.9659258262890681,20.97,86.5,0.0,0.0,40396.29139
13057.75076,13833.25301,26891.003770000003,0.8660254037844386,0.5000000000000001,18.11,41.89,0.0,0.0,21915.94937
21721.64731,18947.21003,40668.85734,0.8660254037844387,-0.49999999999999983,20.81,73.1,0.0,0.0,32840.31077
15789.66565,14486.74699,30276.412640000002,1.0,6.123233995736766e-17,13.2,85.7,4.800000000000001,0.0,25367.08861
21413.03462,18891.63636,40304.670979999995,-0.2588190451025208,-0.9659258262890683,15.87,83.3,2.130000000000001,0.0,34956.81378
13155.41796,11292.63158,24448.04954,0.9659258262890683,0.25881904510252074,17.77,68.72,0.23000000000000043,0.0,21101.11475
16936.36364,11976.86747,28913.23111,0.8660254037844386,0.5000000000000001,17.99,70.6,0.010000000000001563,0.0,22073.84615
24693.00912,24915.61809,49608.62721,-0.7071067811865477,0.7071067811865474,9.22,87.9,8.78,0.0,40869.15254
18827.96353,18478.31156,37306.275089999996,-0.25881904510252157,0.9659258262890681,13.37,66.89,4.630000000000001,0.0,30740.33898
21323.07692,24280.61538,45603.692299999995,0.0,1.0,21.83,68.38,0.0,0.0,39976.68874
13207.43034,15431.90283,28639.33317,0.7071067811865475,0.7071067811865476,17.6,80.7,0.3999999999999986,0.0,27081.44262
23107.59494,25287.36402,48394.95896,-0.9659258262890683,-0.25881904510252063,30.58,49.02,0.0,6.579999999999998,35478.53821
22371.95122,17256.77419,39628.72541,-0.7071067811865471,-0.7071067811865479,18.47,47.56,0.0,0.0,36288.0
13996.74134,16296.72727,30293.46861,0.9659258262890683,0.25881904510252074,15.17,70.3,2.83,0.0,24205.64047
34162.62657,16376.47059,50539.097160000005,-1.0,-1.8369701987210297e-16,13.1,66.67,4.9,0.0,40079.08745
18566.42027,20475.98746,39042.40773,0.8660254037844386,0.5000000000000001,24.2,92.9,0.0,0.1999999999999993,28039.24528
28092.92503,26272.10031,54365.02534,0.258819045102521,-0.9659258262890682,27.56,69.17,0.0,3.5599999999999987,40709.9667
13203.71517,15047.12551,28250.84068,0.7071067811865475,0.7071067811865476,16.75,71.4,1.25,0.0,23153.31148
16841.97607,9484.753902,26326.729972,0.9659258262890683,0.25881904510252074,7.23,89.8,10.77,0.0,21730.79848
13572.03647,14009.24623,27581.2827,0.9659258262890683,0.25881904510252074,15.44,61.52,2.5600000000000005,0.0,22539.66102
13947.72036,14307.46988,28255.19024,0.49999999999999994,0.8660254037844387,13.26,84.1,4.74,0.0,21666.83544
21523.01426,18106.18182,39629.19608,0.258819045102521,-0.9659258262890682,21.27,41.15,0.0,0.0,36147.25511
17847.19239,10049.45978,27896.65217,0.49999999999999994,0.8660254037844387,8.1,78.0,9.9,0.0,22229.65779
18833.99816,7341.176471,26175.174630999998,0.7071067811865476,-0.7071067811865475,11.67,79.3,6.33,0.0,24693.53612
19418.73727,16005.81818,35424.55545,0.7071067811865476,-0.7071067811865475,17.12,60.94,0.879999999999999,0.0,32885.94187
20588.18737,24884.36364,45472.551009999996,-0.5000000000000004,0.8660254037844384,15.1,58.53,2.9000000000000004,0.0,38404.13348
21132.91139,24510.12552,45643.03691,0.25881904510252074,0.9659258262890683,20.79,72.0,0.0,0.0,32078.6711
21282.67477,15828.43373,37111.1085,-0.8660254037844384,-0.5000000000000004,15.25,68.21,2.75,0.0,32232.91139
22518.6722,12798.05471,35316.72691,-0.8660254037844384,-0.5000000000000004,21.23,66.14,0.0,0.0,34081.05033
25636.92946,17881.09422,43518.02368,-0.9659258262890683,-0.25881904510252063,22.11,71.4,0.0,0.0,40112.03501
21162.82999,20488.02508,41650.85507,0.8660254037844386,0.5000000000000001,24.48,57.52,0.0,0.4800000000000004,29042.93008
26612.65823,28775.89958,55388.55781,-0.9659258262890683,-0.25881904510252063,33.04,26.01,0.0,9.04,39407.84053
14524.01216,16950.36145,31474.373610000002,-0.9659258262890683,-0.25881904510252063,13.64,58.96,4.359999999999999,0.0,32694.68354
14874.16413,15550.84337,30425.0075,0.25881904510252074,0.9659258262890683,9.83,84.7,8.17,0.0,24966.07595
27621.20582,19056.8335,46678.039319999996,-1.0,-1.8369701987210297e-16,23.33,64.09,0.0,0.0,45710.44248
17243.50581,16485.51724,33729.02305,0.9659258262890683,-0.25881904510252063,21.88,66.52,0.0,0.0,26223.6626
21759.49367,28757.82427,50517.31794,0.25881904510252074,0.9659258262890683,25.34,85.6,0.0,1.3399999999999999,32295.54817
11474.77204,12683.57789,24158.34993,0.9659258262890683,-0.25881904510252063,6.533,56.66,11.466999999999999,0.0,19360.67797
22834.17722,31908.95397,54743.13119,-0.7071067811865471,-0.7071067811865479,32.13,34.55,0.0,8.130000000000003,34464.31894
16470.73171,16861.93548,33332.66719,0.0,1.0,11.46,83.1,6.539999999999999,0.0,28125.95745
25441.46341,25054.83871,50496.30212,-0.9659258262890684,0.2588190451025203,17.96,82.0,0.03999999999999915,0.0,43359.31915
17600.49095,10562.30492,28162.79587,0.25881904510252074,0.9659258262890683,10.0,89.0,8.0,0.0,22631.17871
25564.89721,9553.901561,35118.798771,0.258819045102521,-0.9659258262890682,13.31,47.76,4.6899999999999995,0.0,30917.11027
15909.18691,16473.47962,32382.66653,0.9659258262890683,0.25881904510252074,23.14,80.5,0.0,0.0,25373.40733
29365.28926,17447.71084,46813.000100000005,-0.8660254037844386,0.5000000000000001,19.77,68.31,0.0,0.0,36553.84615
29157.33897,30419.05956,59576.398530000006,-0.7071067811865477,0.7071067811865474,24.31,83.3,0.0,0.3099999999999987,47518.40178
17281.49688,13614.54545,30896.042329999997,0.7071067811865476,-0.7071067811865475,20.17,65.13,0.0,0.0,30169.9115
19807.43802,7749.39759,27556.835610000002,0.8660254037844387,-0.49999999999999983,15.39,64.73,2.6099999999999994,0.0,24689.23077
24178.37838,24292.43077,48470.80915,0.25881904510252074,0.9659258262890683,20.18,72.8,0.0,0.0,39785.96026
14097.26444,14822.16867,28919.433109999998,0.49999999999999994,0.8660254037844387,9.86,73.2,8.14,0.0,22942.78481
18940.90909,11762.89157,30703.80066,0.8660254037844387,-0.49999999999999983,16.61,85.2,1.3900000000000006,0.0,24049.23077
17882.92683,17425.16129,35308.08812,-0.4999999999999998,-0.8660254037844388,19.52,41.15,0.0,0.0,31116.25532
14882.74428,10952.86154,25835.60582,0.9659258262890683,-0.25881904510252063,19.47,74.9,0.0,0.0,23014.56954
22220.43344,22334.5749,44555.00834,0.49999999999999994,0.8660254037844387,20.77,64.21,0.0,0.0,38022.29508
15870.68607,16252.06154,32122.74761,0.8660254037844386,0.5000000000000001,19.95,86.3,0.0,0.0,28990.72848
25722.82158,12261.15502,37983.9766,-0.7071067811865471,-0.7071067811865479,20.79,79.8,0.0,0.0,31484.63895
22436.51452,15692.64438,38129.1589,-0.5000000000000004,0.8660254037844384,20.52,64.69,0.0,0.0,35511.59737
26596.96049,25865.00503,52461.96552,-0.8660254037844386,0.5000000000000001,14.2,74.9,3.8000000000000007,0.0,43889.49153
20232.91139,21196.31799,41429.229380000004,0.9659258262890683,-0.25881904510252063,25.0,77.1,0.0,1.0,29437.87375
23617.02128,25581.34673,49198.368010000006,-1.0,-1.8369701987210297e-16,13.2,81.9,4.800000000000001,0.0,40606.77966
32942.97521,16025.06024,48968.035449999996,-0.8660254037844386,0.5000000000000001,15.8,77.9,2.1999999999999993,0.0,38744.61538
23313.92931,13767.51788,37081.44719,-0.2588190451025208,-0.9659258262890683,26.15,68.23,0.0,2.1499999999999986,37095.9292
20236.25255,20887.27273,41123.52528,-1.0,-1.8369701987210297e-16,23.3,47.31,0.0,0.0,36048.05167
18054.98982,18490.18182,36545.17164,-1.0,-1.8369701987210297e-16,17.1,81.1,0.8999999999999986,0.0,32141.91604
27751.89873,29348.28452,57100.18325,-0.7071067811865471,-0.7071067811865479,29.05,58.9,0.0,5.050000000000001,39790.56478
11576.8997,10773.22613,22350.125829999997,0.9659258262890683,-0.25881904510252063,10.59,81.7,7.41,0.0,20513.89831
17963.41463,18865.16129,36828.57592,0.0,1.0,11.59,87.0,6.41,0.0,30907.91489
33657.02479,16071.3253,49728.35009000001,-1.0,-1.8369701987210297e-16,16.71,74.7,1.2899999999999991,0.0,39680.0
17442.14876,10565.78313,28007.93189,0.8660254037844386,0.5000000000000001,11.03,71.1,6.970000000000001,0.0,21316.92308
14571.42857,14914.6988,29486.127370000002,0.49999999999999994,0.8660254037844387,7.63,76.9,10.370000000000001,0.0,23222.27848
16762.02532,18762.17573,35524.20105,0.9659258262890683,0.25881904510252074,23.3,48.82,0.0,0.0,25451.16279
14310.18711,11731.80797,26041.99508,0.9659258262890683,-0.25881904510252063,20.09,75.4,0.0,0.0,26130.26549
14097.26444,15062.83417,29160.09861,0.49999999999999994,0.8660254037844387,13.95,56.17,4.050000000000001,0.0,23717.28814
17172.97297,14850.09193,32023.064899999998,0.49999999999999994,0.8660254037844387,20.16,88.4,0.0,0.0,28602.47788
26962.02532,32433.13808,59395.163400000005,-0.5000000000000004,0.8660254037844384,25.01,83.7,0.0,1.0100000000000016,42578.07309
17912.19512,12443.22581,30355.42093,0.7071067811865476,-0.7071067811865475,10.62,87.0,7.380000000000001,0.0,27880.85106
25125.15593,13343.90194,38469.057870000004,0.258819045102521,-0.9659258262890682,24.15,52.55,0.0,0.14999999999999858,39427.9646
18718.54103,13839.03614,32557.57717,0.7071067811865476,-0.7071067811865475,8.86,80.2,9.14,0.0,29431.89873
12916.84566,6211.764706,19128.610366,0.9659258262890683,-0.25881904510252063,15.49,77.7,2.51,0.0,18561.21673
25371.42857,25465.56784,50836.99641,-0.7071067811865477,0.7071067811865474,12.01,88.3,5.99,0.0,38373.55932
22476.17108,27566.54545,50042.716530000005,-0.8660254037844386,0.5000000000000001,15.81,79.3,2.1899999999999995,0.0,43289.90312
20926.8595,8426.024096,29352.883596,0.8660254037844387,-0.49999999999999983,15.55,78.8,2.4499999999999993,0.0,26135.38462
24525.22796,26113.92965,50639.157609999995,-1.0,-1.8369701987210297e-16,13.03,82.6,4.970000000000001,0.0,42022.37288
16761.33056,15720.36923,32481.69979,0.8660254037844386,0.5000000000000001,15.58,70.2,2.42,0.0,26689.27152
25234.21331,22347.83699,47582.0503,0.49999999999999994,-0.8660254037844387,25.61,44.85,0.0,1.6099999999999994,38683.41842
20305.16717,16013.49398,36318.66115,-0.8660254037844384,-0.5000000000000004,16.4,74.4,1.6000000000000014,0.0,32943.79747
10730.34623,11840.0,22570.34623,0.9659258262890683,-0.25881904510252063,14.23,90.5,3.7699999999999996,0.0,21378.3423
22934.95441,22646.35176,45581.306169999996,-0.5000000000000004,0.8660254037844384,12.74,62.62,5.26,0.0,37269.15254
25378.7234,25619.27711,50998.00051,-0.7071067811865477,0.7071067811865474,13.59,71.0,4.41,0.0,41984.81013
12589.00204,16704.0,29293.00204,0.8660254037844386,0.5000000000000001,13.44,90.5,4.5600000000000005,0.0,25532.48654
13476.17108,15906.90909,29383.08017,0.7071067811865475,0.7071067811865476,15.76,85.6,2.24,0.0,24280.04306
15756.03715,15000.48583,30756.52298,0.49999999999999994,0.8660254037844387,15.52,84.0,2.4800000000000004,0.0,25746.88525
17416.41337,12440.44221,29856.855579999996,0.7071067811865476,-0.7071067811865475,13.26,63.12,4.74,0.0,27237.9661
13725.45825,16116.36364,29841.82189,0.25881904510252074,0.9659258262890683,12.7,69.1,5.300000000000001,0.0,24577.65339
30816.4557,25456.06695,56272.52265,0.7071067811865476,-0.7071067811865475,26.87,55.86,0.0,2.870000000000001,37092.3588
24773.24333,12619.44778,37392.69111,-0.25881904510252157,0.9659258262890681,9.71,80.6,8.29,0.0,29049.42966
14756.96203,17141.42259,31898.384619999997,0.8660254037844386,0.5000000000000001,20.58,72.0,0.0,0.0,22893.28904
20621.18126,26222.54545,46843.72671,-0.5000000000000004,0.8660254037844384,14.61,87.0,3.3900000000000006,0.0,38906.35091
13516.49695,15290.18182,28806.67877,0.49999999999999994,0.8660254037844387,13.29,88.6,4.710000000000001,0.0,24323.44456
21973.44398,12774.71125,34748.155230000004,0.258819045102521,-0.9659258262890682,22.73,64.43,0.0,0.0,33898.29322
26510.12658,33740.58577,60250.71235,-0.9659258262890684,0.2588190451025203,27.0,72.8,0.0,3.0,40938.73754
13113.23829,15429.81818,28543.05647,0.7071067811865475,0.7071067811865476,14.4,86.4,3.5999999999999996,0.0,23790.22605
21439.08524,19436.30769,40875.39293,-0.9659258262890683,-0.25881904510252063,24.92,55.94,0.0,0.9200000000000017,37141.19205
28005.49102,29010.65831,57016.14933,-0.25881904510252157,0.9659258262890681,21.53,53.82,0.0,0.0,40709.9667
26204.56432,18803.16109,45007.72541,-0.8660254037844386,0.5000000000000001,20.45,82.9,0.0,0.0,43647.43982
25855.78398,10037.93517,35893.719150000004,-0.2588190451025208,-0.9659258262890683,17.83,57.78,0.1700000000000017,0.0,32571.86312
33706.0448,15500.60024,49206.64504,-1.0,-1.8369701987210297e-16,19.85,28.44,0.0,0.0,40152.09125
22247.40125,23294.03077,45541.43202,0.25881904510252074,0.9659258262890683,19.35,86.4,0.0,0.0,37904.10596
20331.56823,19008.0,39339.568230000004,-0.2588190451025208,-0.9659258262890683,15.46,86.1,2.539999999999999,0.0,34783.20775
20516.71733,16591.80723,37108.52456,-0.7071067811865471,-0.7071067811865479,18.18,65.32,0.0,0.0,34231.89873
26066.73706,28781.94357,54848.68063,0.0,1.0,25.67,88.6,0.0,1.6700000000000017,36746.3707
22726.40333,15709.09091,38435.49424,-0.25881904510252157,0.9659258262890681,21.07,55.65,0.0,0.0,35248.14159
25170.24793,9513.253012,34683.500942,-0.7071067811865471,-0.7071067811865479,18.42,41.98,0.0,0.0,29335.38462
19026.44628,11288.6747,30315.12098,0.0,1.0,13.68,69.45,4.32,0.0,24221.53846
24018.29268,25205.80645,49224.09913,-0.9659258262890684,0.2588190451025203,20.98,59.83,0.0,0.0,47133.95745
15788.35759,12973.238,28761.595589999997,0.49999999999999994,0.8660254037844387,17.19,84.6,0.8099999999999987,0.0,26831.15044
29357.47162,15189.43577,44546.90739,-0.9659258262890683,-0.25881904510252063,15.01,78.5,2.99,0.0,34828.89734
17840.50633,20858.91213,38699.41846,0.9659258262890683,0.25881904510252074,20.71,59.66,0.0,0.0,25821.12957
15399.3808,15571.82186,30971.202660000003,0.49999999999999994,0.8660254037844387,17.54,87.7,0.46000000000000085,0.0,25016.65574
24279.41788,25131.32308,49410.740959999996,0.25881904510252074,0.9659258262890683,18.5,77.5,0.0,0.0,38997.61589
24343.90244,21774.19355,46118.09599,-0.5000000000000004,0.8660254037844384,10.78,84.2,7.220000000000001,0.0,34510.97872
24118.88545,24526.63968,48645.52513,-0.5000000000000004,0.8660254037844384,17.97,73.1,0.030000000000001137,0.0,40641.04918
21848.78049,22354.83871,44203.6192,-0.5000000000000004,0.8660254037844384,13.65,52.27,4.35,0.0,37648.34043
23063.77709,17437.40891,40501.186,-0.4999999999999998,-0.8660254037844388,20.32,66.5,0.0,0.0,33880.13115
25286.07069,21151.37896,46437.449649999995,-0.8660254037844386,0.5000000000000001,21.76,83.3,0.0,0.0,45143.36283
20261.39818,16000.64322,36262.0414,-0.4999999999999998,-0.8660254037844388,11.07,75.7,6.93,0.0,32552.54237
18423.96694,10293.9759,28717.942839999996,1.0,6.123233995736766e-17,11.54,63.32,6.460000000000001,0.0,23070.76923
27229.98944,24015.04702,51245.03646,0.7071067811865476,-0.7071067811865475,27.03,60.39,0.0,3.030000000000001,33895.13873
20740.2439,15747.09677,36487.340670000005,0.49999999999999994,-0.8660254037844387,14.95,71.1,3.0500000000000007,0.0,35099.23404
14807.90021,10019.69356,24827.59377,0.9659258262890683,0.25881904510252074,20.35,68.32,0.0,0.0,24983.36283
14639.49314,15402.13166,30041.624799999998,1.0,6.123233995736766e-17,24.15,93.4,0.0,0.14999999999999858,23314.89456
17226.44628,9200.963855,26427.410135,0.8660254037844386,0.5000000000000001,16.62,68.79,1.379999999999999,0.0,21501.53846
12057.43381,14900.36364,26957.79745,0.7071067811865475,0.7071067811865476,14.31,85.8,3.6899999999999995,0.0,21899.16039
20707.46888,8969.726444,29677.195324,0.8660254037844387,-0.49999999999999983,18.06,66.24,0.0,0.0,25333.91685
15792.09979,12937.93667,28730.03646,0.49999999999999994,0.8660254037844387,21.23,90.2,0.0,0.0,26646.37168
23327.8481,29541.08787,52868.93597,-0.9659258262890684,0.2588190451025203,29.74,41.76,0.0,5.739999999999998,36097.27575
27029.93763,27187.2,54217.13763,-0.9659258262890684,0.2588190451025203,21.46,50.68,0.0,0.0,44872.05298
20627.8481,24696.90377,45324.75187,0.8660254037844386,0.5000000000000001,26.24,59.02,0.0,2.2399999999999984,30751.89369
12787.11019,14597.90769,27385.01788,0.8660254037844386,0.5000000000000001,21.24,59.61,0.0,0.0,25875.49669
23697.52066,16603.37349,40300.89415,0.49999999999999994,-0.8660254037844387,14.91,70.2,3.09,0.0,30313.84615
21260.16598,15494.22492,36754.3909,-0.5000000000000004,0.8660254037844384,18.1,92.2,0.0,0.0,33305.9081
25936.77812,25396.1005,51332.87862,-0.9659258262890684,0.2588190451025203,15.55,59.98,2.4499999999999993,0.0,43871.18644
24290.64449,18862.6762,43153.32069,-0.5000000000000004,0.8660254037844384,21.32,75.8,0.0,0.0,41893.80531
23044.3769,18275.69849,41320.07539,-0.2588190451025208,-0.9659258262890683,15.93,62.2,2.0700000000000003,0.0,39349.83051
14634.14634,14318.70968,28952.85602,0.25881904510252074,0.9659258262890683,11.26,87.8,6.74,0.0,23652.76596
18656.53495,18194.65327,36851.18822,0.0,1.0,13.41,67.61,4.59,0.0,30252.20339
21760.91476,19034.58462,40795.49938,-0.9659258262890683,-0.25881904510252063,21.86,79.4,0.0,0.0,35030.46358
20239.51368,16886.74699,37126.26067,-0.2588190451025208,-0.9659258262890683,18.24,50.35,0.0,0.0,33691.13924
27151.36778,26689.15663,53840.52441,-0.8660254037844386,0.5000000000000001,12.05,70.4,5.949999999999999,0.0,44883.03797
16839.66942,11346.50602,28186.17544,0.8660254037844386,0.5000000000000001,15.36,88.0,2.6400000000000006,0.0,21950.76923
21050.1548,17763.88664,38814.04144,-1.0,-1.8369701987210297e-16,27.72,32.89,0.0,3.719999999999999,34736.2623
19755.09356,17179.97957,36935.073130000004,-0.25881904510252157,0.9659258262890681,23.42,63.15,0.0,0.0,32820.53097
21809.14391,8470.588235,30279.732144999998,0.7071067811865476,-0.7071067811865475,11.74,46.93,6.26,0.0,26232.69962
23609.12863,11286.56535,34895.69398,0.258819045102521,-0.9659258262890682,22.18,73.9,0.0,0.0,35265.82057
23054.43038,24582.42678,47636.85716,0.8660254037844387,-0.49999999999999983,29.16,37.55,0.0,5.16,32384.8505
22131.81818,9698.313253,31830.131433,0.7071067811865476,-0.7071067811865475,8.73,89.8,9.27,0.0,24480.0
12244.49064,14686.52308,26931.013720000003,0.8660254037844387,-0.49999999999999983,20.8,89.4,0.0,0.0,21132.71523
20390.22403,19636.36364,40026.58767,-0.2588190451025208,-0.9659258262890683,14.98,65.79,3.0199999999999996,0.0,35378.42842
22292.30769,25252.21655,47544.52424,-0.9659258262890684,0.2588190451025203,21.28,55.69,0.0,0.0,42620.17699
28262.24066,19771.91489,48034.155549999996,-0.9659258262890684,0.2588190451025203,24.81,53.62,0.0,0.8099999999999987,46558.94967
14839.91853,18245.81818,33085.73671,0.0,1.0,14.69,89.6,3.3100000000000005,0.0,27113.54144
22898.5447,14114.6476,37013.192299999995,0.49999999999999994,-0.8660254037844387,23.95,48.22,0.0,0.0,36127.43363
21344.68085,20938.61307,42283.29392,-0.25881904510252157,0.9659258262890681,13.64,66.06,4.359999999999999,0.0,34267.11864
16024.54741,9507.803121,25532.350531,0.7071067811865475,0.7071067811865476,6.804,85.5,11.196,0.0,20745.24715
22279.66805,12856.41337,35136.08142,-0.7071067811865471,-0.7071067811865479,22.78,69.93,0.0,0.0,35196.49891
19488.39104,27863.27273,47351.66377,-0.8660254037844386,0.5000000000000001,15.76,82.9,2.24,0.0,45596.38321
12988.23529,10919.51417,23907.74946,0.9659258262890683,0.25881904510252074,16.36,90.9,1.6400000000000006,0.0,20471.60656
19575.2322,18784.12955,38359.36175,-0.25881904510252157,0.9659258262890681,16.6,69.7,1.3999999999999986,0.0,30329.70492
22507.46888,13457.5076,35964.97648,-0.9659258262890683,-0.25881904510252063,22.54,70.1,0.0,0.0,35234.31072
26785.21647,26284.13793,53069.3544,-0.4999999999999998,-0.8660254037844388,28.41,37.22,0.0,4.41,38824.06215
25285.53719,10189.87952,35475.41671,-0.7071067811865471,-0.7071067811865479,19.97,48.31,0.0,0.0,30036.92308
32087.60331,17534.45783,49622.06114,-0.9659258262890683,-0.25881904510252063,20.14,69.51,0.0,0.0,38676.92308
25540.93686,24861.09091,50402.02777,-0.7071067811865477,0.7071067811865474,18.18,62.76,0.0,0.0,41702.64801
24945.53015,26549.16923,51494.69938,-0.5000000000000004,0.8660254037844384,20.41,82.3,0.0,0.0,45622.25166
16614.24149,16259.75709,32873.99858,0.25881904510252074,0.9659258262890683,18.78,87.8,0.0,0.0,26880.0
10162.11813,11578.18182,21740.29995,1.0,6.123233995736766e-17,14.38,90.3,3.619999999999999,0.0,20274.70398
14850.9165,11787.63636,26638.55286,1.0,6.123233995736766e-17,15.99,68.71,2.01,0.0,23027.59957
16073.02905,10913.06991,26986.09896,0.8660254037844386,0.5000000000000001,16.69,86.6,1.3099999999999987,0.0,25283.50109
27700.3096,26794.49393,54494.803530000005,-0.8660254037844386,0.5000000000000001,22.11,74.2,0.0,0.0,44984.65574
22150.10395,14803.02349,36953.12744,0.49999999999999994,-0.8660254037844387,23.35,56.62,0.0,0.0,36528.84956
18769.83471,11508.43373,30278.26844,0.25881904510252074,0.9659258262890683,19.0,70.2,0.0,0.0,23883.07692
26817.7686,10056.86747,36874.63607,-0.4999999999999998,-0.8660254037844388,19.07,62.8,0.0,0.0,29027.69231
19486.37804,18784.70219,38271.08023,0.8660254037844386,0.5000000000000001,24.53,87.9,0.0,0.5300000000000011,28838.35738
30008.67769,17112.28916,47120.96685,-0.9659258262890684,0.2588190451025203,16.79,77.7,1.2100000000000009,0.0,37655.38462
19175.05198,14291.15424,33466.20622,0.7071067811865476,-0.7071067811865475,23.73,77.0,0.0,0.0,28780.88496
22351.23967,18933.9759,41285.21557,1.2246467991473532e-16,-1.0,19.75,68.15,0.0,0.0,30984.61538
18350.15198,17847.31658,36197.468559999994,0.0,1.0,14.43,62.22,3.5700000000000003,0.0,29300.33898
21438.69654,25652.36364,47091.06018,-0.5000000000000004,0.8660254037844384,14.9,87.5,3.0999999999999996,0.0,38379.33262
22385.86279,25352.23698,47738.09977,-0.9659258262890684,0.2588190451025203,21.58,54.65,0.0,0.0,42575.57522
17653.49544,12463.59799,30117.09343,0.7071067811865476,-0.7071067811865475,12.04,63.82,5.960000000000001,0.0,28305.76271
27334.71074,14434.6988,41769.40954,-0.5000000000000004,0.8660254037844384,10.07,73.0,7.93,0.0,33156.92308
16720.4664,7202.881152,23923.347552,0.9659258262890683,-0.25881904510252063,5.99,87.6,12.01,0.0,20982.50951
18713.27801,12494.58967,31207.867680000003,0.258819045102521,-0.9659258262890682,22.28,69.6,0.0,0.0,33841.57549
24698.73418,33150.12552,57848.8597,0.0,1.0,25.96,82.6,0.0,1.9600000000000009,37149.76744
15885.36585,16060.64516,31946.011010000002,0.0,1.0,12.72,74.0,5.279999999999999,0.0,26569.53191
17010.1833,21893.81818,38904.00148,-0.25881904510252157,0.9659258262890681,14.93,79.9,3.0700000000000003,0.0,31484.69322
16548.26884,20421.81818,36970.08702,-0.25881904510252157,0.9659258262890681,15.2,88.0,2.8000000000000007,0.0,30616.66308
24471.78423,12716.35258,37188.13681,0.258819045102521,-0.9659258262890682,24.14,49.36,0.0,0.14000000000000057,36809.80306
21978.52102,9571.188475,31549.709495000003,0.258819045102521,-0.9659258262890682,15.66,70.9,2.34,0.0,28398.47909
22625.387,21565.02024,44190.40724,0.0,1.0,19.01,85.4,0.0,0.0,35667.93443
19079.63526,18644.81928,37724.45454,-0.25881904510252157,0.9659258262890681,12.31,72.6,5.6899999999999995,0.0,27779.24051
21647.65784,28346.18182,49993.83966,-0.9659258262890684,0.2588190451025203,18.45,67.47,0.0,0.0,42235.86652
15453.11203,11998.54103,27451.65306,0.25881904510252074,0.9659258262890683,20.13,86.1,0.0,0.0,26613.21663
26891.65787,29293.54232,56185.20019,0.0,1.0,26.49,84.1,0.0,2.4899999999999984,37347.303
25173.41772,33861.08787,59034.50559,0.0,1.0,24.28,64.39,0.0,0.28000000000000114,36007.97342
14513.06991,13752.28916,28265.35907,0.7071067811865476,-0.7071067811865475,15.07,51.82,2.9299999999999997,0.0,25701.26582
13116.10942,10362.21106,23478.320480000002,0.9659258262890683,-0.25881904510252063,5.392,90.5,12.608,0.0,21258.30508
20316.94215,13272.28916,33589.23131,0.0,1.0,19.88,81.8,0.0,0.0,25132.30769
21463.29114,24540.25105,46003.54219,-0.9659258262890683,-0.25881904510252063,29.93,42.93,0.0,5.93,32895.1495
12598.17629,14454.99497,27053.17126,0.7071067811865475,0.7071067811865476,8.03,57.2,9.97,0.0,21538.98305
28534.85477,19258.35866,47793.21343,-1.0,-1.8369701987210297e-16,24.33,52.92,0.0,0.3299999999999983,46565.25164
21003.79747,28697.57322,49701.370689999996,0.25881904510252074,0.9659258262890683,24.65,38.45,0.0,0.6499999999999986,30362.7907
19095.42805,7571.668667,26667.096717,0.8660254037844387,-0.49999999999999983,6.094,87.8,11.905999999999999,0.0,23507.22433
17914.10788,11123.16109,29037.268969999997,0.7071067811865475,0.7071067811865476,21.07,63.77,0.0,0.0,23103.01969
23809.7561,26721.29032,50531.04642,-0.9659258262890684,0.2588190451025203,13.34,75.6,4.66,0.0,43322.55319
15314.87603,11011.08434,26325.96037,0.9659258262890683,-0.25881904510252063,11.16,78.5,6.84,0.0,20443.07692
11201.23839,10429.79757,21631.03596,1.0,6.123233995736766e-17,19.01,80.1,0.0,0.0,20836.72131
16349.68815,13185.04597,29534.73412,0.25881904510252074,0.9659258262890683,21.29,89.7,0.0,0.0,27532.0354
22462.80992,10224.57831,32687.38823,0.49999999999999994,-0.8660254037844387,18.46,45.43,0.0,0.0,30621.53846
21106.02911,23731.2,44837.22911,-0.9659258262890683,-0.25881904510252063,24.31,66.98,0.0,0.3099999999999987,36848.74172
22271.12462,13786.98795,36058.11257,0.258819045102521,-0.9659258262890682,15.68,80.9,2.3200000000000003,0.0,33764.05063
19818.32994,21550.54545,41368.87539,-0.25881904510252157,0.9659258262890681,20.61,55.71,0.0,0.0,31658.29925
20870.46843,25024.0,45894.46843,-0.5000000000000004,0.8660254037844384,16.8,71.1,1.1999999999999993,0.0,38745.14532
16200.0,14388.36364,30588.36364,0.8660254037844387,-0.49999999999999983,13.25,89.7,4.75,0.0,28924.00431
13601.21581,13636.62651,27237.84232,0.9659258262890683,0.25881904510252074,13.13,46.44,4.869999999999999,0.0,22553.92405
27372.81375,10251.14046,37623.95421,-0.8660254037844384,-0.5000000000000004,14.07,40.69,3.9299999999999997,0.0,33192.39544
19482.35294,13268.98785,32751.340790000002,0.8660254037844387,-0.49999999999999983,17.94,86.4,0.05999999999999872,0.0,29410.62295
13872.44582,13525.50607,27397.95189,0.9659258262890683,0.25881904510252074,20.27,48.21,0.0,0.0,22712.65574
20341.46341,20972.90323,41314.36664,-0.5000000000000004,0.8660254037844384,17.04,87.2,0.9600000000000009,0.0,34890.89362
15309.35551,9425.454545,24734.810055,1.0,6.123233995736766e-17,22.27,72.5,0.0,0.0,24480.0
13455.31915,14908.91566,28364.23481,0.49999999999999994,0.8660254037844387,15.56,64.45,2.4399999999999995,0.0,22572.1519
22960.48632,22872.1206,45832.60692,-1.0,-1.8369701987210297e-16,13.58,60.2,4.42,0.0,38013.55932
20964.70588,17798.8664,38763.57228,-1.0,-1.8369701987210297e-16,21.63,60.96,0.0,0.0,35806.42623
11715.50152,13360.88442,25076.38594,1.0,6.123233995736766e-17,11.21,68.36,6.789999999999999,0.0,21642.71186
31555.69193,15575.5102,47131.202130000005,-0.7071067811865477,0.7071067811865474,14.97,53.28,3.0299999999999994,0.0,36538.40304
22507.59494,31017.23849,53524.83343,0.0,1.0,27.84,42.48,0.0,3.84,35746.44518
15926.58228,17225.77406,33152.35634,0.9659258262890683,0.25881904510252074,21.89,58.56,0.0,0.0,24436.94352
15829.35586,15125.26646,30954.622320000002,1.0,6.123233995736766e-17,21.83,69.32,0.0,0.0,24983.44062
21939.20973,16348.91566,38288.12539,1.2246467991473532e-16,-1.0,14.53,61.74,3.4700000000000006,0.0,33642.53165
17722.49208,16876.73981,34599.231889999995,0.9659258262890683,0.25881904510252074,25.68,91.5,0.0,1.6799999999999997,25904.01776
23963.90041,11677.56839,35641.4688,0.49999999999999994,-0.8660254037844387,19.47,87.4,0.0,0.0,31932.07877
23370.73171,24584.51613,47955.247839999996,-0.7071067811865477,0.7071067811865474,12.1,84.7,5.9,0.0,41190.12766
30822.38648,28023.57367,58845.96015,0.258819045102521,-0.9659258262890682,28.84,73.0,0.0,4.84,39993.96226
14370.06237,12642.46154,27012.52391,0.9659258262890683,0.25881904510252074,20.11,88.3,0.0,0.0,23129.00662
35372.75607,34451.66144,69824.41751,-0.8660254037844386,0.5000000000000001,30.2,46.48,0.0,6.199999999999999,48528.47947
25426.82927,25310.32258,50737.151849999995,-0.7071067811865477,0.7071067811865474,13.29,77.9,4.710000000000001,0.0,41570.04255
22030.35343,17880.12257,39910.475999999995,-0.5000000000000004,0.8660254037844384,23.48,56.19,0.0,0.0,36649.9115
12559.7561,14051.6129,26611.369,0.9659258262890683,0.25881904510252074,9.75,90.5,8.25,0.0,22868.42553
15145.08976,14180.31348,29325.40324,0.9659258262890683,-0.25881904510252063,21.68,86.1,0.0,0.0,25999.91121
27553.1151,24749.34169,52302.45679,-0.4999999999999998,-0.8660254037844388,25.68,48.25,0.0,1.6799999999999997,40236.89234
25207.48441,23116.48621,48323.97062,-0.9659258262890684,0.2588190451025203,23.75,63.39,0.0,0.0,40861.59292
20093.27902,18094.54545,38187.82447000001,-0.8660254037844384,-0.5000000000000004,19.66,58.3,0.0,0.0,33034.74704
23061.57025,9108.433735,32170.003985000003,0.49999999999999994,-0.8660254037844387,18.35,50.92,0.0,0.0,28240.0
18476.83338,7006.962785,25483.796165,0.9659258262890683,-0.25881904510252063,15.15,63.75,2.8499999999999996,0.0,23172.62357
18697.76005,9006.482593,27704.242643,1.0,6.123233995736766e-17,11.39,69.09,6.609999999999999,0.0,22868.44106
14541.90871,13019.81763,27561.72634,0.7071067811865475,0.7071067811865476,14.41,71.0,3.59,0.0,26033.43545
19696.04863,15057.04523,34753.09386,-0.4999999999999998,-0.8660254037844388,14.63,61.76,3.369999999999999,0.0,32387.79661
16148.67617,11857.45455,28006.13072,1.0,6.123233995736766e-17,15.78,92.3,2.2200000000000006,0.0,22246.37244
23968.32101,20716.73981,44685.06082,-0.5000000000000004,0.8660254037844384,22.58,70.9,0.0,0.0,41854.29523
21507.12074,18644.21053,40151.331269999995,-0.9659258262890683,-0.25881904510252063,27.78,47.26,0.0,3.780000000000001,35290.22951
21427.85863,20481.96923,41909.82786,0.49999999999999994,-0.8660254037844387,25.51,64.21,0.0,1.5100000000000016,31330.33113
13663.22188,14489.72864,28152.95052,0.49999999999999994,0.8660254037844387,8.82,90.8,9.18,0.0,23284.0678
26408.73181,27193.10769,53601.8395,-0.25881904510252157,0.9659258262890681,20.67,69.81,0.0,0.0,44872.05298
27675.93361,10988.93617,38664.86978,1.2246467991473532e-16,-1.0,21.0,75.1,0.0,0.0,33778.5558
21481.11455,18346.88259,39827.99714,-1.0,-1.8369701987210297e-16,20.88,71.1,0.0,0.0,34811.80328
18626.58228,22702.59414,41329.17642,0.49999999999999994,-0.8660254037844387,25.62,67.14,0.0,1.620000000000001,30981.52824
14819.12682,13132.09397,27951.22079,0.7071067811865476,-0.7071067811865475,22.88,45.72,0.0,0.0,26162.12389
15904.97925,11595.86626,27500.84551,0.9659258262890683,0.25881904510252074,19.0,63.29,0.0,0.0,27312.73523
21782.37082,17667.8593,39450.23012,1.2246467991473532e-16,-1.0,14.87,71.4,3.130000000000001,0.0,35871.86441
16378.03007,8695.318127,25073.348197,0.8660254037844386,0.5000000000000001,14.51,73.9,3.49,0.0,21396.19772
33017.49003,15817.52701,48835.01704,-0.9659258262890684,0.2588190451025203,12.83,82.2,5.17,0.0,39415.96958
27436.92946,18190.39514,45627.3246,-0.9659258262890683,-0.25881904510252063,20.56,87.2,0.0,0.0,42317.72429
17208.29876,13632.58359,30840.88235,0.0,1.0,20.61,84.6,0.0,0.0,28869.32166
14961.33056,11484.55385,26445.88441,0.9659258262890683,-0.25881904510252063,20.02,85.2,0.0,0.0,23256.15894
20956.34096,19539.28498,40495.62594,-0.25881904510252157,0.9659258262890681,21.88,59.55,0.0,0.0,37006.72566
16248.64865,19956.18462,36204.83327,0.49999999999999994,-0.8660254037844387,24.16,70.6,0.0,0.16000000000000014,28812.71523
18094.83283,16886.35176,34981.184590000004,-0.4999999999999998,-0.8660254037844388,18.33,50.37,0.0,0.0,31490.84746
15807.90274,15267.46988,31075.372620000002,1.0,6.123233995736766e-17,8.72,86.8,9.28,0.0,23580.75949
18739.31889,17344.12955,36083.44844,0.258819045102521,-0.9659258262890682,24.72,46.68,0.0,0.7199999999999989,31399.86885
21056.3886,17839.74922,38896.13782,-1.0,-1.8369701987210297e-16,28.42,52.61,0.0,4.420000000000002,35378.29079
12182.37082,11711.03518,23893.406000000003,0.7071067811865476,-0.7071067811865475,10.87,92.2,7.130000000000001,0.0,22228.47458
12966.56535,13852.94472,26819.51007,0.8660254037844386,0.5000000000000001,10.55,73.2,7.449999999999999,0.0,22661.69492
30127.68595,16476.14458,46603.83053,-0.7071067811865477,0.7071067811865474,20.49,72.4,0.0,0.0,36086.15385
14925.22796,14790.75377,29715.98173,1.0,6.123233995736766e-17,15.25,62.65,2.75,0.0,23461.01695
11314.28571,11404.33735,22718.623059999998,0.8660254037844387,-0.49999999999999983,11.54,67.68,6.460000000000001,0.0,20937.72152
26519.11299,24755.3605,51274.473490000004,0.49999999999999994,-0.8660254037844387,25.61,85.9,0.0,1.6099999999999994,37839.55605
24387.94179,23128.61538,47516.55717,-1.0,-1.8369701987210297e-16,22.1,71.2,0.0,0.0,41947.54967
23630.57851,14301.68675,37932.26526,-0.25881904510252157,0.9659258262890681,17.27,77.4,0.7300000000000004,0.0,29015.38462
22507.46888,12383.70821,34891.17709,0.49999999999999994,-0.8660254037844387,22.91,60.76,0.0,0.0,37162.71335
12040.86687,10657.16599,22698.03286,1.0,6.123233995736766e-17,18.05,65.44,0.0,0.0,19628.06557
13739.81763,13688.6747,27428.49233,0.9659258262890683,0.25881904510252074,10.74,78.6,7.26,0.0,20390.88608
21202.43161,15826.97487,37029.40648,0.258819045102521,-0.9659258262890682,15.97,59.95,2.0299999999999994,0.0,33962.0339
25686.48649,28303.75385,53990.240340000004,-0.8660254037844386,0.5000000000000001,21.67,56.85,0.0,0.0,44147.28477
18486.07595,21780.75314,40266.82909,0.7071067811865475,0.7071067811865476,23.26,74.2,0.0,0.0,28780.86379
13993.07536,16733.09091,30726.16627,0.25881904510252074,0.9659258262890683,13.46,87.8,4.539999999999999,0.0,25185.27449
21270.68607,21007.75385,42278.439920000004,0.7071067811865475,0.7071067811865476,20.4,87.7,0.0,0.0,35869.66887
25774.77754,10205.04202,35979.81956,-0.2588190451025208,-0.9659258262890683,16.81,43.26,1.1900000000000013,0.0,31434.22053
31645.04132,19726.26506,51371.30638,-0.8660254037844386,0.5000000000000001,17.92,71.6,0.0799999999999983,0.0,37335.38462
19089.87342,24498.07531,43587.948730000004,0.7071067811865475,0.7071067811865476,25.13,82.0,0.0,1.129999999999999,29539.93355
26093.61702,24740.24096,50833.85798,-0.9659258262890683,-0.25881904510252063,14.03,60.7,3.9700000000000006,0.0,42142.78481
13655.92705,14900.74372,28556.67077,0.49999999999999994,0.8660254037844387,12.28,77.3,5.720000000000001,0.0,23351.18644
28328.48233,27695.26154,56023.74387,-0.9659258262890684,0.2588190451025203,21.3,82.7,0.0,0.0,46067.28477
12515.85366,13772.90323,26288.75689,0.7071067811865475,0.7071067811865476,9.87,88.0,8.13,0.0,22794.89362
21109.59752,17897.97571,39007.573229999995,-0.7071067811865471,-0.7071067811865479,24.45,59.67,0.0,0.4499999999999993,35265.04918
21274.42827,12967.35444,34241.78271,-0.8660254037844384,-0.5000000000000004,24.91,53.45,0.0,0.9100000000000001,34305.13274
26687.94109,10435.53421,37123.4753,-0.8660254037844384,-0.5000000000000004,16.93,53.98,1.0700000000000003,0.0,32638.78327
25185.03119,21445.55669,46630.58788000001,-0.5000000000000004,0.8660254037844384,22.96,79.6,0.0,0.0,42926.0177
20458.62786,12749.66292,33208.29078,0.49999999999999994,-0.8660254037844387,27.0,35.15,0.0,3.0,33859.11504
19294.93671,19828.61925,39123.55596,0.7071067811865476,-0.7071067811865475,24.52,56.4,0.0,0.5199999999999996,27798.53821
25280.24316,26290.12048,51570.36364,-0.9659258262890684,0.2588190451025203,13.18,60.23,4.82,0.0,41881.51899
26454.77178,18569.72644,45024.498219999994,-0.7071067811865477,0.7071067811865474,21.71,68.26,0.0,0.0,43672.6477
13172.55717,11277.78462,24450.34179,1.0,6.123233995736766e-17,16.51,66.73,1.4899999999999984,0.0,24209.80132
15807.30285,9352.220888,25159.523738,0.8660254037844386,0.5000000000000001,6.817,87.0,11.183,0.0,21262.35741
25761.33056,20186.476,45947.80656,-0.8660254037844386,0.5000000000000001,21.58,78.4,0.0,0.0,41995.75221
15680.91286,10895.56231,26576.475169999998,0.8660254037844387,-0.49999999999999983,14.2,74.5,3.8000000000000007,0.0,27734.96718
26895.2183,25840.24615,52735.46445,-0.5000000000000004,0.8660254037844384,20.64,84.5,0.0,0.0,43536.95364
16566.56535,16851.61809,33418.18344,0.0,1.0,10.31,82.9,7.6899999999999995,0.0,28360.67797
21242.66103,21065.83072,42308.49175,0.8660254037844386,0.5000000000000001,26.07,39.35,0.0,2.0700000000000003,30417.40289
27703.5343,23304.75996,51008.294259999995,-0.8660254037844386,0.5000000000000001,23.69,78.3,0.0,0.0,46003.53982
15573.11609,18402.90909,33976.02518,0.0,1.0,12.73,71.9,5.27,0.0,27764.56405
22236.17464,19070.03077,41306.20541,-0.7071067811865471,-0.7071067811865479,25.05,53.88,0.0,1.0500000000000007,35488.21192
18190.63136,17349.81818,35540.44954,0.49999999999999994,-0.8660254037844387,15.73,84.4,2.2699999999999996,0.0,33109.14962
19528.26748,19271.39698,38799.66446,-0.25881904510252157,0.9659258262890681,15.06,65.65,2.9399999999999995,0.0,31216.27119
14677.50792,15384.07524,30061.583160000002,1.0,6.123233995736766e-17,24.13,93.3,0.0,0.129999999999999,23321.28746
11041.46341,11909.03226,22950.49567,1.0,6.123233995736766e-17,10.31,59.61,7.6899999999999995,0.0,20527.65957
23799.58506,17192.46201,40992.04707,-0.5000000000000004,0.8660254037844384,19.0,85.7,0.0,0.0,39979.69365
17156.0166,10988.93617,28144.95277,0.9659258262890683,0.25881904510252074,16.4,87.3,1.6000000000000014,0.0,26417.85558
17361.41079,13463.34347,30824.75426,0.0,1.0,23.73,48.75,0.0,0.0,29909.14661
23617.04782,29166.27692,52783.32474,-0.9659258262890684,0.2588190451025203,26.18,59.87,0.0,2.1799999999999997,36702.51656
23516.00832,14149.94893,37665.95725,-0.2588190451025208,-0.9659258262890683,24.51,71.7,0.0,0.5100000000000016,37401.76991
22780.08299,12547.11246,35327.19545,-0.9659258262890683,-0.25881904510252063,21.36,78.5,0.0,0.0,35095.6674
23115.59252,27990.64615,51106.23867,0.49999999999999994,0.8660254037844387,21.51,77.3,0.0,0.0,41006.62252
22322.19959,20613.81818,42936.01777,-1.0,-1.8369701987210297e-16,20.97,39.81,0.0,0.0,35428.03014
18313.69295,9897.629179,28211.322129,1.0,6.123233995736766e-17,17.13,80.5,0.870000000000001,0.0,27470.28446
25301.0395,21063.12564,46364.16514,-0.8660254037844386,0.5000000000000001,23.76,44.98,0.0,0.0,44716.46018
20549.54407,16347.9799,36897.52397,-0.4999999999999998,-0.8660254037844388,10.12,70.3,7.880000000000001,0.0,33785.08475
23081.91268,13143.86108,36225.773760000004,0.49999999999999994,-0.8660254037844387,22.41,74.4,0.0,0.0,37172.38938
13314.86762,13707.63636,27022.50398,0.9659258262890683,0.25881904510252074,14.17,87.8,3.83,0.0,22878.7944
20937.62994,20068.43077,41006.06071,-0.7071067811865471,-0.7071067811865479,25.18,62.31,0.0,1.1799999999999997,39073.90728
21417.01245,11700.91185,33117.9243,0.49999999999999994,-0.8660254037844387,23.4,53.45,0.0,0.0,35335.14223
31124.38017,16117.59036,47241.97053,-0.7071067811865477,0.7071067811865474,16.1,62.0,1.8999999999999986,0.0,36941.53846
24743.45114,28805.90769,53549.35883,-0.25881904510252157,0.9659258262890681,22.39,79.3,0.0,0.0,39595.23179
16375.88358,19643.07692,36018.9605,0.8660254037844386,0.5000000000000001,19.87,82.3,0.0,0.0,29575.62914
21369.5122,25635.48387,47004.99607,-0.9659258262890684,0.2588190451025203,16.61,69.03,1.3900000000000006,0.0,44891.23404
21136.77812,20755.66265,41892.44077,-0.25881904510252157,0.9659258262890681,12.75,70.4,5.25,0.0,31916.96203
12989.65153,11923.26019,24912.91172,0.9659258262890683,0.25881904510252074,21.24,74.4,0.0,0.0,21799.77802
18274.31728,9646.098439,27920.415718999997,1.0,6.123233995736766e-17,6.526,78.3,11.474,0.0,22892.77567
25579.74684,30703.93305,56283.67989,-0.25881904510252157,0.9659258262890681,25.01,84.1,0.0,1.0100000000000016,38935.81395
20851.89873,21334.8954,42186.79413,0.9659258262890683,-0.25881904510252063,23.99,46.55,0.0,0.0,29858.87043
16125.15593,13026.18999,29151.34592,0.49999999999999994,0.8660254037844387,21.25,73.7,0.0,0.0,27856.99115
15117.02786,15006.31579,30123.343650000003,0.49999999999999994,0.8660254037844387,15.77,78.1,2.2300000000000004,0.0,25104.78689
22846.15385,13338.01839,36184.17224,-0.7071067811865471,-0.7071067811865479,32.49,26.71,0.0,8.490000000000002,36293.09735
26889.87342,29155.48117,56045.35459,-0.7071067811865471,-0.7071067811865479,29.4,62.7,0.0,5.399999999999999,39688.50498
16238.29787,15932.53012,32170.827989999998,0.25881904510252074,0.9659258262890683,11.87,77.1,6.130000000000001,0.0,24322.02532
20824.49842,23702.06897,44526.56739,0.7071067811865475,0.7071067811865476,24.02,75.9,0.0,0.019999999999999574,31082.26415
21096.65653,21628.91566,42725.57219,-0.5000000000000004,0.8660254037844384,15.23,76.9,2.7699999999999996,0.0,33988.86076
21352.90391,24550.721,45903.62491,0.49999999999999994,-0.8660254037844387,25.01,90.9,0.0,1.0100000000000016,33569.101
13476.17108,16098.90909,29575.08017,0.25881904510252074,0.9659258262890683,16.16,84.8,1.8399999999999999,0.0,24019.63402
23116.29334,8124.84994,31241.14328,0.49999999999999994,-0.8660254037844387,8.95,94.1,9.05,0.0,29292.77567
24339.29314,26141.53846,50480.831600000005,0.0,1.0,21.96,75.5,0.0,0.0,43753.11258
15590.02079,10302.10419,25892.12498,1.0,6.123233995736766e-17,18.87,89.4,0.0,0.0,24620.17699
21796.90402,18480.97166,40277.87568,-0.8660254037844384,-0.5000000000000004,27.82,48.33,0.0,3.8200000000000003,35063.60656
24949.98466,9461.704682,34411.689342,0.258819045102521,-0.9659258262890682,11.48,64.54,6.52,0.0,31178.70722
23923.90852,14891.27681,38815.18533,-0.4999999999999998,-0.8660254037844388,26.68,38.28,0.0,2.6799999999999997,37669.38053
14235.03055,17134.54545,31369.576,0.25881904510252074,0.9659258262890683,15.02,88.0,2.9800000000000004,0.0,25929.30032
22389.60499,13702.79877,36092.40376,-0.2588190451025208,-0.9659258262890683,23.85,65.2,0.0,0.0,32138.76106
17095.24815,15179.43574,32274.68389,0.7071067811865475,0.7071067811865476,24.32,93.2,0.0,0.3200000000000003,27892.20866
25152.50077,9576.95078,34729.45155,0.49999999999999994,-0.8660254037844387,11.0,82.4,7.0,0.0,30588.59316
21854.69905,21095.92476,42950.623810000005,0.258819045102521,-0.9659258262890682,26.72,68.39,0.0,2.719999999999999,36049.54495
24021.07438,13075.66265,37096.73703,-0.25881904510252157,0.9659258262890681,16.14,56.24,1.8599999999999994,0.0,29200.0
26356.34096,27275.81538,53632.15634,0.0,1.0,20.11,69.65,0.0,0.0,43257.21854
30263.56917,30088.02508,60351.594249999995,-0.8660254037844386,0.5000000000000001,25.69,78.3,0.0,1.6900000000000013,48208.83463
28549.79253,19713.55623,48263.34875999999,-1.0,-1.8369701987210297e-16,24.91,51.48,0.0,0.9100000000000001,47006.3895
17159.50413,7200.0,24359.50413,0.9659258262890683,-0.25881904510252063,18.49,82.8,0.0,0.0,21495.38462
21552.43902,16089.67742,37642.11644,-0.4999999999999998,-0.8660254037844388,15.9,79.2,2.0999999999999996,0.0,34082.04255
23264.63415,21588.3871,44853.021250000005,-1.0,-1.8369701987210297e-16,16.36,68.02,1.6400000000000006,0.0,37783.14894
16610.78838,10971.42857,27582.21695,0.7071067811865475,0.7071067811865476,16.23,85.0,1.7699999999999996,0.0,22787.92123
31620.69694,29347.7116,60968.408540000004,1.2246467991473532e-16,-1.0,30.33,65.39,0.0,6.329999999999998,41886.25971
23389.02439,24758.70968,48147.73407,-0.9659258262890684,0.2588190451025203,13.24,67.15,4.76,0.0,41570.04255
20774.6888,9646.68693,30421.37573,0.7071067811865476,-0.7071067811865475,19.84,92.8,0.0,0.0,34169.2779
18739.41909,9518.297872,28257.716962,0.8660254037844387,-0.49999999999999983,25.24,47.75,0.0,1.2399999999999984,29266.34573
16562.99376,14279.38713,30842.38089,0.7071067811865475,0.7071067811865476,22.3,88.4,0.0,0.0,27347.25664
32490.94814,15356.54262,47847.49076,-1.0,-1.8369701987210297e-16,16.62,59.85,1.379999999999999,0.0,38868.44106
25504.95868,14596.62651,40101.58519,-0.25881904510252157,0.9659258262890681,16.24,85.0,1.7600000000000016,0.0,29975.38462
21326.58228,23244.85356,44571.43584,0.49999999999999994,0.8660254037844387,26.02,43.01,0.0,2.0199999999999996,30879.46844
17003.30579,10062.6506,27065.95639,0.7071067811865475,0.7071067811865476,19.71,76.6,0.0,0.0,22024.61538
17688.86161,9732.533013,27421.394623,0.9659258262890683,0.25881904510252074,11.36,48.33,6.640000000000001,0.0,20903.42205
20573.02905,12704.68085,33277.7099,0.0,1.0,15.28,82.4,2.7200000000000006,0.0,26361.13786
14006.19195,13263.15789,27269.349840000003,0.8660254037844386,0.5000000000000001,17.51,80.6,0.48999999999999844,0.0,22309.77049
13492.40506,13972.21757,27464.622629999998,1.0,6.123233995736766e-17,19.46,76.2,0.0,0.0,20903.12292
17442.76986,14801.45455,32244.224410000003,0.8660254037844387,-0.49999999999999983,14.13,89.8,3.869999999999999,0.0,29339.41873
23227.85863,16909.33606,40137.194690000004,-1.0,-1.8369701987210297e-16,23.1,81.7,0.0,0.0,37586.54867
24986.69439,18321.38917,43308.08356,-0.5000000000000004,0.8660254037844384,19.28,78.2,0.0,0.0,41505.13274
17740.2439,16409.03226,34149.27616,-0.4999999999999998,-0.8660254037844388,15.74,49.67,2.26,0.0,30448.34043
9695.121951,9615.483871,19310.605821999998,1.0,6.123233995736766e-17,15.89,58.34,2.1099999999999994,0.0,18125.61702
19054.92482,9525.090036,28580.014856,1.0,6.123233995736766e-17,16.2,68.96,1.8000000000000007,0.0,22959.69582
22354.35685,13364.13374,35718.49059,-0.7071067811865471,-0.7071067811865479,23.36,63.83,0.0,0.0,34906.60832
27986.48363,26031.34796,54017.83159,0.49999999999999994,-0.8660254037844387,25.63,68.49,0.0,1.629999999999999,40115.4273
22331.70732,17767.74194,40099.44926,-0.4999999999999998,-0.8660254037844388,18.3,48.03,0.0,0.0,36778.21277
29001.47835,25032.22571,54033.704060000004,0.49999999999999994,-0.8660254037844387,32.78,31.68,0.0,8.780000000000001,38523.596
17219.00826,9264.578313,26483.586573,1.0,6.123233995736766e-17,19.09,79.5,0.0,0.0,22036.92308
13406.56643,6816.806723,20223.373153,0.8660254037844387,-0.49999999999999983,8.01,94.0,9.99,0.0,19358.1749
26583.47107,15388.91566,41972.38673,-0.5000000000000004,0.8660254037844384,16.24,83.3,1.7600000000000016,0.0,33384.61538
19102.79227,10527.73109,29630.52336,0.25881904510252074,0.9659258262890683,9.26,86.4,8.74,0.0,24304.18251
15596.34146,16583.22581,32179.56727,0.25881904510252074,0.9659258262890683,11.36,87.6,6.640000000000001,0.0,27047.48936
20363.90041,9279.027356,29642.927766,0.8660254037844387,-0.49999999999999983,19.62,72.3,0.0,0.0,25838.0744
20436.47416,16272.72362,36709.19778,-0.7071067811865471,-0.7071067811865479,12.02,48.58,5.98,0.0,32930.84746
24196.40971,26753.60502,50950.014729999995,-0.8660254037844384,-0.5000000000000004,27.17,32.64,0.0,3.1700000000000017,35742.6859
21295.35604,22019.75709,43315.11313,-0.25881904510252157,0.9659258262890681,18.36,74.8,0.0,0.0,35189.5082
20667.07317,14115.48387,34782.55704,0.7071067811865476,-0.7071067811865475,11.28,88.2,6.720000000000001,0.0,29069.61702
18029.93763,15632.6047,33662.54233,-0.7071067811865471,-0.7071067811865479,27.41,37.55,0.0,3.41,31253.09735
26278.5124,15267.46988,41545.98228,-0.5000000000000004,0.8660254037844384,17.29,76.6,0.7100000000000009,0.0,31926.15385
32490.94814,16232.41297,48723.36111,-0.7071067811865477,0.7071067811865474,13.48,51.64,4.52,0.0,36915.58935
18868.08511,15595.41709,34463.5022,-0.9659258262890683,-0.25881904510252063,12.64,43.17,5.359999999999999,0.0,31063.72881
29442.44984,31339.9373,60782.387140000006,-0.5000000000000004,0.8660254037844384,23.46,61.79,0.0,0.0,44302.77469
24202.85132,27723.63636,51926.487680000006,-0.8660254037844386,0.5000000000000001,18.38,68.67,0.0,0.0,44529.94618
31161.70604,15437.21489,46598.92093,-0.9659258262890684,0.2588190451025203,14.64,78.8,3.3599999999999994,0.0,38211.40684
20700.0,12728.6747,33428.6747,0.0,1.0,15.64,85.2,2.3599999999999994,0.0,26480.0
21496.16447,9496.278511,30992.442981,-0.8660254037844384,-0.5000000000000004,18.43,62.78,0.0,0.0,27449.42966
24535.26971,10352.82675,34888.09646,-0.7071067811865471,-0.7071067811865479,21.78,56.44,0.0,0.0,30028.88403
20590.2439,25258.06452,45848.30842,-1.0,-1.8369701987210297e-16,23.81,49.19,0.0,0.0,39327.31915
17008.31601,13726.33299,30734.648999999998,0.0,1.0,20.75,81.3,0.0,0.0,29182.30088
12896.94501,16017.45455,28914.399559999998,0.7071067811865475,0.7071067811865476,11.47,77.7,6.529999999999999,0.0,24404.04736
19770.06237,18650.58462,38420.64699,0.7071067811865475,0.7071067811865476,15.73,70.4,2.2699999999999996,0.0,31622.78146
13887.80488,14719.35484,28607.15972,0.49999999999999994,0.8660254037844387,13.23,86.7,4.77,0.0,23487.31915
20491.18541,16505.06024,36996.24565,-0.2588190451025208,-0.9659258262890683,16.23,75.6,1.7699999999999996,0.0,33521.01266
33761.27647,16439.85594,50201.13241,-0.8660254037844386,0.5000000000000001,11.13,78.3,6.869999999999999,0.0,39288.21293
23642.73859,12815.56231,36458.3009,-0.7071067811865471,-0.7071067811865479,20.74,86.6,0.0,0.0,35511.59737
17843.16109,18136.76382,35979.92491,0.0,1.0,13.83,61.98,4.17,0.0,29959.32203
26866.8693,25399.51807,52266.38737,-0.7071067811865477,0.7071067811865474,10.66,63.81,7.34,0.0,43078.48101
32065.28926,20154.21687,52219.50613,-0.9659258262890684,0.2588190451025203,19.08,73.9,0.0,0.0,39095.38462
23529.48328,23184.57831,46714.06159,-0.5000000000000004,0.8660254037844384,12.78,85.8,5.220000000000001,0.0,38290.63291
22692.46436,26385.45455,49077.91891,-0.7071067811865477,0.7071067811865474,16.35,64.73,1.6499999999999986,0.0,41628.24543
26928.89813,19815.81205,46744.71018,-0.8660254037844386,0.5000000000000001,27.21,35.58,0.0,3.210000000000001,46264.77876
20316.42412,18815.60776,39132.031879999995,-0.25881904510252157,0.9659258262890681,21.7,59.09,0.0,0.0,35770.61947
23594.59459,14002.86006,37597.45465,-0.4999999999999998,-0.8660254037844388,24.56,62.42,0.0,0.5599999999999987,37777.69912
16876.8595,10571.56627,27448.425769999998,0.49999999999999994,0.8660254037844387,15.25,85.4,2.75,0.0,23003.07692
20750.15198,17471.03518,38221.18716,-0.9659258262890683,-0.25881904510252063,16.12,59.25,1.879999999999999,0.0,33528.81356
18447.3765,9657.623049,28104.999549,0.25881904510252074,0.9659258262890683,13.31,85.2,4.6899999999999995,0.0,22308.74525
31485.73182,15731.09244,47216.82426,-0.8660254037844386,0.5000000000000001,14.97,78.3,3.0299999999999994,0.0,37974.14449
15559.13313,11706.5587,27265.69183,1.0,6.123233995736766e-17,18.15,77.7,0.0,0.0,23455.47541
13980.54711,14400.0,28380.54711,0.25881904510252074,0.9659258262890683,14.56,79.2,3.4399999999999995,0.0,23222.27848
23089.02439,27644.51613,50733.540519999995,-0.8660254037844386,0.5000000000000001,20.96,63.1,0.0,0.0,43861.78723
10198.778,11124.36364,21323.14164,1.0,6.123233995736766e-17,11.32,87.6,6.68,0.0,19803.48762
21942.85714,22704.24121,44647.09835,-0.5000000000000004,0.8660254037844384,10.27,45.78,7.73,0.0,36695.59322
13422.4924,14139.75904,27562.25144,0.8660254037844386,0.5000000000000001,16.26,77.9,1.7399999999999984,0.0,22237.97468
31916.52893,18020.24096,49936.769889999996,-0.9659258262890684,0.2588190451025203,19.29,74.9,0.0,0.0,38855.38462
18442.56198,12196.62651,30639.18849,0.0,1.0,12.54,87.8,5.460000000000001,0.0,24504.61538
14762.99376,12543.73851,27306.73227,0.49999999999999994,0.8660254037844387,23.3,41.98,0.0,0.0,27194.33628
15881.91268,19808.49231,35690.40499,-0.9659258262890683,-0.25881904510252063,25.33,66.84,0.0,1.3299999999999983,26873.64238
17969.62025,16147.28033,34116.90058,0.9659258262890683,-0.25881904510252063,22.59,67.37,0.0,0.0,26746.04651
18141.32231,12069.39759,30210.7199,0.9659258262890683,0.25881904510252074,12.3,87.0,5.699999999999999,0.0,23163.07692
28120.33195,18919.87842,47040.21037,-0.9659258262890684,0.2588190451025203,21.17,76.6,0.0,0.0,46004.37637
13601.23839,11426.72065,25027.95904,0.9659258262890683,0.25881904510252074,18.56,89.0,0.0,0.0,21869.11475
23451.21951,23684.51613,47135.73564,-0.7071067811865477,0.7071067811865474,17.02,78.0,0.9800000000000004,0.0,40123.91489
21903.1185,23660.30769,45563.42619,0.7071067811865475,0.7071067811865476,20.06,87.2,0.0,0.0,38628.87417
14385.13932,11665.74899,26050.888310000002,0.9659258262890683,-0.25881904510252063,18.58,86.5,0.0,0.0,24827.80328
14815.38462,12531.9714,27347.35602,0.8660254037844386,0.5000000000000001,21.77,45.32,0.0,0.0,26818.40708
20698.1289,11396.44535,32094.574249999998,0.8660254037844387,-0.49999999999999983,19.08,89.5,0.0,0.0,25524.95575
18465.58045,18245.81818,36711.398629999996,-0.8660254037844384,-0.5000000000000004,16.43,68.62,1.5700000000000003,0.0,32551.13025
16800.0,11264.51613,28064.51613,0.8660254037844387,-0.49999999999999983,9.77,90.4,8.23,0.0,26826.89362
19338.44738,8971.908764,28310.356144,0.49999999999999994,-0.8660254037844387,8.8,94.8,9.2,0.0,26068.44106
33091.13225,15863.62545,48954.7577,-0.7071067811865477,0.7071067811865474,16.2,74.2,1.8000000000000007,0.0,38485.1711
15950.15198,11531.56627,27481.718249999998,0.8660254037844387,-0.49999999999999983,5.01,87.2,12.99,0.0,24637.97468
27312.39669,10669.87952,37982.27621,-0.4999999999999998,-0.8660254037844388,18.81,61.95,0.0,0.0,32929.23077
22157.58836,20115.87334,42273.4617,-0.5000000000000004,0.8660254037844384,19.84,67.26,0.0,0.0,39268.67257
22432.78008,13066.50456,35499.28464,-0.4999999999999998,-0.8660254037844388,29.73,30.28,0.0,5.73,35839.29978
21892.71383,20494.04389,42386.75772,0.7071067811865475,0.7071067811865476,27.04,66.52,0.0,3.039999999999999,29484.03996
22365.14268,10037.93517,32403.07785,-0.8660254037844384,-0.5000000000000004,16.16,58.06,1.8399999999999999,0.0,27650.19011
21281.01266,29161.50628,50442.51894,0.25881904510252074,0.9659258262890683,24.39,38.18,0.0,0.39000000000000057,30828.43854
21860.33058,18777.83133,40638.16191,-0.7071067811865471,-0.7071067811865479,19.74,67.71,0.0,0.0,28935.38462
19331.08315,7145.258103,26476.341253,0.8660254037844387,-0.49999999999999983,12.5,74.2,5.5,0.0,23568.06084
22486.65235,8165.186074,30651.838424,0.7071067811865476,-0.7071067811865475,11.86,77.3,6.140000000000001,0.0,27990.87452
28515.59252,20992.52298,49508.1155,-0.9659258262890684,0.2588190451025203,22.3,78.5,0.0,0.0,47793.9823
25682.78775,27162.88401,52845.67176,-0.25881904510252157,0.9659258262890681,23.81,84.5,0.0,0.0,39936.42619
17187.80488,16577.41935,33765.22423,0.0,1.0,18.08,51.79,0.0,0.0,24866.04255
13872.44582,16044.04858,29916.494400000003,0.49999999999999994,0.8660254037844387,17.75,82.4,0.25,0.0,27924.98361
19979.1347,7606.242497,27585.377196999998,0.8660254037844387,-0.49999999999999983,4.584,86.6,13.416,0.0,25058.55513
19159.13313,17868.82591,37027.95904,0.0,1.0,17.3,85.1,0.6999999999999993,0.0,29863.86885
22284.82328,14732.42084,37017.24412,-0.7071067811865471,-0.7071067811865479,29.28,38.98,0.0,5.280000000000001,35866.19469
25291.23548,29498.18182,54789.4173,-1.0,-1.8369701987210297e-16,26.23,80.7,0.0,2.2300000000000004,38018.55716
24568.95459,22877.49216,47446.44675,-0.9659258262890683,-0.25881904510252063,26.64,53.55,0.0,2.6400000000000006,37782.01998
23362.99478,12072.02881,35435.02359,-0.25881904510252157,0.9659258262890681,10.51,71.2,7.49,0.0,27406.84411
25929.4262,10037.93517,35967.36137,-0.2588190451025208,-0.9659258262890683,15.59,45.64,2.41,0.0,31926.9962
15863.77709,15210.36437,31074.14146,0.7071067811865475,0.7071067811865476,15.54,85.6,2.460000000000001,0.0,26099.40984
13864.76578,15662.54545,29527.31123,0.8660254037844386,0.5000000000000001,16.45,69.94,1.5500000000000007,0.0,24069.23574
20103.1185,15367.84474,35470.96324,-0.8660254037844384,-0.5000000000000004,26.58,57.22,0.0,2.5799999999999983,34012.0354
30998.73418,32143.93305,63142.66723,0.258819045102521,-0.9659258262890682,32.83,33.05,0.0,8.829999999999998,41531.96013
25531.91489,25237.59036,50769.50525,-1.0,-1.8369701987210297e-16,17.53,63.02,0.46999999999999886,0.0,42215.6962
22023.1003,21569.60804,43592.70834,-0.5000000000000004,0.8660254037844384,13.92,66.1,4.08,0.0,35286.10169
23953.84615,21074.89275,45028.7389,-0.7071067811865477,0.7071067811865474,20.05,66.39,0.0,0.0,41868.31858
25562.99376,21269.05005,46832.04381,-0.8660254037844386,0.5000000000000001,21.89,82.9,0.0,0.0,45500.17699
25955.20098,9749.819928,35705.020908000006,-0.4999999999999998,-0.8660254037844388,14.25,44.73,3.75,0.0,30418.25095
17431.11384,8954.621849,26385.735689,0.9659258262890683,0.25881904510252074,11.52,67.49,6.48,0.0,22132.31939
15715.17028,16306.39676,32021.56704,0.25881904510252074,0.9659258262890683,18.25,71.5,0.0,0.0,26477.11475
22480.49536,19168.90688,41649.402239999996,-0.9659258262890683,-0.25881904510252063,21.6,71.2,0.0,0.0,37556.45902
27029.93763,26726.4,53756.33763,-0.9659258262890684,0.2588190451025203,21.7,76.8,0.0,0.0,43842.11921
25488.1459,25891.08434,51379.230240000004,-0.9659258262890684,0.2588190451025203,15.36,73.8,2.6400000000000006,0.0,42124.55696
27651.95354,26049.40439,53701.35793,-0.7071067811865471,-0.7071067811865479,27.03,63.85,0.0,3.030000000000001,39834.13984
19063.29114,16816.06695,35879.35809,0.9659258262890683,-0.25881904510252063,24.43,83.7,0.0,0.4299999999999997,26210.23256
25184.81013,26456.23431,51641.04444,0.7071067811865476,-0.7071067811865475,31.94,29.51,0.0,7.940000000000001,35089.43522
17370.73171,17715.48387,35086.215580000004,0.0,1.0,12.74,55.31,5.26,0.0,29952.0
14246.56965,11208.1716,25454.74125,0.9659258262890683,0.25881904510252074,21.12,85.1,0.0,0.0,23078.23009
14102.78638,11333.4413,25436.22768,1.0,6.123233995736766e-17,13.4,83.8,4.6,0.0,23077.77049
16441.95519,23371.63636,39813.59155,-0.25881904510252157,0.9659258262890681,15.69,85.3,2.3100000000000005,0.0,35638.83746
32114.88912,25080.37618,57195.2653,-0.8660254037844384,-0.5000000000000004,29.89,55.25,0.0,5.890000000000001,40556.53718
15198.78419,11242.13065,26440.914839999998,0.9659258262890683,-0.25881904510252063,13.0,65.95,5.0,0.0,23265.76271
20473.59667,12002.45148,32476.04815,0.7071067811865476,-0.7071067811865475,21.67,88.4,0.0,0.0,31138.40708
21435.34304,20168.82533,41604.16837,-0.25881904510252157,0.9659258262890681,20.39,76.7,0.0,0.0,37490.97345
18379.33884,10247.71084,28627.04968,0.25881904510252074,0.9659258262890683,12.54,88.3,5.460000000000001,0.0,23101.53846
25484.40748,22581.08274,48065.49022000001,-0.7071067811865477,0.7071067811865474,23.27,66.26,0.0,0.0,42900.53097
12856.61914,13713.45455,26570.07369,0.9659258262890683,0.25881904510252074,15.11,68.86,2.8900000000000006,0.0,22382.77718
16661.39818,17459.27711,34120.67529,0.25881904510252074,0.9659258262890683,5.496,78.2,12.504,0.0,25446.07595
12900.611,15325.09091,28225.701910000003,0.7071067811865475,0.7071067811865476,12.02,75.0,5.98,0.0,24044.43488
30443.15353,17536.77812,47979.93165,-0.7071067811865477,0.7071067811865474,18.42,67.71,0.0,0.0,37868.53392
33551.39613,16549.33974,50100.735870000004,-0.8660254037844386,0.5000000000000001,12.83,66.69,5.17,0.0,39032.69962
11409.11854,10524.30151,21933.42005,0.9659258262890683,-0.25881904510252063,10.42,82.3,7.58,0.0,20379.66102
13773.11609,16500.36364,30273.47973,0.25881904510252074,0.9659258262890683,14.57,90.1,3.4299999999999997,0.0,25055.06997
21141.75153,27665.45455,48807.20608,-0.7071067811865477,0.7071067811865474,14.77,85.8,3.2300000000000004,0.0,41609.64478
28822.45322,18450.82737,47273.280589999995,-0.8660254037844386,0.5000000000000001,23.0,83.6,0.0,0.0,44933.09735
13473.55623,13690.85427,27164.410499999998,0.8660254037844386,0.5000000000000001,13.34,58.14,4.66,0.0,22124.74576
14118.29268,10567.74194,24686.03462,1.0,6.123233995736766e-17,14.38,65.97,3.619999999999999,0.0,25037.61702
14947.11246,15169.15663,30116.26909,0.9659258262890683,0.25881904510252074,11.87,58.8,6.130000000000001,0.0,24054.68354
14363.34012,17832.72727,32196.06739,0.0,1.0,15.05,86.7,2.9499999999999993,0.0,25600.68891
16549.36709,17159.49791,33708.865,1.0,6.123233995736766e-17,21.57,48.52,0.0,0.0,25623.3887
21046.15385,14720.65373,35766.80758,-0.4999999999999998,-0.8660254037844388,24.67,61.75,0.0,0.6700000000000017,35719.64602
20627.02703,16262.14505,36889.172080000004,-0.8660254037844384,-0.5000000000000004,26.49,66.79,0.0,2.4899999999999984,31463.36283
24953.52697,19217.5076,44171.03457,-0.8660254037844386,0.5000000000000001,21.52,65.66,0.0,0.0,44611.64114
25712.6935,26800.32389,52513.01739,-0.7071067811865477,0.7071067811865474,23.49,57.94,0.0,0.0,43650.09836
22894.80249,20280.61287,43175.41536,-0.5000000000000004,0.8660254037844384,20.06,66.32,0.0,0.0,40511.15044
22269.85447,18751.01538,41020.86985,-0.8660254037844384,-0.5000000000000004,25.35,53.28,0.0,1.3500000000000014,35386.49007
26236.70886,28083.01255,54319.72141,0.49999999999999994,-0.8660254037844387,35.06,25.35,0.0,11.060000000000002,37538.87043
18098.48024,17945.06024,36043.540479999996,0.0,1.0,11.15,60.0,6.85,0.0,28411.13924
18100.82988,13375.80547,31476.63535,0.0,1.0,18.35,85.1,0.0,0.0,30192.73523
15311.8541,15186.50602,30498.36012,1.0,6.123233995736766e-17,8.61,84.6,9.39,0.0,23793.41772
18850.50916,17530.18182,36380.69098,-0.8660254037844384,-0.5000000000000004,15.85,84.7,2.1500000000000004,0.0,33133.95048
21643.99185,18036.36364,39680.35549,0.258819045102521,-0.9659258262890682,19.31,54.06,0.0,0.0,36110.05382
15875.10373,11578.35866,27453.46239,0.7071067811865475,0.7071067811865476,16.83,79.5,1.1700000000000017,0.0,26537.593
24651.73366,9813.205282,34464.938942,0.258819045102521,-0.9659258262890682,16.12,62.38,1.879999999999999,0.0,31050.95057
19677.81155,14186.0241,33863.83565,0.7071067811865476,-0.7071067811865475,6.844,71.2,11.155999999999999,0.0,29474.43038
12848.78049,15334.83871,28183.6192,0.9659258262890683,0.25881904510252074,14.24,76.8,3.76,0.0,25687.14894
17493.70973,9663.385354,27157.095084,0.9659258262890683,0.25881904510252074,8.52,86.4,9.48,0.0,22138.40304
18520.57026,18187.63636,36708.20662,-0.8660254037844384,-0.5000000000000004,13.97,81.7,4.029999999999999,0.0,32141.91604
22686.93009,19402.40964,42089.33973000001,-0.9659258262890683,-0.25881904510252063,14.89,65.45,3.1099999999999994,0.0,34669.36709
25396.96049,25769.63855,51166.59904,-0.8660254037844386,0.5000000000000001,14.63,58.31,3.369999999999999,0.0,42349.36709
17940.49587,10664.09639,28604.592259999998,0.49999999999999994,0.8660254037844387,14.97,86.6,3.0299999999999994,0.0,22535.38462
24630.99174,17603.85542,42234.847160000005,-0.4999999999999998,-0.8660254037844388,19.62,68.55,0.0,0.0,30418.46154
14429.93763,13314.48417,27744.4218,0.8660254037844386,0.5000000000000001,20.92,81.9,0.0,0.0,26021.9469
30620.90813,32435.3605,63056.26863,-0.7071067811865477,0.7071067811865474,25.09,54.34,0.0,1.0899999999999999,48119.33407
14341.64134,15452.53012,29794.171459999998,0.25881904510252074,0.9659258262890683,5.593,73.4,12.407,0.0,23550.37975
23774.22037,23229.04615,47003.26652,0.25881904510252074,0.9659258262890683,20.04,89.3,0.0,0.0,37738.80795
15705.77508,14365.3012,30071.07628,0.9659258262890683,-0.25881904510252063,13.15,84.7,4.85,0.0,25421.77215
16645.32225,16884.18462,33529.50687,0.8660254037844386,0.5000000000000001,19.26,90.5,0.0,0.0,26473.11258
19367.08861,24968.03347,44335.12208,0.49999999999999994,0.8660254037844387,24.93,84.6,0.0,0.9299999999999997,29820.59801
20298.34711,12127.22892,32425.576029999997,0.8660254037844387,-0.49999999999999983,15.8,86.4,2.1999999999999993,0.0,25372.30769
22217.35537,18783.61446,41000.96983,-0.4999999999999998,-0.8660254037844388,19.76,66.94,0.0,0.0,30633.84615
13415.19757,14825.48744,28240.68501,0.9659258262890683,0.25881904510252074,7.03,62.44,10.969999999999999,0.0,22014.91525
25606.32911,28643.34728,54249.67639,0.258819045102521,-0.9659258262890682,28.22,65.6,0.0,4.219999999999999,38081.06312
12365.85366,10347.09677,22712.95043,1.0,6.123233995736766e-17,11.4,75.9,6.6,0.0,20564.42553
15601.2474,12584.92339,28186.17079,0.7071067811865475,0.7071067811865476,21.1,91.2,0.0,0.0,26034.69027
16294.73684,15676.76113,31971.49797,0.25881904510252074,0.9659258262890683,21.49,53.04,0.0,0.0,26388.98361
22864.46281,8975.421687,31839.884497,0.49999999999999994,-0.8660254037844387,20.48,48.0,0.0,0.0,28406.15385
27089.2562,14359.51807,41448.77427,-0.5000000000000004,0.8660254037844384,16.16,58.31,1.8399999999999999,0.0,33089.23077
15927.38589,10667.96353,26595.34942,0.8660254037844386,0.5000000000000001,17.98,88.9,0.019999999999999574,0.0,24684.814
25756.36698,9530.852341,35287.219321,1.2246467991473532e-16,-1.0,16.42,65.65,1.5799999999999983,0.0,32608.36502
16284.31772,16209.45455,32493.77227,0.7071067811865476,-0.7071067811865475,18.59,66.57,0.0,0.0,27342.94941
27641.77215,33939.41423,61581.18638,-1.0,-1.8369701987210297e-16,28.89,47.69,0.0,4.890000000000001,39573.68771
14085.65489,13085.02554,27170.68043,0.7071067811865476,-0.7071067811865475,23.84,60.02,0.0,0.0,25301.9469
17970.06237,23051.81538,41021.87775,-0.9659258262890684,0.2588190451025203,25.35,67.18,0.0,1.3500000000000014,28660.13245
22929.11392,27902.25941,50831.37333,0.0,1.0,23.9,56.26,0.0,0.0,32097.80731
19813.0031,13910.2834,33723.2865,0.8660254037844387,-0.49999999999999983,18.31,85.5,0.0,0.0,31148.06557
15862.72912,18443.63636,34306.36548,0.0,1.0,15.37,89.0,2.630000000000001,0.0,27634.35953
26315.70248,10623.61446,36939.316940000004,1.2246467991473532e-16,-1.0,16.05,33.37,1.9499999999999993,0.0,31470.76923
30733.8843,17106.50602,47840.390320000006,-0.8660254037844386,0.5000000000000001,17.29,80.3,0.7100000000000009,0.0,37249.23077
28011.57025,17199.03614,45210.60639,-0.9659258262890683,-0.25881904510252063,21.09,63.68,0.0,0.0,32990.76923
16284.14634,16809.67742,33093.82376,0.0,1.0,11.65,86.0,6.35,0.0,27562.21277
24910.21672,25669.31174,50579.52846,-0.8660254037844386,0.5000000000000001,20.62,57.94,0.0,0.0,43524.19672
23066.94387,14073.46272,37140.40659,0.7071067811865476,-0.7071067811865475,23.28,54.85,0.0,0.0,35197.16814
27893.49845,26170.68826,54064.186709999994,-0.7071067811865477,0.7071067811865474,17.86,70.6,0.14000000000000057,0.0,45727.47541
24744.3038,30209.87448,54954.17828,-0.9659258262890683,-0.25881904510252063,27.43,69.45,0.0,3.4299999999999997,36588.43854
29140.22706,13639.37575,42779.60281,-0.5000000000000004,0.8660254037844384,13.76,48.93,4.24,0.0,34013.68821
17623.17073,16612.25806,34235.428790000005,-0.2588190451025208,-0.9659258262890683,15.38,49.17,2.619999999999999,0.0,32372.42553
20491.13924,26052.5523,46543.69154,0.258819045102521,-0.9659258262890682,28.0,51.83,0.0,4.0,33462.85714
19031.70732,15555.48387,34587.19119,-0.7071067811865471,-0.7071067811865479,15.25,67.56,2.75,0.0,35086.97872
21669.30091,16800.0,38469.300910000005,-0.4999999999999998,-0.8660254037844388,15.64,55.35,2.3599999999999994,0.0,28556.96203
15626.00619,15361.94332,30987.94951,0.49999999999999994,0.8660254037844387,18.61,70.8,0.0,0.0,25520.2623
13962.31003,13960.48193,27922.791960000002,0.8660254037844386,0.5000000000000001,7.26,77.1,10.74,0.0,22061.77215
12656.96203,15400.16736,28057.129390000002,1.0,6.123233995736766e-17,20.58,81.8,0.0,0.0,21821.66113
28911.57025,16158.07229,45069.64254,-0.9659258262890683,-0.25881904510252063,14.84,54.75,3.16,0.0,37944.61538
15516.10942,14509.87952,30025.988940000003,1.0,6.123233995736766e-17,11.33,76.8,6.67,0.0,24255.18987
31938.84298,20102.16867,52041.01165,-0.8660254037844386,0.5000000000000001,15.15,76.5,2.8499999999999996,0.0,37815.38462
26563.46749,25785.91093,52349.378419999994,-0.7071067811865477,0.7071067811865474,18.72,85.0,0.0,0.0,44204.06557
16612.80992,11687.71084,28300.52076,0.25881904510252074,0.9659258262890683,13.81,82.7,4.1899999999999995,0.0,24603.07692
25721.58055,25251.37688,50972.957429999995,-0.9659258262890684,0.2588190451025203,14.9,67.42,3.0999999999999996,0.0,43590.50847
15938.58921,11753.43465,27692.02386,0.7071067811865475,0.7071067811865476,16.64,79.9,1.3599999999999994,0.0,26537.593
14462.00608,15844.34171,30306.34779,0.25881904510252074,0.9659258262890683,12.82,72.9,5.18,0.0,25145.08475
16120.12384,15670.93117,31791.05501,0.25881904510252074,0.9659258262890683,18.66,88.0,0.0,0.0,25734.29508
24361.09422,24342.51256,48703.60678,-0.5000000000000004,0.8660254037844384,9.86,58.49,8.14,0.0,39386.44068
16344.07295,11664.57831,28008.65126,0.8660254037844387,-0.49999999999999983,9.04,81.9,8.96,0.0,24115.44304
34760.16598,17297.5076,52057.67358,-0.9659258262890683,-0.25881904510252063,19.19,69.68,0.0,0.0,41271.59737
13685.10638,13841.36683,27526.47321,0.8660254037844386,0.5000000000000001,15.49,62.08,2.51,0.0,22368.81356
25487.57288,10274.18968,35761.76256,-0.4999999999999998,-0.8660254037844388,16.49,68.56,1.5100000000000016,0.0,30941.44487
17787.37271,22789.81818,40577.19089,-0.25881904510252157,0.9659258262890681,16.54,82.6,1.4600000000000009,0.0,32526.32939
12973.93075,15365.81818,28339.74893,0.49999999999999994,0.8660254037844387,15.88,87.6,2.119999999999999,0.0,24230.44133
19382.37082,15925.38693,35307.757750000004,-0.9659258262890683,-0.25881904510252063,14.65,62.48,3.3499999999999996,0.0,31423.72881
16057.02648,19194.18182,35251.2083,-0.25881904510252157,0.9659258262890681,14.97,83.9,3.0299999999999994,0.0,29004.6071
24369.23077,24392.86154,48762.09231,-0.25881904510252157,0.9659258262890681,20.39,86.1,0.0,0.0,43664.10596
20335.23422,18397.09091,38732.32513,-0.7071067811865471,-0.7071067811865479,22.36,39.27,0.0,0.0,32898.3423
13496.34146,15259.35484,28755.6963,0.9659258262890683,0.25881904510252074,11.53,79.0,6.470000000000001,0.0,23113.53191
12042.76986,17280.0,29322.76986,0.25881904510252074,0.9659258262890683,15.43,85.1,2.5700000000000003,0.0,25557.28741
28212.47401,20310.03064,48522.50465,-0.9659258262890684,0.2588190451025203,23.36,81.3,0.0,0.0,46640.70796
18414.36114,19525.01567,37939.37681,0.9659258262890683,0.25881904510252074,25.7,83.3,0.0,1.6999999999999993,27885.81576
27271.2831,26088.72727,53360.01037,-0.8660254037844386,0.5000000000000001,18.93,58.99,0.0,0.0,44281.93757
18699.17355,9281.927711,27981.101261,1.0,6.123233995736766e-17,15.3,77.0,2.6999999999999993,0.0,23230.76923
10025.36383,11100.55385,21125.91768,1.0,6.123233995736766e-17,19.96,86.2,0.0,0.0,21310.72848
13303.86965,14871.27273,28175.14238,0.7071067811865475,0.7071067811865476,14.16,81.3,3.84,0.0,22457.17976
24887.60331,13480.48193,38368.08524,-0.8660254037844384,-0.5000000000000004,20.27,67.34,0.0,0.0,30172.30769
20698.1289,22732.8,43430.9289,0.49999999999999994,0.8660254037844387,21.49,61.24,0.0,0.0,38603.44371
14125.0774,10773.76518,24898.84258,0.9659258262890683,-0.25881904510252063,19.06,90.8,0.0,0.0,22775.60656
22790.02079,23660.30769,46450.32848,0.49999999999999994,0.8660254037844387,19.34,86.3,0.0,0.0,38781.45695
26731.99578,24731.28527,51463.281050000005,-0.5000000000000004,0.8660254037844384,24.68,86.4,0.0,0.6799999999999997,43529.23418
17915.85366,16664.51613,34580.36979,-0.4999999999999998,-0.8660254037844388,15.76,45.06,2.24,0.0,31257.19149
21042.76986,18752.0,39794.76986,1.2246467991473532e-16,-1.0,20.53,58.26,0.0,0.0,35223.42304
21975.2322,21570.8502,43546.0824,0.0,1.0,22.14,60.71,0.0,0.0,35667.93443
25758.05471,25291.8995,51049.954209999996,-0.7071067811865477,0.7071067811865474,13.81,64.66,4.1899999999999995,0.0,42181.01695
16200.0,11846.80851,28046.808510000003,0.49999999999999994,0.8660254037844387,17.82,85.7,0.17999999999999972,0.0,25491.46608
18905.49898,18949.81818,37855.31716,0.258819045102521,-0.9659258262890682,16.0,79.4,2.0,0.0,35204.82239
18746.88797,13066.50456,31813.392529999997,0.0,1.0,21.93,59.2,0.0,0.0,29108.7965
15526.40333,20848.24615,36374.64948,0.49999999999999994,-0.8660254037844387,22.64,68.18,0.0,0.0,31775.36424
19876.03559,8297.719088,28173.754677999998,0.49999999999999994,-0.8660254037844387,17.08,62.81,0.9200000000000017,0.0,26676.80608
28444.30807,15195.19808,43639.50615,-0.8660254037844386,0.5000000000000001,15.28,75.6,2.7200000000000006,0.0,35656.27376
17927.8481,20491.38075,38419.22885,0.7071067811865475,0.7071067811865476,20.74,72.6,0.0,0.0,27415.81395
27457.75076,26099.27711,53557.02787,-0.8660254037844386,0.5000000000000001,10.43,72.0,7.57,0.0,43424.81013
18235.69166,16991.09718,35226.78884,0.9659258262890683,-0.25881904510252063,24.16,89.3,0.0,0.16000000000000014,27559.77802
14556.84647,13107.35562,27664.20209,0.8660254037844386,0.5000000000000001,13.91,72.5,4.09,0.0,26228.7965
23659.7561,25809.67742,49469.43352,-0.9659258262890684,0.2588190451025203,16.55,56.81,1.4499999999999993,0.0,40797.95745
21144.3038,25474.14226,46618.44606,0.7071067811865475,0.7071067811865476,26.45,58.65,0.0,2.4499999999999993,31294.08638
20188.38174,11946.01824,32134.399980000002,0.7071067811865476,-0.7071067811865475,18.5,90.2,0.0,0.0,31938.38074
16030.39514,11849.63855,27880.03369,0.8660254037844387,-0.49999999999999983,15.37,77.3,2.630000000000001,0.0,26084.05063
26174.6888,19013.25228,45187.941080000004,-0.9659258262890684,0.2588190451025203,20.62,81.0,0.0,0.0,44340.65646
18091.64969,19845.81818,37937.46786999999,-1.0,-1.8369701987210297e-16,13.66,85.4,4.34,0.0,33146.35091
13783.58663,13972.04819,27755.63482,0.7071067811865475,0.7071067811865476,10.88,60.83,7.119999999999999,0.0,22323.03797
21453.36049,27077.81818,48531.178669999994,-0.8660254037844386,0.5000000000000001,17.7,68.8,0.3000000000000007,0.0,42111.86222
19268.60707,15744.39224,35012.99931,0.0,1.0,21.45,59.02,0.0,0.0,32138.76106
22834.92723,22195.2,45030.12723,0.7071067811865475,0.7071067811865476,16.54,76.3,1.4600000000000009,0.0,36670.72848
26614.29886,12878.7515,39493.05036,-0.5000000000000004,0.8660254037844384,12.63,83.1,5.369999999999999,0.0,31166.53992
27049.36709,29010.87866,56060.24575,-0.7071067811865471,-0.7071067811865479,29.62,62.14,0.0,5.620000000000001,39733.15615
24829.52183,24404.67692,49234.19875,0.0,1.0,21.42,66.94,0.0,0.0,39760.5298
23530.97713,9913.789581,33444.766711000004,0.7071067811865476,-0.7071067811865475,20.56,82.1,0.0,0.0,32240.70796
16349.37759,9623.343465,25972.721055,1.0,6.123233995736766e-17,19.8,88.5,0.0,0.0,25995.62363
19803.79747,24401.67364,44205.47111,0.49999999999999994,0.8660254037844387,22.08,64.8,0.0,0.0,28493.8206
17472.34927,14055.81205,31528.16132,-0.7071067811865471,-0.7071067811865479,24.39,61.35,0.0,0.39000000000000057,33387.61062
29681.3278,17338.35866,47019.68646,-0.8660254037844386,0.5000000000000001,17.55,81.1,0.4499999999999993,0.0,38902.05689
16227.06352,8706.842737,24933.906257000002,0.8660254037844386,0.5000000000000001,14.3,77.0,3.6999999999999993,0.0,21231.93916
19441.54649,7070.348139,26511.894629000002,0.8660254037844387,-0.49999999999999983,14.76,70.8,3.24,0.0,23890.4943
22509.35551,15585.53626,38094.89177,-1.0,-1.8369701987210297e-16,23.12,81.8,0.0,0.0,36586.19469
18852.40871,10014.88595,28867.29466,0.25881904510252074,0.9659258262890683,15.05,56.54,2.9499999999999993,0.0,22692.01521
24558.22785,23919.66527,48477.89312,-0.7071067811865471,-0.7071067811865479,34.15,37.25,0.0,10.149999999999999,36390.69767
24260.70686,31446.64615,55707.35301,-0.8660254037844386,0.5000000000000001,23.95,74.3,0.0,0.0,38857.74834
14667.61711,17082.18182,31749.79893,0.25881904510252074,0.9659258262890683,16.98,63.33,1.0199999999999996,0.0,26102.90635
22895.85062,12027.72036,34923.570980000004,0.258819045102521,-0.9659258262890682,19.75,87.4,0.0,0.0,36022.05689
22597.14868,27735.27273,50332.421409999995,-0.8660254037844386,0.5000000000000001,15.92,79.1,2.08,0.0,43618.51453
17925.15593,16426.88458,34352.040510000006,0.0,1.0,21.26,60.89,0.0,0.0,30322.83186
16851.14345,16742.4,33593.54345,0.8660254037844386,0.5000000000000001,20.7,89.4,0.0,0.0,27757.35099
18784.23237,12815.56231,31599.79468,-0.7071067811865471,-0.7071067811865479,22.64,70.9,0.0,0.0,33350.02188
18402.95671,19109.71787,37512.67458,0.49999999999999994,0.8660254037844387,20.66,80.5,0.0,0.0,26063.84018
13415.85366,14185.16129,27601.01495,0.49999999999999994,0.8660254037844387,12.92,71.4,5.08,0.0,24228.76596
22352.18295,31056.73846,53408.921409999995,-0.9659258262890684,0.2588190451025203,24.49,72.5,0.0,0.48999999999999844,36785.16556
25432.34121,9530.852341,34963.193551,-0.2588190451025208,-0.9659258262890683,16.75,60.45,1.25,0.0,31586.31179
14950.10395,14661.81818,29611.92213,0.7071067811865476,-0.7071067811865475,22.21,49.22,0.0,0.0,27869.73451
16864.06873,9697.959184,26562.027914,0.8660254037844386,0.5000000000000001,6.421,90.4,11.579,0.0,21663.87833
30449.84161,27746.70846,58196.55007,-0.7071067811865471,-0.7071067811865479,31.02,50.08,0.0,7.02,42960.26637
15321.36223,15227.85425,30549.216480000003,0.49999999999999994,0.8660254037844387,16.07,71.3,1.9299999999999997,0.0,24475.27869
17025.61983,10143.61446,27169.23429,0.49999999999999994,0.8660254037844387,19.76,76.3,0.0,0.0,21753.84615
21525.15593,12449.60163,33974.75756,0.7071067811865476,-0.7071067811865475,21.33,93.7,0.0,0.0,30877.16814
25724.05063,31384.76987,57108.8205,-0.9659258262890683,-0.25881904510252063,32.44,39.65,0.0,8.439999999999998,37481.46179
21899.08815,14978.31325,36877.4014,0.258819045102521,-0.9659258262890682,16.91,74.1,1.0899999999999999,0.0,34857.72152
24652.88754,24886.67337,49539.56091,-0.9659258262890684,0.2588190451025203,14.36,59.78,3.6400000000000006,0.0,41009.49153
20319.08714,14863.95137,35183.03851,-0.25881904510252157,0.9659258262890681,17.98,92.2,0.019999999999999574,0.0,31490.94092
18926.05094,8389.915966,27315.966906,1.0,6.123233995736766e-17,16.2,69.06,1.8000000000000007,0.0,23336.88213
28507.59494,34403.34728,62910.94222,-0.7071067811865477,0.7071067811865474,24.57,84.3,0.0,0.5700000000000003,45805.71429
22595.4262,18321.38917,40916.81537,-0.25881904510252157,0.9659258262890681,22.25,63.79,0.0,0.0,37624.77876
22329.72973,25405.18897,47734.918699999995,-0.9659258262890684,0.2588190451025203,21.38,55.29,0.0,0.0,42734.86726
25811.59865,10020.64826,35832.24691,-0.2588190451025208,-0.9659258262890683,17.79,60.08,0.21000000000000085,0.0,32523.19392
23522.18845,25685.54774,49207.73619,-0.7071067811865477,0.7071067811865474,9.8,51.44,8.2,0.0,40728.81356
18696.53768,18146.90909,36843.44677,0.0,1.0,15.4,77.5,2.5999999999999996,0.0,29413.82131
21523.40426,17083.37349,38606.77775,-0.4999999999999998,-0.8660254037844388,17.3,57.3,0.6999999999999993,0.0,33016.70886
24975.94937,29342.25941,54318.20878,-0.8660254037844384,-0.5000000000000004,29.14,50.49,0.0,5.140000000000001,35708.17276
31951.42555,33831.72414,65783.14968999999,-0.8660254037844386,0.5000000000000001,22.5,49.78,0.0,0.0,48777.80244
22377.18941,26088.72727,48465.916679999995,-0.9659258262890684,0.2588190451025203,17.53,75.3,0.46999999999999886,0.0,41219.03122
19032.21884,18733.02513,37765.24397,-0.25881904510252157,0.9659258262890681,13.84,66.49,4.16,0.0,30886.77966
20981.70732,21025.16129,42006.868610000005,-0.25881904510252157,0.9659258262890681,12.91,66.76,5.09,0.0,35650.7234
19515.59252,20470.15385,39985.74636999999,-0.7071067811865471,-0.7071067811865479,23.25,70.6,0.0,0.0,33441.0596
21102.2869,13279.18284,34381.46974,-0.4999999999999998,-0.8660254037844388,26.98,51.32,0.0,2.9800000000000004,33642.47788
16444.30807,9605.762305,26050.070375,0.9659258262890683,0.25881904510252074,15.12,68.88,2.880000000000001,0.0,21913.30798
19430.4878,17732.90323,37163.39103,0.258819045102521,-0.9659258262890682,24.46,44.75,0.0,0.46000000000000085,37807.65957
18889.54593,18140.68966,37030.23559,0.25881904510252074,0.9659258262890683,24.32,90.0,0.0,0.3200000000000003,29816.47059
19975.51867,14093.61702,34069.13569,-0.25881904510252157,0.9659258262890681,18.88,84.0,0.0,0.0,31623.28228
24206.19822,9202.40096,33408.59918,0.49999999999999994,-0.8660254037844387,15.84,69.69,2.16,0.0,30746.76806
16889.84351,8188.235294,25078.078803999997,0.7071067811865476,-0.7071067811865475,8.2,94.4,9.8,0.0,22619.01141
19246.15385,15620.83759,34866.99144,-0.25881904510252157,0.9659258262890681,18.44,87.5,0.0,0.0,34196.81416
25307.14943,9548.139256,34855.288686,-0.8660254037844384,-0.5000000000000004,17.17,46.4,0.8299999999999983,0.0,29590.87452
18081.81818,10455.90361,28537.721789999996,0.49999999999999994,0.8660254037844387,20.0,47.6,0.0,0.0,22676.92308
19407.90274,16521.64824,35929.55098,-0.7071067811865471,-0.7071067811865479,14.11,71.4,3.8900000000000006,0.0,33205.42373
19629.33415,7381.512605,27010.846755,0.8660254037844387,-0.49999999999999983,18.39,49.83,0.0,0.0,24395.43726
22789.02439,27069.67742,49858.70181,-0.7071067811865477,0.7071067811865474,12.7,82.4,5.300000000000001,0.0,42158.29787
21650.81313,11184.63385,32835.44698,0.0,1.0,8.88,80.7,9.12,0.0,25971.10266
25237.3444,13264.92401,38502.268410000004,1.2246467991473532e-16,-1.0,26.72,50.18,0.0,2.719999999999999,36639.64989
19940.42553,17060.24096,37000.66649,-0.2588190451025208,-0.9659258262890683,18.5,47.35,0.0,0.0,33764.05063
15931.12033,11992.70517,27923.8255,0.8660254037844386,0.5000000000000001,24.33,56.19,0.0,0.3299999999999983,27218.20569
21390.91869,23629.84326,45020.76195,0.25881904510252074,0.9659258262890683,23.37,79.0,0.0,0.0,31619.26748
21878.04878,22308.3871,44186.435880000005,-0.5000000000000004,0.8660254037844384,11.27,80.3,6.73,0.0,37292.93617
28304.38785,15085.71429,43390.10214,-0.8660254037844386,0.5000000000000001,15.22,75.7,2.7799999999999994,0.0,35254.75285
16806.3358,17280.0,34086.3358,0.9659258262890683,-0.25881904510252063,23.56,83.1,0.0,0.0,25999.91121
23262.39669,13781.20482,37043.60151,-0.8660254037844384,-0.5000000000000004,19.31,68.91,0.0,0.0,29883.07692
15004.97925,12342.85714,27347.83639,0.49999999999999994,0.8660254037844387,19.75,70.2,0.0,0.0,26348.53392
25298.48024,24788.26131,50086.741550000006,-1.0,-1.8369701987210297e-16,13.45,63.61,4.550000000000001,0.0,41857.62712
20541.17647,20334.89879,40876.07526,0.25881904510252074,0.9659258262890683,18.72,88.9,0.0,0.0,33829.77049
19774.39024,17814.19355,37588.583790000004,1.2246467991473532e-16,-1.0,19.39,59.08,0.0,0.0,34596.76596
13287.80488,10991.6129,24279.41778,1.0,6.123233995736766e-17,10.57,83.3,7.43,0.0,21814.46809
22361.82573,11765.10638,34126.93211,0.258819045102521,-0.9659258262890682,21.32,91.3,0.0,0.0,38215.14223
23410.99796,28648.72727,52059.72523,-0.8660254037844386,0.5000000000000001,18.01,77.7,0.0,0.0,43351.90527
18354.77178,14957.32523,33312.09701,-0.25881904510252157,0.9659258262890681,21.87,63.29,0.0,0.0,32770.2407
9582.892057,11194.18182,20777.073877,1.0,6.123233995736766e-17,11.84,87.4,6.16,0.0,19146.2648
25287.53799,24254.45783,49541.99582,-0.7071067811865477,0.7071067811865474,11.23,64.12,6.77,0.0,36376.70886
28646.82418,12164.22569,40811.04987,-0.9659258262890683,-0.25881904510252063,13.92,68.65,4.08,0.0,33898.09886
17606.19195,12079.67611,29685.86806,0.9659258262890683,-0.25881904510252063,13.98,82.3,4.02,0.0,27156.98361
19781.3278,10773.00912,30554.33692,0.7071067811865476,-0.7071067811865475,19.93,68.82,0.0,0.0,32089.62801
29282.78775,30701.94357,59984.73132,-0.5000000000000004,0.8660254037844384,21.7,56.15,0.0,0.0,43439.73363
28165.15312,27969.40439,56134.55751,-0.9659258262890683,-0.25881904510252063,27.31,71.6,0.0,3.3099999999999987,39066.99223
29880.33139,13904.44178,43784.77317,-0.5000000000000004,0.8660254037844384,13.59,49.5,4.41,0.0,34713.30798
25161.98522,23021.94357,48183.92879,0.49999999999999994,-0.8660254037844387,23.49,52.62,0.0,0.0,37078.80133
25511.39241,34547.94979,60059.3422,0.0,1.0,24.26,63.45,0.0,0.26000000000000156,36913.75415
27982.68215,26350.34483,54333.026979999995,-0.4999999999999998,-0.8660254037844388,26.87,64.69,0.0,2.870000000000001,40147.39179
20035.44304,20883.01255,40918.45559,0.9659258262890683,-0.25881904510252063,27.53,39.98,0.0,3.530000000000001,28404.51827
30326.58228,33258.57741,63585.15969,0.258819045102521,-0.9659258262890682,27.22,60.03,0.0,3.219999999999999,42469.63455
18377.17842,11070.6383,29447.816720000003,0.9659258262890683,0.25881904510252074,19.8,75.6,0.0,0.0,23953.78556
15479.25311,12663.82979,28143.0829,0.8660254037844386,0.5000000000000001,15.85,81.9,2.1500000000000004,0.0,26581.70678
12731.97556,16197.81818,28929.79374,0.8660254037844386,0.5000000000000001,14.31,89.3,3.6899999999999995,0.0,24608.65447
17047.71784,10271.12462,27318.84246,0.9659258262890683,-0.25881904510252063,16.23,78.8,1.7699999999999996,0.0,28749.58425
13489.78328,11111.90283,24601.686110000002,0.9659258262890683,0.25881904510252074,16.76,78.1,1.2399999999999984,0.0,21415.86885
25137.99392,24961.92965,50099.92357,-0.7071067811865477,0.7071067811865474,14.02,66.72,3.9800000000000004,0.0,42010.16949
13237.88187,15621.81818,28859.70005,0.7071067811865475,0.7071067811865476,16.76,72.6,1.2399999999999984,0.0,23957.63186
21347.36842,17489.87854,38837.246960000004,-0.9659258262890683,-0.25881904510252063,24.26,55.11,0.0,0.26000000000000156,33212.85246
22417.33746,21903.15789,44320.49535,-0.25881904510252157,0.9659258262890681,20.3,60.35,0.0,0.0,35554.62295
15247.71784,11520.0,26767.717839999998,0.8660254037844386,0.5000000000000001,19.2,62.39,0.0,0.0,26090.15317
16770.82067,16672.1608,33442.98147,0.0,1.0,13.11,71.6,4.890000000000001,0.0,27622.37288
27449.06445,32799.50769,60248.572140000004,-0.7071067811865477,0.7071067811865474,23.53,59.81,0.0,0.0,43861.19205
31227.98404,15978.87155,47206.85559,-0.9659258262890683,-0.25881904510252063,13.94,43.59,4.0600000000000005,0.0,35917.87072
23814.52282,16976.53495,40791.05777,-0.5000000000000004,0.8660254037844384,20.28,79.1,0.0,0.0,38278.16193
17872.34043,18442.40964,36314.75007,0.0,1.0,5.921,75.7,12.079,0.0,27335.6962
14221.2766,14093.49398,28314.770579999997,0.8660254037844386,0.5000000000000001,7.25,77.0,10.75,0.0,22450.63291
25649.58576,10245.37815,35894.963910000006,-0.8660254037844384,-0.5000000000000004,16.71,47.83,1.2899999999999991,0.0,30515.58935
16158.83576,13679.26456,29838.100319999998,0.8660254037844386,0.5000000000000001,22.44,79.5,0.0,0.0,26264.0708
27866.52893,19865.06024,47731.58917,-0.7071067811865477,0.7071067811865474,14.43,86.7,3.5700000000000003,0.0,34326.15385
18984.19958,18975.50769,37959.70727,-0.8660254037844384,-0.5000000000000004,22.52,56.05,0.0,0.0,36047.68212
19702.97637,7698.439376,27401.415746,0.8660254037844387,-0.49999999999999983,15.63,61.46,2.369999999999999,0.0,25344.48669
22511.20332,13008.1459,35519.349220000004,-0.7071067811865471,-0.7071067811865479,25.57,42.88,0.0,1.5700000000000003,35076.76149
20199.3921,20388.66332,40588.055420000004,-0.25881904510252157,0.9659258262890681,13.78,65.75,4.220000000000001,0.0,33443.38983
24933.7386,23959.51807,48893.25667,-0.7071067811865477,0.7071067811865474,10.99,86.1,7.01,0.0,40380.75949
31235.34827,16019.20768,47254.555949999994,-0.9659258262890684,0.2588190451025203,12.79,74.8,5.210000000000001,0.0,37578.70722
18890.83503,23773.09091,42663.92594,-0.5000000000000004,0.8660254037844384,15.54,73.3,2.460000000000001,0.0,34088.78364
23606.01411,12267.94718,35873.96129,-0.25881904510252157,0.9659258262890681,11.78,82.3,6.220000000000001,0.0,28550.57034
20662.02532,21527.69874,42189.72406,0.49999999999999994,-0.8660254037844387,26.18,50.0,0.0,2.1799999999999997,30656.21262
25948.10127,33216.40167,59164.50294,0.0,1.0,26.65,45.45,0.0,2.6499999999999986,36377.9402
25170.82067,24730.37186,49901.19253,-1.0,-1.8369701987210297e-16,9.67,75.3,8.33,0.0,41882.0339
14729.26829,15247.74194,29977.01023,0.25881904510252074,0.9659258262890683,12.97,71.0,5.029999999999999,0.0,25821.95745
19212.67159,21661.69279,40874.36438,0.49999999999999994,0.8660254037844387,23.61,72.2,0.0,0.0,30276.75916
17685.65489,16632.80899,34318.46388,0.0,1.0,20.83,78.4,0.0,0.0,30666.90265
29694.38669,22286.90501,51981.2917,-0.9659258262890684,0.2588190451025203,24.04,58.32,0.0,0.03999999999999915,48348.31858
25917.7686,10947.46988,36865.23848,-0.7071067811865471,-0.7071067811865479,20.74,52.9,0.0,0.0,30689.23077
19405.78512,10554.21687,29960.00199,0.25881904510252074,0.9659258262890683,11.61,58.25,6.390000000000001,0.0,22812.30769
25866.83032,10107.08283,35973.91315,1.2246467991473532e-16,-1.0,16.29,48.24,1.7100000000000009,0.0,29968.06084
25667.58184,29046.77116,54714.353,0.0,1.0,24.92,88.4,0.0,0.9200000000000017,35634.00666
13324.01216,14764.33735,28088.34951,0.49999999999999994,0.8660254037844387,15.44,64.89,2.5600000000000005,0.0,22590.37975
25036.70886,28745.77406,53782.482919999995,-0.7071067811865471,-0.7071067811865479,30.29,46.52,0.0,6.289999999999999,36352.42525
17760.99585,11770.94225,29531.9381,0.9659258262890683,0.25881904510252074,20.1,68.77,0.0,0.0,27527.00219
25344.89164,25302.02429,50646.91593,-0.7071067811865477,0.7071067811865474,19.78,61.78,0.0,0.0,42416.2623
17169.23077,20671.01538,37840.24615,0.49999999999999994,0.8660254037844387,22.19,71.9,0.0,0.0,28087.94702
21469.29461,12938.1155,34407.41011,-0.7071067811865471,-0.7071067811865479,22.62,70.1,0.0,0.0,34112.56018
14128.7169,18850.90909,32979.62599,0.0,1.0,13.87,87.3,4.130000000000001,0.0,27442.15285
14151.08359,14370.8502,28521.933790000003,0.8660254037844386,0.5000000000000001,17.56,81.7,0.4400000000000013,0.0,24072.39344
24671.59451,27680.50157,52352.09608,0.0,1.0,24.81,88.8,0.0,0.8099999999999987,33939.88901
21424.03259,28567.27273,49991.30532,-0.7071067811865477,0.7071067811865474,14.39,90.2,3.6099999999999994,0.0,42130.46286
17084.9954,9651.860744,26736.856143999998,0.49999999999999994,0.8660254037844387,10.48,82.8,7.52,0.0,21663.87833
22394.50898,25808.65204,48203.16102,0.25881904510252074,0.9659258262890683,23.62,80.3,0.0,0.0,32814.73918
16405.39419,10983.1003,27388.494489999997,0.7071067811865476,-0.7071067811865475,19.47,80.3,0.0,0.0,30602.36324
19261.0998,17000.72727,36261.82707,0.7071067811865476,-0.7071067811865475,13.99,76.7,4.01,0.0,32923.14316
26513.06991,25920.0,52433.06991,-0.8660254037844386,0.5000000000000001,12.57,63.97,5.43,0.0,43181.77215
17442.76986,15232.0,32674.76986,0.8660254037844387,-0.49999999999999983,14.29,75.0,3.710000000000001,0.0,29004.6071
25054.10334,20131.08434,45185.18768,-0.8660254037844384,-0.5000000000000004,14.79,50.92,3.210000000000001,0.0,36698.73418
32552.47934,17158.55422,49711.03356,-0.8660254037844386,0.5000000000000001,17.7,66.35,0.3000000000000007,0.0,37747.69231
20019.95927,17047.27273,37067.232,0.49999999999999994,-0.8660254037844387,18.38,56.0,0.0,0.0,33865.57589
28355.60166,19439.27052,47794.87218,-0.8660254037844386,0.5000000000000001,22.34,64.46,0.0,0.0,46514.83589
19474.42827,18550.15385,38024.58212,0.7071067811865476,-0.7071067811865475,23.91,70.8,0.0,0.0,29041.5894
26548.60681,26339.75709,52888.3639,-0.9659258262890684,0.2588190451025203,25.57,52.8,0.0,1.5700000000000003,43675.27869
23965.07277,19239.2237,43204.29647,-0.5000000000000004,0.8660254037844384,21.46,61.45,0.0,0.0,40294.51327
20658.22785,19256.23431,39914.462159999995,0.8660254037844387,-0.49999999999999983,23.86,87.2,0.0,0.0,30509.50166
18277.20365,17274.21106,35551.41471,-0.2588190451025208,-0.9659258262890683,17.78,49.57,0.21999999999999886,0.0,33065.08475
12277.39308,11223.27273,23500.66581,1.0,6.123233995736766e-17,14.67,81.2,3.33,0.0,21279.13886
18182.2645,7110.684274,25292.948774,0.8660254037844387,-0.49999999999999983,12.81,58.88,5.1899999999999995,0.0,23604.56274
14629.78723,11849.96985,26479.75708,0.8660254037844387,-0.49999999999999983,8.35,74.2,9.65,0.0,24345.76271
27062.72439,30220.43887,57283.16326,-1.0,-1.8369701987210297e-16,27.25,42.01,0.0,3.25,39488.92342
13344.19552,15185.45455,28529.65007,0.9659258262890683,0.25881904510252074,11.6,76.5,6.4,0.0,24577.65339
23519.75052,13820.46987,37340.22039,-0.2588190451025208,-0.9659258262890683,32.81,26.64,0.0,8.810000000000002,37051.32743
24077.32433,12221.84874,36299.17307,-0.25881904510252157,0.9659258262890681,9.7,80.0,8.3,0.0,28234.22053
25032.81734,14528.25911,39561.07645,0.49999999999999994,-0.8660254037844387,21.29,43.94,0.0,0.0,33993.44262
20866.31468,20096.80251,40963.117190000004,0.8660254037844386,0.5000000000000001,26.02,39.58,0.0,2.0199999999999996,30295.93785
15904.3659,12555.50562,28459.87152,0.8660254037844386,0.5000000000000001,20.41,60.99,0.0,0.0,27920.70796
26771.51703,25325.34413,52096.86116,-0.8660254037844386,0.5000000000000001,22.38,40.87,0.0,0.0,44644.72131
15106.32911,15894.22594,31000.555050000003,0.9659258262890683,0.25881904510252074,24.06,85.8,0.0,0.05999999999999872,23065.51495
15943.54096,9363.745498,25307.286458000002,0.7071067811865475,0.7071067811865476,6.928,85.7,11.072,0.0,20787.8327
23495.12195,23847.09677,47342.218720000004,-0.5000000000000004,0.8660254037844384,13.77,73.4,4.23,0.0,39168.0
14753.16456,18967.02929,33720.193849999996,0.9659258262890683,0.25881904510252074,22.3,47.82,0.0,0.0,22434.01993
24185.00528,25995.23511,50180.240390000006,0.25881904510252074,0.9659258262890683,27.52,56.39,0.0,3.5199999999999996,31740.73252
23891.24236,28805.81818,52697.06054,-0.9659258262890684,0.2588190451025203,18.14,52.75,0.0,0.0,46204.00431
21243.34365,16160.64777,37403.99142,0.49999999999999994,-0.8660254037844387,20.06,70.0,0.0,0.0,34157.11475
13373.52342,15575.27273,28948.796150000002,0.49999999999999994,0.8660254037844387,12.73,68.64,5.27,0.0,24118.83746
17055.3719,11230.84337,28286.21527,0.7071067811865475,0.7071067811865476,12.69,77.1,5.3100000000000005,0.0,22030.76923
25188.77339,26590.52308,51779.29647,0.49999999999999994,0.8660254037844387,20.67,83.5,0.0,0.0,41909.40397
19375.07599,20131.08434,39506.16033,0.0,1.0,6.414,74.5,11.586,0.0,29814.68354
19374.74542,24302.54545,43677.29087,-0.5000000000000004,0.8660254037844384,14.61,84.3,3.3900000000000006,0.0,36035.65124
17465.85366,18400.64516,35866.49882,0.0,1.0,13.79,71.4,4.210000000000001,0.0,30099.06383
29034.29752,17991.3253,47025.622820000004,-1.0,-1.8369701987210297e-16,17.84,80.1,0.16000000000000014,0.0,38566.15385
14826.74772,15057.04523,29883.79295,1.0,6.123233995736766e-17,10.11,62.22,7.890000000000001,0.0,24663.05085
25837.37343,9329.171669,35166.545098999995,-0.8660254037844384,-0.5000000000000004,13.15,60.85,4.85,0.0,30606.84411
26631.81818,10935.90361,37567.721789999996,-0.2588190451025208,-0.9659258262890683,19.28,59.28,0.0,0.0,34695.38462
15867.63485,11858.48024,27726.11509,0.8660254037844386,0.5000000000000001,20.89,70.6,0.0,0.0,27111.07221
15328.79257,14854.73684,30183.52941,0.8660254037844386,0.5000000000000001,18.01,88.2,0.0,0.0,25129.96721
24258.22785,32619.91632,56878.14417,-0.9659258262890684,0.2588190451025203,25.77,75.3,0.0,1.7699999999999996,38942.19269
20451.21951,17152.25806,37603.47757,-0.2588190451025208,-0.9659258262890683,10.51,66.24,7.49,0.0,34327.14894
27591.26819,21645.59755,49236.865739999994,-0.8660254037844386,0.5000000000000001,23.37,57.55,0.0,0.0,46373.09735
15512.46201,15931.17588,31443.637889999998,0.25881904510252074,0.9659258262890683,9.2,61.9,8.8,0.0,25877.28814
26654.13223,12763.37349,39417.50572,-0.9659258262890683,-0.25881904510252063,19.48,49.54,0.0,0.0,31476.92308
13997.46835,17123.34728,31120.81563,0.8660254037844387,-0.49999999999999983,22.93,83.4,0.0,0.0,23818.20598
15994.17879,15097.20123,31091.38002,0.0,1.0,17.27,62.73,0.7300000000000004,0.0,30367.43363
29139.83402,18009.48328,47149.317299999995,-0.7071067811865477,0.7071067811865474,20.94,68.27,0.0,0.0,35681.75055
18862.6556,10259.45289,29122.10849,0.8660254037844387,-0.49999999999999983,18.85,71.7,0.0,0.0,29726.3895
24295.44073,23323.37349,47618.81422,-0.5000000000000004,0.8660254037844384,12.87,67.96,5.130000000000001,0.0,37117.97468
22490.33446,8585.834334,31076.168793999997,0.7071067811865476,-0.7071067811865475,12.1,76.1,5.9,0.0,28045.62738
22811.39241,25492.21757,48303.60998,-0.7071067811865471,-0.7071067811865479,30.52,43.93,0.0,6.52,34375.01661
18881.8656,10135.89436,29017.759960000003,0.25881904510252074,0.9659258262890683,15.84,73.0,2.16,0.0,23415.96958
20976.29179,20200.48193,41176.77372,-0.25881904510252157,0.9659258262890681,11.11,65.19,6.890000000000001,0.0,33205.06329
16046.56965,13614.54545,29661.1151,0.25881904510252074,0.9659258262890683,21.51,89.3,0.0,0.0,27563.89381
27910.45407,32236.73981,60147.19388,-1.0,-1.8369701987210297e-16,26.32,53.92,0.0,2.3200000000000003,40179.35627
19225.53191,19477.59036,38703.12227,-0.25881904510252157,0.9659258262890681,11.47,69.63,6.529999999999999,0.0,31084.55696
17037.12795,9548.139256,26585.267205999997,0.49999999999999994,0.8660254037844387,9.94,68.43,8.06,0.0,21426.61597
23523.49272,21769.1522,45292.64492,-1.0,-1.8369701987210297e-16,23.51,75.7,0.0,0.0,40670.44248
26798.73418,29498.91213,56297.64631,-1.0,-1.8369701987210297e-16,32.15,28.58,0.0,8.149999999999999,39458.87043
20443.769,16602.69347,37046.46247,-0.2588190451025208,-0.9659258262890683,10.39,66.61,7.609999999999999,0.0,34401.35593
14476.59574,15331.08434,29807.68008,0.49999999999999994,0.8660254037844387,8.56,85.5,9.44,0.0,23410.63291
24524.06639,11006.44377,35530.51016,-0.8660254037844384,-0.5000000000000004,20.87,65.68,0.0,0.0,29581.4442
18583.61461,8240.096038,26823.710648,0.9659258262890683,-0.25881904510252063,15.18,63.66,2.8200000000000003,0.0,22673.76426
17349.17355,9825.542169,27174.715719,0.7071067811865475,0.7071067811865476,13.17,56.91,4.83,0.0,22049.23077
13798.17629,14232.28916,28030.46545,0.9659258262890683,0.25881904510252074,3.541,80.8,14.459,0.0,22584.3038
15945.56962,18756.15063,34701.72025,0.9659258262890683,0.25881904510252074,22.42,60.79,0.0,0.0,24596.41196
18274.31728,10170.46819,28444.78547,0.9659258262890683,0.25881904510252074,8.89,85.9,9.11,0.0,22460.8365
29967.7686,17031.3253,46999.0939,-0.9659258262890684,0.2588190451025203,18.43,74.8,0.0,0.0,37015.38462
20961.70213,16927.22892,37888.93105,1.2246467991473532e-16,-1.0,17.31,53.69,0.6900000000000013,0.0,34061.77215
24560.33058,17488.19277,42048.52335,-0.4999999999999998,-0.8660254037844388,19.7,68.68,0.0,0.0,30369.23077
23367.68743,22678.87147,46046.5589,-0.9659258262890683,-0.25881904510252063,26.48,71.1,0.0,2.4800000000000004,36759.15649
15837.00624,12985.00511,28822.01135,0.8660254037844386,0.5000000000000001,21.65,86.6,0.0,0.0,26155.75221
23142.32365,11379.93921,34522.26286,-0.2588190451025208,-0.9659258262890683,24.15,67.6,0.0,0.14999999999999858,34578.90591
13408.31601,14296.61538,27704.931389999998,0.9659258262890683,0.25881904510252074,16.86,70.9,1.1400000000000006,0.0,25557.61589
22009.7561,15880.64516,37890.40126,0.258819045102521,-0.9659258262890682,15.8,78.9,2.1999999999999993,0.0,31600.34043
26040.24896,18960.72948,45000.978440000006,-0.7071067811865477,0.7071067811865474,18.84,81.5,0.0,0.0,44164.20131
26438.66944,29443.93846,55882.6079,-0.9659258262890684,0.2588190451025203,26.03,38.03,0.0,2.030000000000001,49195.23179
18026.14108,12494.58967,30520.730750000002,-0.8660254037844384,-0.5000000000000004,21.5,72.9,0.0,0.0,31219.95624
21172.31405,11103.61446,32275.92851,0.0,1.0,12.6,74.8,5.4,0.0,25790.76923
13935.60372,12324.53441,26260.13813,0.9659258262890683,0.25881904510252074,16.82,88.1,1.1799999999999997,0.0,22259.40984
14081.91268,11254.15385,25336.06653,0.9659258262890683,0.25881904510252074,19.61,88.7,0.0,0.0,22429.66887
17258.05462,9991.836735,27249.891355,0.49999999999999994,0.8660254037844387,6.675,82.6,11.325,0.0,21298.85932
25393.38843,10802.89157,36196.28,-0.8660254037844384,-0.5000000000000004,15.37,32.86,2.630000000000001,0.0,30135.38462
33524.05063,27860.08368,61384.134309999994,0.258819045102521,-0.9659258262890682,28.81,48.89,0.0,4.809999999999999,41225.78073
17487.34177,21443.34728,38930.68905,0.7071067811865475,0.7071067811865476,20.73,81.5,0.0,0.0,27600.79734
13302.12766,13424.56281,26726.69047,0.7071067811865475,0.7071067811865476,7.44,89.1,10.559999999999999,0.0,21270.50847
17696.22584,7179.831933,24876.057773,0.9659258262890683,-0.25881904510252063,13.05,57.78,4.949999999999999,0.0,22947.52852
20593.31307,20281.44578,40874.75885,-0.25881904510252157,0.9659258262890681,12.54,71.5,5.460000000000001,0.0,30252.1519
26433.87542,10608.40336,37042.27878,-0.4999999999999998,-0.8660254037844388,14.57,37.18,3.4299999999999997,0.0,30199.23954
13178.1155,13980.30151,27158.417009999997,0.7071067811865475,0.7071067811865476,10.25,74.4,7.75,0.0,22143.05085
30297.51037,17431.73252,47729.24289,-0.8660254037844386,0.5000000000000001,18.73,78.3,0.0,0.0,39431.42232
33281.40496,20298.79518,53580.20014,-1.0,-1.8369701987210297e-16,19.62,76.2,0.0,0.0,39261.53846
23528.04878,25455.48387,48983.53265,-1.0,-1.8369701987210297e-16,16.91,55.01,1.0899999999999999,0.0,39842.04255
25276.59574,23982.6506,49259.24634,-0.5000000000000004,0.8660254037844384,9.85,69.48,8.15,0.0,39912.91139
26388.60759,25450.04184,51838.649430000005,0.7071067811865476,-0.7071067811865475,23.96,58.86,0.0,0.0,36875.48173
26669.90881,25002.45226,51672.36107,-0.8660254037844386,0.5000000000000001,14.67,65.55,3.33,0.0,42565.42373
15524.06639,12815.56231,28339.6287,0.8660254037844386,0.5000000000000001,19.54,69.16,0.0,0.0,26632.12254
20492.87169,17815.27273,38308.14442,0.49999999999999994,-0.8660254037844387,19.48,49.29,0.0,0.0,34770.80732
15199.18534,16965.81818,32165.00352,0.49999999999999994,-0.8660254037844387,16.0,78.5,2.0,0.0,28248.18084
20856.19835,12028.91566,32885.11401,0.0,1.0,19.98,80.0,0.0,0.0,25963.07692
26577.47775,9634.57383,36212.05158,-0.2588190451025208,-0.9659258262890683,14.31,40.92,3.6899999999999995,0.0,31196.95817
12533.05785,8726.746988,21259.804838,0.9659258262890683,-0.25881904510252063,14.27,82.5,3.7300000000000004,0.0,18707.69231
15855.71726,12990.88866,28846.60592,0.49999999999999994,0.8660254037844387,21.25,60.05,0.0,0.0,27251.68142
15369.13164,9801.680672,25170.812312000002,0.8660254037844386,0.5000000000000001,13.19,81.8,4.8100000000000005,0.0,20781.74905
20778.09917,11757.10843,32535.2076,0.0,1.0,17.82,51.4,0.17999999999999972,0.0,25593.84615
16476.92308,13702.79877,30179.72185,0.8660254037844386,0.5000000000000001,22.38,80.8,0.0,0.0,26710.0885
21662.32179,27200.0,48862.32179,-0.9659258262890684,0.2588190451025203,18.25,64.83,0.0,0.0,42254.46717
18211.98347,10380.72289,28592.706359999996,0.25881904510252074,0.9659258262890683,13.22,74.0,4.779999999999999,0.0,24049.23077
21364.73029,16708.08511,38072.8154,-1.0,-1.8369701987210297e-16,25.43,46.68,0.0,1.4299999999999997,38227.74617
21208.44773,21866.33229,43074.78002,0.49999999999999994,0.8660254037844387,21.57,53.89,0.0,0.0,30008.25749
20323.90852,17421.78462,37745.69314,-0.7071067811865471,-0.7071067811865479,23.1,68.96,0.0,0.0,36581.72185
15013.0031,15227.85425,30240.85735,0.49999999999999994,0.8660254037844387,17.44,87.7,0.5599999999999987,0.0,25054.42623
15339.29314,15803.07692,31142.37006,0.8660254037844386,0.5000000000000001,19.91,86.0,0.0,0.0,28265.96026
26079.41788,29331.69231,55411.11019,-0.7071067811865477,0.7071067811865474,22.86,51.93,0.0,0.0,48470.46358
16031.60083,13320.36772,29351.968549999998,0.8660254037844386,0.5000000000000001,20.5,70.3,0.0,0.0,27481.06195
27745.89666,26683.37349,54429.27015,-0.9659258262890684,0.2588190451025203,12.39,56.79,5.609999999999999,0.0,44336.20253
21195.13678,16695.31658,37890.45336,1.2246467991473532e-16,-1.0,18.69,46.36,0.0,0.0,35084.74576
15359.75104,10714.65046,26074.4015,0.8660254037844387,-0.49999999999999983,13.95,74.8,4.050000000000001,0.0,27205.60175
24922.78481,30830.46025,55753.24506,-0.9659258262890684,0.2588190451025203,26.8,73.3,0.0,2.8000000000000007,33985.91362
16365.36431,14535.4232,30900.787510000002,0.8660254037844386,0.5000000000000001,24.37,92.6,0.0,0.370000000000001,22387.92453
18134.43983,12693.00912,30827.448949999998,0.0,1.0,21.19,62.9,0.0,0.0,27993.34792
15310.21672,15099.59514,30409.81186,0.7071067811865475,0.7071067811865476,17.39,79.6,0.6099999999999994,0.0,25432.13115
20719.23903,7704.201681,28423.440711,0.8660254037844387,-0.49999999999999983,9.96,61.47,8.04,0.0,25435.74144
15455.10836,15332.79352,30787.901879999998,0.49999999999999994,0.8660254037844387,18.57,70.5,0.0,0.0,25344.0
15770.53942,10667.96353,26438.502950000002,0.7071067811865475,0.7071067811865476,18.03,88.8,0.0,0.0,24634.39825
12995.92668,11805.09091,24801.017590000003,1.0,6.123233995736766e-17,11.11,76.5,6.890000000000001,0.0,22940.79656
19812.76596,14214.93976,34027.70572,0.7071067811865476,-0.7071067811865475,10.94,87.1,7.0600000000000005,0.0,20275.44304
15320.58212,15052.8,30373.38212,0.7071067811865476,-0.7071067811865475,22.42,76.4,0.0,0.0,28685.56291
15039.00929,11024.45344,26063.46273,1.0,6.123233995736766e-17,18.83,52.65,0.0,0.0,23593.96721
15837.08207,14428.91566,30265.997730000003,0.49999999999999994,-0.8660254037844387,5.836,71.3,12.164,0.0,25920.0
17535.12397,11797.59036,29332.714330000003,0.9659258262890683,0.25881904510252074,12.51,76.5,5.49,0.0,22086.15385
26305.39419,18645.59271,44950.9869,-0.8660254037844386,0.5000000000000001,20.43,83.2,0.0,0.0,44031.85996
25757.58836,21063.12564,46820.714,-0.9659258262890684,0.2588190451025203,22.24,79.7,0.0,0.0,46041.76991
16641.58004,14079.34627,30720.926310000003,0.49999999999999994,0.8660254037844387,22.51,87.5,0.0,0.0,27863.36283
19057.31707,19126.45161,38183.76868,-0.25881904510252157,0.9659258262890681,13.25,84.9,4.75,0.0,32035.40426
11945.11435,10478.61083,22423.72518,0.9659258262890683,-0.25881904510252063,20.87,52.75,0.0,0.0,21472.56637
18908.20669,13517.18593,32425.39262,0.7071067811865476,-0.7071067811865475,13.13,76.3,4.869999999999999,0.0,28232.54237
16091.47609,18315.50562,34406.98171,-1.0,-1.8369701987210297e-16,23.33,53.78,0.0,0.0,31546.19469
21079.19747,21288.52665,42367.72412,0.7071067811865475,0.7071067811865476,25.63,89.6,0.0,1.629999999999999,29989.0788
14180.04073,17681.45455,31861.49528,-0.9659258262890683,-0.25881904510252063,16.4,78.2,1.6000000000000014,0.0,32253.51991
25135.37487,26861.94357,51997.31844,-0.8660254037844384,-0.5000000000000004,27.39,73.4,0.0,3.3900000000000006,39277.95782
29034.29752,16337.3494,45371.64692,-0.5000000000000004,0.8660254037844384,16.6,84.4,1.3999999999999986,0.0,34492.30769
21644.6281,10496.38554,32141.01364,0.7071067811865476,-0.7071067811865475,17.27,72.8,0.7300000000000004,0.0,28726.15385
18916.49695,20869.81818,39786.31513,-0.25881904510252157,0.9659258262890681,16.09,69.6,1.9100000000000001,0.0,30616.66308
17886.35438,18757.81818,36644.17256,-0.4999999999999998,-0.8660254037844388,14.23,89.0,3.7699999999999996,0.0,33301.3563
15761.15702,11242.40964,27003.56666,1.0,6.123233995736766e-17,10.34,87.7,7.66,0.0,21766.15385
17426.58228,20286.5272,37713.10948,1.0,6.123233995736766e-17,21.84,60.26,0.0,0.0,26758.80399
24072.1519,29396.48536,53468.63726,0.0,1.0,24.26,85.8,0.0,0.26000000000000156,35051.16279
17805.40541,16097.40552,33902.81093,0.25881904510252074,0.9659258262890683,20.57,83.8,0.0,0.0,29558.23009
23297.56098,27499.35484,50796.915819999995,-0.9659258262890684,0.2588190451025203,22.38,56.06,0.0,0.0,44682.89362
14057.14286,14174.45783,28231.60069,0.9659258262890683,0.25881904510252074,9.53,83.9,8.47,0.0,21041.01266
16241.07884,11870.15198,28111.23082,0.8660254037844386,0.5000000000000001,20.15,66.03,0.0,0.0,26266.60832
21223.65364,17045.26646,38268.9201,-0.7071067811865471,-0.7071067811865479,28.45,67.86,0.0,4.449999999999999,36445.90455
27933.47107,15602.89157,43536.36264,-0.9659258262890683,-0.25881904510252063,20.05,49.14,0.0,0.0,35347.69231
25226.14299,9697.959184,34924.102174,0.258819045102521,-0.9659258262890682,16.86,67.26,1.1400000000000006,0.0,32249.42966
20048.78049,14992.25806,35041.03855,0.49999999999999994,-0.8660254037844387,14.24,66.92,3.76,0.0,33493.78723
15590.02079,18327.27273,33917.29352,0.25881904510252074,0.9659258262890683,19.88,59.15,0.0,0.0,30220.88496
21143.8226,21812.16301,42955.98561,0.49999999999999994,0.8660254037844387,23.76,68.33,0.0,0.0,30602.79689
21192.09979,16526.90501,37719.004799999995,-0.25881904510252157,0.9659258262890681,22.46,84.7,0.0,0.0,35655.9292
21295.04132,17939.27711,39234.31843,-0.2588190451025208,-0.9659258262890683,21.04,62.91,0.0,0.0,29273.84615
13887.80488,14969.03226,28856.83714,0.9659258262890683,0.25881904510252074,9.47,87.7,8.53,0.0,23566.97872
27284.40748,27346.70769,54631.115170000005,-0.9659258262890684,0.2588190451025203,21.58,47.04,0.0,0.0,44312.58278
18037.97468,20485.35565,38523.33033,0.8660254037844386,0.5000000000000001,24.37,84.0,0.0,0.370000000000001,27958.00664
23836.92946,11490.82067,35327.75013,0.49999999999999994,-0.8660254037844387,19.29,86.7,0.0,0.0,30841.83807
16951.52749,20119.27273,37070.800220000005,-0.25881904510252157,0.9659258262890681,14.92,84.4,3.08,0.0,30232.24973
16866.11227,13326.25128,30192.363550000002,0.49999999999999994,0.8660254037844387,22.28,65.32,0.0,0.0,27621.23894
19903.95137,16128.0,36031.951369999995,0.258819045102521,-0.9659258262890682,14.04,58.06,3.960000000000001,0.0,33565.42373
20608.53659,16281.29032,36889.82691,-0.7071067811865471,-0.7071067811865479,21.96,50.97,0.0,0.0,33254.80851
21797.56098,22209.67742,44007.2384,-0.5000000000000004,0.8660254037844384,13.4,76.3,4.6,0.0,36643.40426
25336.60632,9012.244898,34348.851217999996,0.258819045102521,-0.9659258262890682,11.82,82.1,6.18,0.0,32316.34981
20213.41463,16095.48387,36308.898499999996,-0.8660254037844384,-0.5000000000000004,18.02,62.15,0.0,0.0,32623.65957
16790.22403,19240.72727,36030.9513,-0.2588190451025208,-0.9659258262890683,16.37,80.0,1.629999999999999,0.0,35626.43703
15953.79939,14845.3012,30799.100590000002,0.9659258262890683,-0.25881904510252063,5.973,80.6,12.027000000000001,0.0,24431.39241
25843.38843,11022.6506,36866.03903,-0.7071067811865471,-0.7071067811865479,21.44,59.97,0.0,0.0,31323.07692
14955.01584,14715.98746,29671.0033,1.0,6.123233995736766e-17,23.75,83.2,0.0,0.0,23864.68368
13112.46201,13706.0241,26818.486109999998,0.8660254037844386,0.5000000000000001,16.43,54.41,1.5700000000000003,0.0,21952.40506
21446.34146,20107.74194,41554.0834,-1.0,-1.8369701987210297e-16,23.23,51.65,0.0,0.0,35846.80851
20641.99584,19998.20225,40640.19809,-0.5000000000000004,0.8660254037844384,18.56,58.26,0.0,0.0,38198.23009
22049.06445,14597.09908,36646.163530000005,0.7071067811865476,-0.7071067811865475,23.84,77.8,0.0,0.0,33769.9115
15039.91684,14926.57814,29966.49498,-0.7071067811865471,-0.7071067811865479,27.92,41.95,0.0,3.9200000000000017,27047.78761
18671.98527,10424.0096,29095.994870000002,0.25881904510252074,0.9659258262890683,16.18,64.77,1.8200000000000003,0.0,23762.73764
22165.34954,18326.74699,40492.096529999995,-0.9659258262890683,-0.25881904510252063,12.52,69.82,5.48,0.0,33041.01266
13806.10998,16203.63636,30009.746339999998,0.49999999999999994,0.8660254037844387,13.21,87.8,4.789999999999999,0.0,24552.85253
17464.46281,11444.81928,28909.28209,0.8660254037844386,0.5000000000000001,15.45,88.1,2.5500000000000007,0.0,22184.61538
16812.51918,8631.932773,25444.451953,0.8660254037844386,0.5000000000000001,12.19,64.05,5.8100000000000005,0.0,20970.34221
22891.06029,23689.84615,46580.906440000006,0.49999999999999994,0.8660254037844387,18.19,64.7,0.0,0.0,39646.09272
24117.82755,12227.61104,36345.438590000005,-0.25881904510252157,0.9659258262890681,13.23,55.51,4.77,0.0,28167.30038
18849.48025,12426.06742,31275.54767,0.8660254037844387,-0.49999999999999983,21.39,88.1,0.0,0.0,29016.63717
16346.35692,15540.56426,31886.921179999998,0.9659258262890683,0.25881904510252074,20.84,75.8,0.0,0.0,25328.65705
17509.77131,10084.41267,27594.18398,0.9659258262890683,-0.25881904510252063,21.46,88.2,0.0,0.0,26850.26549
12729.48328,14130.81407,26860.29735,0.9659258262890683,0.25881904510252074,13.48,67.66,4.52,0.0,25425.76271
14284.82972,14959.67611,29244.505830000002,0.8660254037844386,0.5000000000000001,21.35,51.0,0.0,0.0,24084.98361
16991.70124,8286.930091,25278.631330999997,0.9659258262890683,-0.25881904510252063,18.95,85.9,0.0,0.0,25378.03063
24051.21951,26430.96774,50482.18725,-0.8660254037844386,0.5000000000000001,15.54,73.5,2.460000000000001,0.0,43261.2766
21889.78328,16813.60324,38703.38652,-0.7071067811865471,-0.7071067811865479,22.54,66.67,0.0,0.0,32117.5082
19065.04559,15319.51807,34384.56366,0.49999999999999994,-0.8660254037844387,12.84,72.5,5.16,0.0,31813.67089
20358.22785,25474.14226,45832.37011,0.49999999999999994,0.8660254037844387,23.09,88.8,0.0,0.0,30133.15615
20454.88565,20275.2,40730.08565,0.7071067811865475,0.7071067811865476,20.75,89.0,0.0,0.0,33873.37748
13086.93009,13690.85427,26777.784359999998,0.8660254037844386,0.5000000000000001,13.6,72.8,4.4,0.0,21002.0339
23912.19512,25931.6129,49843.80802,-0.9659258262890684,0.2588190451025203,16.38,57.41,1.620000000000001,0.0,41337.19149
17214.13721,9631.378958,26845.516168000002,0.9659258262890683,-0.25881904510252063,19.64,88.9,0.0,0.0,27646.72566
14723.21981,14977.16599,29700.3858,0.8660254037844386,0.5000000000000001,19.29,79.9,0.0,0.0,25734.29508
24463.29114,28926.5272,53389.81834,-0.9659258262890683,-0.25881904510252063,27.7,67.87,0.0,3.6999999999999993,33335.28239
18244.3769,18303.61446,36547.99136,0.0,1.0,12.99,69.45,5.01,0.0,28089.11392
25130.69909,24747.73869,49878.43777999999,-0.7071067811865477,0.7071067811865474,13.19,72.6,4.8100000000000005,0.0,41607.45763
29336.00845,25513.73041,54849.73886,-0.4999999999999998,-0.8660254037844388,26.84,81.6,0.0,2.84,41298.11321
20024.06639,10101.8845,30125.95089,0.8660254037844387,-0.49999999999999983,20.06,89.5,0.0,0.0,28573.1291
15490.57751,15919.59799,31410.175499999998,0.25881904510252074,0.9659258262890683,14.12,54.01,3.880000000000001,0.0,25529.49153
26495.12195,25229.03226,51724.15421,-1.0,-1.8369701987210297e-16,11.81,77.2,6.1899999999999995,0.0,44315.23404
16982.12058,14550.03064,31532.15122,0.49999999999999994,-0.8660254037844387,23.27,43.68,0.0,0.0,30303.71681
27834.51143,27447.13846,55281.64989,-0.8660254037844386,0.5000000000000001,21.17,81.8,0.0,0.0,46105.43046
14871.82663,15239.51417,30111.340799999998,0.49999999999999994,0.8660254037844387,15.26,79.9,2.74,0.0,24349.37705
24222.4924,23989.38693,48211.879329999996,-0.5000000000000004,0.8660254037844384,12.97,63.48,5.029999999999999,0.0,39258.30508
15884.49848,12693.9759,28578.47438,0.9659258262890683,-0.25881904510252063,11.63,85.0,6.369999999999999,0.0,24753.41772
33809.14391,15915.48619,49724.630099999995,-1.0,-1.8369701987210297e-16,14.32,55.57,3.6799999999999997,0.0,39835.74144
19448.78049,16112.90323,35561.68372,-1.0,-1.8369701987210297e-16,19.88,61.86,0.0,0.0,31680.0
20662.61398,21628.91566,42291.52963999999,-0.25881904510252157,0.9659258262890681,12.6,75.6,5.4,0.0,33903.79747
26422.78481,27420.25105,53843.03586,0.49999999999999994,-0.8660254037844387,29.8,36.89,0.0,5.800000000000001,37749.36877
26387.78004,26274.90909,52662.68913,-0.9659258262890684,0.2588190451025203,19.51,41.47,0.0,0.0,44095.93111
33057.99325,15759.90396,48817.897209999996,-0.8660254037844386,0.5000000000000001,16.68,48.56,1.3200000000000003,0.0,38941.44487
22852.01238,17314.97976,40166.99214,-0.4999999999999998,-0.8660254037844388,20.57,63.56,0.0,0.0,33729.04918
16232.31257,16298.93417,32531.246740000002,0.9659258262890683,0.25881904510252074,25.2,53.02,0.0,1.1999999999999993,23890.25527
21848.02432,16285.3012,38133.32552,0.49999999999999994,-0.8660254037844387,13.34,53.32,4.66,0.0,34930.63291
24890.04149,13101.51976,37991.56125,0.258819045102521,-0.9659258262890682,26.66,51.58,0.0,2.66,36494.7046
13243.769,13598.23116,26842.00016,0.8660254037844386,0.5000000000000001,7.44,89.0,10.559999999999999,0.0,21404.74576
29633.05785,17089.15663,46722.21448,-0.8660254037844386,0.5000000000000001,18.02,65.18,0.0,0.0,36812.30769
25719.54587,9329.171669,35048.717539000005,-0.7071067811865471,-0.7071067811865479,18.49,63.68,0.0,0.0,30880.60837
11701.8711,10219.73442,21921.60552,0.9659258262890683,-0.25881904510252063,19.62,75.9,0.0,0.0,22007.78761
23728.63071,13171.55015,36900.18086,-0.2588190451025208,-0.9659258262890683,24.02,60.96,0.0,0.019999999999999574,36778.29322
26131.80873,26407.38462,52539.19335,-0.9659258262890684,0.2588190451025203,21.7,78.2,0.0,0.0,43180.92715
26225.36383,25550.76923,51776.13306,-0.25881904510252157,0.9659258262890681,18.91,63.63,0.0,0.0,42100.13245
23138.38601,11034.81393,34173.19994,-0.8660254037844384,-0.5000000000000004,16.6,62.42,1.3999999999999986,0.0,29031.17871
26348.78049,25380.0,51728.780490000005,-0.8660254037844386,0.5000000000000001,19.81,61.09,0.0,0.0,43935.31915
21953.79939,15909.39759,37863.19698,0.258819045102521,-0.9659258262890682,10.92,76.8,7.08,0.0,35100.75949
26851.89873,28462.59414,55314.49287,-0.8660254037844384,-0.5000000000000004,33.55,28.44,0.0,9.549999999999997,39171.82724
29305.06329,35072.13389,64377.197179999996,-0.7071067811865477,0.7071067811865474,24.55,82.3,0.0,0.5500000000000007,45748.30565
14754.87805,15613.54839,30368.42644,0.9659258262890683,0.25881904510252074,14.19,82.3,3.8100000000000005,0.0,24375.82979
26655.96621,27909.2163,54565.18251,-0.25881904510252157,0.9659258262890681,23.82,84.5,0.0,0.0,41611.36515
19523.65145,11671.73252,31195.383970000003,0.7071067811865476,-0.7071067811865475,17.75,63.1,0.25,0.0,32247.17724
15570.27864,15455.22267,31025.50131,0.7071067811865475,0.7071067811865476,17.75,85.0,0.25,0.0,25419.54098
23053.69745,8689.555822,31743.253272,0.7071067811865476,-0.7071067811865475,15.59,67.29,2.41,0.0,28915.58935
16570.64414,16449.40439,33020.04853,0.9659258262890683,0.25881904510252074,19.44,80.4,0.0,0.0,26997.20311
21655.78512,13000.48193,34656.26705,0.7071067811865476,-0.7071067811865475,17.59,83.0,0.41000000000000014,0.0,25956.92308
12891.28631,8462.006079,21353.292389000002,1.0,6.123233995736766e-17,16.88,90.2,1.120000000000001,0.0,22126.21444
20235.26927,19169.90596,39405.17523,0.7071067811865476,-0.7071067811865475,25.41,76.4,0.0,1.4100000000000001,32942.59711
16551.08929,9484.753902,26035.843192,1.0,6.123233995736766e-17,9.18,85.6,8.82,0.0,21408.36502
11026.13982,9980.140704,21006.280524,0.9659258262890683,-0.25881904510252063,13.6,72.5,4.4,0.0,19629.15254
21815.19757,16828.91566,38644.11323,-0.4999999999999998,-0.8660254037844388,18.2,45.38,0.0,0.0,35283.03797
19826.14108,11607.53799,31433.679070000002,0.9659258262890683,0.25881904510252074,17.6,70.7,0.3999999999999986,0.0,23254.26696
23306.639,12821.39818,36128.03718,-0.2588190451025208,-0.9659258262890683,27.86,41.51,0.0,3.8599999999999994,37553.43545
26538.12038,25152.60188,51690.722259999995,0.258819045102521,-0.9659258262890682,26.28,41.35,0.0,2.280000000000001,38063.30744
16711.61826,10422.85714,27134.4754,0.8660254037844386,0.5000000000000001,15.19,85.0,2.8100000000000005,0.0,23014.79212
23513.96134,12872.9892,36386.950540000005,-0.25881904510252157,0.9659258262890681,9.93,88.8,8.07,0.0,28739.1635
19818.29268,15956.12903,35774.421709999995,-0.4999999999999998,-0.8660254037844388,24.35,42.41,0.0,0.3500000000000014,36643.40426
22726.40333,18177.96923,40904.37256,-0.2588190451025208,-0.9659258262890683,22.51,57.69,0.0,0.0,35984.10596
13068.29268,13378.06452,26446.3572,0.7071067811865476,-0.7071067811865475,12.56,72.1,5.4399999999999995,0.0,28322.04255
21056.3886,20801.00313,41857.39173,0.0,1.0,24.37,88.7,0.0,0.370000000000001,33984.63929
18515.3527,10737.99392,29253.34662,0.9659258262890683,0.25881904510252074,13.27,86.9,4.73,0.0,23405.51422
18022.31405,10253.49398,28275.80803,0.9659258262890683,0.25881904510252074,5.418,85.7,12.582,0.0,22990.76923
13362.52546,15144.72727,28507.25273,0.7071067811865475,0.7071067811865476,14.11,81.0,3.8900000000000006,0.0,22742.38967
23377.54678,24197.90769,47575.45447,0.25881904510252074,0.9659258262890683,18.22,66.92,0.0,0.0,37853.24503
17480.91286,8450.334347,25931.247207,1.0,6.123233995736766e-17,18.0,91.0,0.0,0.0,25359.12473
16371.78423,12377.87234,28749.65657,0.25881904510252074,0.9659258262890683,17.61,88.8,0.39000000000000057,0.0,27791.6849
17641.49378,12068.57143,29710.06521,0.9659258262890683,0.25881904510252074,20.1,68.13,0.0,0.0,27552.21007
22828.10591,28992.0,51820.10591,-0.8660254037844386,0.5000000000000001,14.18,83.1,3.8200000000000003,0.0,43451.10872
19750.75988,20805.46734,40556.22722,-0.9659258262890683,-0.25881904510252063,13.36,81.3,4.640000000000001,0.0,34901.69492
25496.20253,34379.24686,59875.449389999994,-0.25881904510252157,0.9659258262890681,28.5,41.55,0.0,4.5,39688.50498
20327.05167,14391.31658,34718.36825,0.49999999999999994,-0.8660254037844387,13.45,62.0,4.550000000000001,0.0,32216.94915
21786.72199,12809.72644,34596.44843,0.258819045102521,-0.9659258262890682,25.39,46.39,0.0,1.3900000000000006,35858.20569
22919.11299,23021.94357,45941.05656,0.49999999999999994,0.8660254037844387,27.44,56.02,0.0,3.4400000000000013,29880.39956
26564.13374,25139.27711,51703.41085,-0.9659258262890684,0.2588190451025203,12.42,54.21,5.58,0.0,43813.67089
25458.96657,25905.52764,51364.494210000004,-0.8660254037844386,0.5000000000000001,13.15,54.41,4.85,0.0,42797.28814
26165.94427,23144.93927,49310.883539999995,-1.0,-1.8369701987210297e-16,23.94,63.91,0.0,0.0,41094.29508
14235.03055,12049.45455,26284.485099999998,1.0,6.123233995736766e-17,11.29,78.9,6.710000000000001,0.0,23164.00431
9663.543788,11915.63636,21579.180148,0.9659258262890683,0.25881904510252074,11.92,88.0,6.08,0.0,19431.4747
20023.62525,24558.54545,44582.1707,-0.5000000000000004,0.8660254037844384,15.37,86.7,2.630000000000001,0.0,37306.69537
23089.39709,26100.18462,49189.58171,0.0,1.0,20.27,86.9,0.0,0.0,39493.50993
15167.15177,10307.98774,25475.13951,0.9659258262890683,-0.25881904510252063,21.9,90.4,0.0,0.0,25301.9469
18402.43902,14643.87097,33046.30999,0.49999999999999994,-0.8660254037844387,11.54,83.1,6.460000000000001,0.0,31655.48936
17780.57851,9409.156627,27189.735137,0.8660254037844386,0.5000000000000001,12.27,80.8,5.73,0.0,21815.38462
22865.89229,14192.3511,37058.24339,0.49999999999999994,-0.8660254037844387,25.14,92.1,0.0,1.1400000000000006,34981.93119
27707.27651,28037.90769,55745.1842,-0.5000000000000004,0.8660254037844384,21.47,83.9,0.0,0.0,44910.19868
24132.64463,11236.62651,35369.27114,-0.4999999999999998,-0.8660254037844388,16.22,53.12,1.7800000000000011,0.0,30898.46154
17580.18576,16090.68826,33670.87402,0.8660254037844386,0.5000000000000001,18.69,89.2,0.0,0.0,28516.72131
27193.67089,32300.58577,59494.25666,-0.5000000000000004,0.8660254037844384,24.4,85.9,0.0,0.3999999999999986,42329.30233
13513.67781,14133.9759,27647.65371,0.9659258262890683,0.25881904510252074,10.12,75.3,7.880000000000001,0.0,22244.05063
19760.08448,20674.60815,40434.692630000005,0.7071067811865475,0.7071067811865476,21.47,73.1,0.0,0.0,29624.68368
17161.09422,16343.13253,33504.22675,0.258819045102521,-0.9659258262890682,16.33,49.62,1.6700000000000017,0.0,30422.27848
32108.71369,17781.8845,49890.598190000004,-0.8660254037844386,0.5000000000000001,18.94,64.54,0.0,0.0,39645.68928
33617.67413,16330.37215,49948.046279999995,-0.9659258262890684,0.2588190451025203,12.48,56.55,5.52,0.0,39154.37262
24710.64744,9617.286915,34327.934355000005,0.49999999999999994,-0.8660254037844387,13.46,43.56,4.539999999999999,0.0,29749.04943
13364.13374,11548.94472,24913.078459999997,0.8660254037844387,-0.49999999999999983,10.8,82.3,7.199999999999999,0.0,23192.54237
13540.2439,14045.80645,27586.050349999998,1.0,6.123233995736766e-17,13.13,83.4,4.869999999999999,0.0,21777.70213
28238.66944,20168.82533,48407.494770000005,-0.9659258262890684,0.2588190451025203,21.85,69.12,0.0,0.0,46749.02655
16076.50728,9907.906027,25984.413307000003,0.8660254037844387,-0.49999999999999983,22.77,43.05,0.0,0.0,27047.78761
17962.6556,9967.659574,27930.315173999996,0.8660254037844387,-0.49999999999999983,19.57,57.76,0.0,0.0,30022.58206
22993.18885,21419.27126,44412.46011,-0.25881904510252157,0.9659258262890681,17.72,83.0,0.28000000000000114,0.0,37065.44262
22902.12766,22455.31658,45357.44424,-0.5000000000000004,0.8660254037844384,14.02,63.23,3.9800000000000004,0.0,37067.79661
31004.85744,33976.17555,64981.03299,-0.5000000000000004,0.8660254037844384,22.4,64.05,0.0,0.0,45996.89234
12460.69246,14353.45455,26814.14701,0.8660254037844386,0.5000000000000001,13.8,81.6,4.199999999999999,0.0,21576.74919
25518.98734,24299.24686,49818.2342,-0.7071067811865471,-0.7071067811865479,33.84,37.02,0.0,9.840000000000003,37060.46512
20469.5122,17878.06452,38347.57672,-1.0,-1.8369701987210297e-16,20.02,51.1,0.0,0.0,33297.70213
25557.33897,28667.58621,54224.925180000006,0.0,1.0,23.14,61.52,0.0,0.0,34668.67925
14855.92705,14252.38191,29108.308960000002,1.0,6.123233995736766e-17,11.22,81.4,6.779999999999999,0.0,24144.40678
13001.53421,6655.462185,19656.996395000002,0.8660254037844387,-0.49999999999999983,7.85,94.0,10.15,0.0,19133.07985
20678.73581,11167.34694,31846.082749999998,0.0,1.0,10.72,68.33,7.279999999999999,0.0,24748.28897
24828.48297,26007.44939,50835.932360000006,-0.8660254037844386,0.5000000000000001,22.01,53.01,0.0,0.0,43687.86885
23830.35343,14691.23596,38521.58939,0.258819045102521,-0.9659258262890682,24.12,53.02,0.0,0.120000000000001,39122.12389
24605.57276,23238.21862,47843.791379999995,-0.25881904510252157,0.9659258262890681,20.6,80.6,0.0,0.0,39507.93443
27814.66708,10746.69868,38561.36576,-0.8660254037844384,-0.5000000000000004,13.96,68.81,4.039999999999999,0.0,33393.15589
20728.06653,21232.24615,41960.31268,0.7071067811865475,0.7071067811865476,20.01,88.1,0.0,0.0,37586.22517
14888.7538,14891.56627,29780.32007,0.25881904510252074,0.9659258262890683,11.35,79.0,6.65,0.0,23337.72152
16372.14137,14061.69561,30433.83698,0.25881904510252074,0.9659258262890683,21.54,89.5,0.0,0.0,28201.06195
27508.93971,24245.16923,51754.10894,-0.9659258262890684,0.2588190451025203,22.42,71.7,0.0,0.0,42723.17881
19627.85863,16356.28192,35984.14055,-0.7071067811865471,-0.7071067811865479,25.66,51.52,0.0,1.6600000000000001,32750.44248
19396.6805,13725.95745,33122.63795,1.2246467991473532e-16,-1.0,21.53,57.03,0.0,0.0,34352.03501
28206.22407,16229.54407,44435.76814,-0.5000000000000004,0.8660254037844384,17.49,72.8,0.5100000000000016,0.0,34572.60394
14148.32827,14489.72864,28638.05691,0.49999999999999994,0.8660254037844387,15.44,65.22,2.5600000000000005,0.0,23558.64407
14253.36049,14533.81818,28787.17867,0.49999999999999994,0.8660254037844387,14.52,64.9,3.4800000000000004,0.0,23908.03014
20275.98784,19288.76382,39564.75166,1.2246467991473532e-16,-1.0,13.75,70.4,4.25,0.0,30172.88136
25458.21206,25816.61538,51274.82744,-0.7071067811865477,0.7071067811865474,20.59,84.2,0.0,0.0,44592.31788
14044.49064,12075.32308,26119.81372,1.0,6.123233995736766e-17,17.64,66.34,0.35999999999999943,0.0,23942.78146
19378.7234,15624.36181,35003.08521,-0.9659258262890683,-0.25881904510252063,13.71,59.43,4.289999999999999,0.0,31820.33898
17988.84298,10334.45783,28323.30081,1.0,6.123233995736766e-17,14.19,87.6,3.8100000000000005,0.0,22313.84615
19902.53165,18262.09205,38164.6237,0.8660254037844387,-0.49999999999999983,23.75,87.5,0.0,0.0,29297.54153
15122.24532,13955.79162,29078.036939999998,0.7071067811865475,0.7071067811865476,19.01,69.16,0.0,0.0,26021.9469
27111.2462,25303.47739,52414.72359,-1.0,-1.8369701987210297e-16,14.89,62.43,3.1099999999999994,0.0,44280.0
23399.81589,12325.57023,35725.38612,-0.25881904510252157,0.9659258262890681,10.21,84.2,7.789999999999999,0.0,28453.23194
18795.51935,15860.36364,34655.88299,0.7071067811865476,-0.7071067811865475,15.72,79.1,2.2799999999999994,0.0,31645.89882
17071.93347,13832.23698,30904.170449999998,0.8660254037844386,0.5000000000000001,19.84,87.5,0.0,0.0,27181.59292
20820.73171,21872.90323,42693.63494,-0.25881904510252157,0.9659258262890681,13.49,60.35,4.51,0.0,35270.80851
32881.25192,16024.96999,48906.22191,-0.9659258262890684,0.2588190451025203,14.3,68.46,3.6999999999999993,0.0,38685.93156
21827.8481,26365.85774,48193.705839999995,0.25881904510252074,0.9659258262890683,24.0,86.6,0.0,0.0,32097.80731
15140.95634,13373.31971,28514.27605,0.49999999999999994,0.8660254037844387,22.35,48.62,0.0,0.0,27589.38053
13491.79331,13737.16583,27228.95914,0.7071067811865475,0.7071067811865476,14.2,65.62,3.8000000000000007,0.0,21917.28814
15716.71733,15770.60241,31487.31974,0.25881904510252074,0.9659258262890683,14.68,77.9,3.3200000000000003,0.0,25549.36709
20163.24026,7289.315726,27452.555986,0.8660254037844387,-0.49999999999999983,13.1,55.41,4.9,0.0,26165.77947
27395.74468,24641.92771,52037.67239,-1.0,-1.8369701987210297e-16,14.31,74.7,3.6899999999999995,0.0,43035.94937
18355.60081,18944.0,37299.60081,-0.4999999999999998,-0.8660254037844388,14.13,89.3,3.869999999999999,0.0,33673.36921
20221.67183,17921.29555,38142.96738,-0.9659258262890683,-0.25881904510252063,21.72,52.91,0.0,0.0,31148.06557
24776.8997,25546.61307,50323.51277,-0.8660254037844386,0.5000000000000001,14.33,57.64,3.67,0.0,41589.15254
13382.37082,14009.24623,27391.61705,0.7071067811865475,0.7071067811865476,10.72,64.32,7.279999999999999,0.0,22112.54237
28291.06029,20833.66701,49124.7273,-0.9659258262890684,0.2588190451025203,22.92,83.1,0.0,0.0,46411.32743
18124.01216,16139.57789,34263.59005,-0.8660254037844384,-0.5000000000000004,13.66,76.1,4.34,0.0,31893.55932
25095.43568,12243.64742,37339.083099999996,1.2246467991473532e-16,-1.0,19.35,88.0,0.0,0.0,37874.83589
16573.86018,16956.14458,33530.004759999996,-0.7071067811865471,-0.7071067811865479,15.73,60.67,2.2699999999999996,0.0,31297.21519
12600.0,14556.77419,27156.77419,0.25881904510252074,0.9659258262890683,12.69,85.2,5.3100000000000005,0.0,24449.3617
25295.03696,28162.00627,53457.04323,0.25881904510252074,0.9659258262890683,25.75,89.1,0.0,1.75,34432.14206
19134.3465,18964.58291,38098.92941,-0.25881904510252157,0.9659258262890681,8.52,64.1,9.48,0.0,31838.64407
14509.42249,14935.47739,29444.89988,0.9659258262890683,0.25881904510252074,10.96,70.4,7.039999999999999,0.0,25010.84746
13258.35866,13995.18072,27253.539380000002,0.49999999999999994,0.8660254037844387,10.24,82.3,7.76,0.0,22924.55696
25716.4557,33174.22594,58890.681639999995,-0.5000000000000004,0.8660254037844384,24.82,61.54,0.0,0.8200000000000003,41429.90033
21946.50456,22872.28916,44818.79372,-0.25881904510252157,0.9659258262890681,12.97,71.9,5.029999999999999,0.0,36012.1519
18470.88608,22853.22176,41324.10784,0.8660254037844386,0.5000000000000001,23.91,85.7,0.0,0.0,29437.87375
20360.71806,20536.17555,40896.89361,0.8660254037844386,0.5000000000000001,25.94,82.0,0.0,1.9400000000000013,30519.68923
14905.19751,12520.20429,27425.4018,0.7071067811865475,0.7071067811865476,21.15,77.4,0.0,0.0,26200.35398
28765.82278,34391.29707,63157.11985,-0.7071067811865477,0.7071067811865474,24.56,84.6,0.0,0.5599999999999987,45805.71429
20527.76925,10942.61705,31470.386300000002,0.0,1.0,13.39,69.06,4.609999999999999,0.0,25058.55513
23476.16099,23838.70445,47314.86544,-0.5000000000000004,0.8660254037844384,19.52,51.3,0.0,0.0,39860.45902
19404.25532,14634.45226,34038.70758,0.49999999999999994,-0.8660254037844387,10.93,51.69,7.07,0.0,31265.08475
19316.71733,19103.51759,38420.23492,-0.25881904510252157,0.9659258262890681,13.44,66.89,4.5600000000000005,0.0,31930.16949
23376.29179,24035.69849,47411.99028,-0.5000000000000004,0.8660254037844384,10.98,79.4,7.02,0.0,39661.01695
16529.31393,13596.89479,30126.208720000002,0.49999999999999994,0.8660254037844387,21.05,62.52,0.0,0.0,27525.66372
25061.53846,30891.32308,55952.86154,-0.8660254037844386,0.5000000000000001,22.5,78.5,0.0,0.0,46359.7351
17416.38539,8902.761104,26319.146494,1.0,6.123233995736766e-17,13.09,54.71,4.91,0.0,22363.4981
25598.73418,28583.09623,54181.830409999995,0.0,1.0,25.43,50.12,0.0,1.4299999999999997,35618.87043
22228.69023,14132.29826,36360.98849,-0.7071067811865471,-0.7071067811865479,23.84,78.6,0.0,0.0,36235.75221
27946.50456,26666.0241,54612.528659999996,-0.7071067811865477,0.7071067811865474,10.31,71.7,7.6899999999999995,0.0,43254.68354
22033.75268,11420.88836,33454.64104,0.0,1.0,11.56,80.6,6.4399999999999995,0.0,26476.04563
21775.51867,13019.81763,34795.3363,-0.7071067811865471,-0.7071067811865479,22.63,70.0,0.0,0.0,34465.47046
17850.0,17843.22581,35693.22581,0.0,1.0,13.08,69.13,4.92,0.0,29994.89362
18036.58537,14109.67742,32146.26279,0.49999999999999994,-0.8660254037844387,12.83,74.0,5.17,0.0,32868.76596
34578.70512,16197.83914,50776.544259999995,-1.0,-1.8369701987210297e-16,14.24,61.99,3.76,0.0,40918.63118
18007.43034,18445.9919,36453.42224,0.0,1.0,17.87,74.4,0.129999999999999,0.0,29209.18033
21996.6736,29745.23077,51741.90437,-0.7071067811865477,0.7071067811865474,22.82,84.8,0.0,0.0,37687.94702
25653.26787,10181.9928,35835.26067,-0.4999999999999998,-0.8660254037844388,16.48,69.06,1.5199999999999996,0.0,30789.35361
20911.93242,21336.67712,42248.609540000005,0.8660254037844386,0.5000000000000001,26.65,78.7,0.0,2.6499999999999986,31248.47947
19814.96881,19027.41573,38842.38454,-0.25881904510252157,0.9659258262890681,20.61,77.9,0.0,0.0,34037.52212
13344.19552,15604.36364,28948.559159999997,0.49999999999999994,0.8660254037844387,13.23,75.2,4.77,0.0,24143.63832
12631.57895,10732.95547,23364.53442,0.9659258262890683,0.25881904510252074,14.26,89.9,3.74,0.0,20534.55738
26659.76769,30701.94357,57361.71126,-0.25881904510252157,0.9659258262890681,23.95,73.0,0.0,0.0,38728.1687
17376.78208,20177.45455,37554.23663,-0.25881904510252157,0.9659258262890681,16.51,78.6,1.4899999999999984,0.0,30418.25619
16324.4582,10931.17409,27255.63229,0.9659258262890683,-0.25881904510252063,14.94,67.5,3.0600000000000005,0.0,23820.59016
19971.95122,17436.77419,37408.72541,-0.2588190451025208,-0.9659258262890683,14.8,63.79,3.1999999999999993,0.0,34658.04255
18402.53165,21184.26778,39586.79943,0.9659258262890683,-0.25881904510252063,24.48,42.32,0.0,0.4800000000000004,26140.06645
17416.38539,9939.97599,27356.361380000002,0.49999999999999994,0.8660254037844387,18.38,66.38,0.0,0.0,22406.08365
15744.70697,8804.801921,24549.508890999998,0.8660254037844386,0.5000000000000001,12.53,83.8,5.470000000000001,0.0,20976.42586
20246.80851,16151.15578,36397.964289999996,0.258819045102521,-0.9659258262890682,11.62,49.08,6.380000000000001,0.0,34138.98305
23193.80805,17857.16599,41050.97404,-0.7071067811865471,-0.7071067811865479,27.47,36.23,0.0,3.469999999999999,34358.55738
23806.32911,30842.51046,54648.83957,0.0,1.0,27.43,34.44,0.0,3.4299999999999997,33558.53821
26180.78141,30226.45768,56407.23909,0.0,1.0,24.01,72.4,0.0,0.010000000000001563,38140.0222
24881.70732,23818.06452,48699.77184,-1.0,-1.8369701987210297e-16,14.46,70.8,3.539999999999999,0.0,41459.74468
27001.82371,25573.01205,52574.83576,-1.0,-1.8369701987210297e-16,13.79,62.24,4.210000000000001,0.0,43837.97468
13644.9848,14171.33668,27816.32148,0.49999999999999994,0.8660254037844387,13.06,58.38,4.9399999999999995,0.0,22472.54237
13871.12462,13867.95181,27739.07643,0.9659258262890683,0.25881904510252074,8.87,62.67,9.13,0.0,21909.87342
14410.97561,14800.64516,29211.62077,0.25881904510252074,0.9659258262890683,14.1,82.7,3.9000000000000004,0.0,24106.21277
25502.30132,9363.745498,34866.046818,-0.4999999999999998,-0.8660254037844388,16.7,61.95,1.3000000000000007,0.0,31744.48669
19798.17629,16817.3494,36615.525689999995,-0.8660254037844384,-0.5000000000000004,15.56,62.85,2.4399999999999995,0.0,32579.24051
15059.8778,15848.72727,30908.605069999998,0.49999999999999994,0.8660254037844387,15.76,90.6,2.24,0.0,21409.34338
21607.29483,21778.01005,43385.304879999996,-0.25881904510252157,0.9659258262890681,13.48,67.31,4.52,0.0,35127.45763
24278.04878,25345.16129,49623.21007,-0.8660254037844386,0.5000000000000001,13.66,58.24,4.34,0.0,43065.19149
31112.65823,32360.83682,63473.49505,0.258819045102521,-0.9659258262890682,33.11,33.08,0.0,9.11,41793.48837
15767.78116,14446.26506,30214.04622,1.0,6.123233995736766e-17,11.12,54.59,6.880000000000001,0.0,24218.73418
12636.65988,14016.0,26652.65988,0.9659258262890683,0.25881904510252074,15.8,74.8,2.1999999999999993,0.0,21514.74704
15182.12058,12320.16343,27502.284010000003,0.8660254037844386,0.5000000000000001,18.69,87.7,0.0,0.0,26646.37168
18751.89873,22069.95816,40821.856889999995,0.49999999999999994,0.8660254037844387,23.83,86.4,0.0,0.0,28372.62458
14122.79635,13771.8995,27894.69585,0.7071067811865476,-0.7071067811865475,14.41,59.05,3.59,0.0,26347.11864
17989.02439,14458.06452,32447.08891,0.49999999999999994,-0.8660254037844387,13.41,71.4,4.59,0.0,33959.48936
26139.29314,24073.84615,50213.13929000001,-0.9659258262890684,0.2588190451025203,28.4,29.15,0.0,4.399999999999999,41718.6755
22412.05821,13043.84065,35455.89886,0.49999999999999994,-0.8660254037844387,29.03,37.45,0.0,5.030000000000001,32954.33628
21234.0249,11543.34347,32777.36837,0.7071067811865476,-0.7071067811865475,19.92,73.3,0.0,0.0,34484.37637
21398.37067,28177.45455,49575.82522,-0.9659258262890684,0.2588190451025203,14.42,89.9,3.58,0.0,42353.67061
26435.48046,26031.34796,52466.82842,-0.9659258262890683,-0.25881904510252063,28.18,51.15,0.0,4.18,37903.48502
18419.12682,13855.7712,32274.89802,0.258819045102521,-0.9659258262890682,23.08,57.53,0.0,0.0,33610.61947
15499.6904,14878.05668,30377.74708,0.8660254037844386,0.5000000000000001,16.85,85.7,1.1499999999999986,0.0,25331.40984
30133.19502,20087.05167,50220.24669,-0.8660254037844386,0.5000000000000001,23.89,59.62,0.0,0.0,44762.8884
28048.10127,33668.28452,61716.38579,-0.5000000000000004,0.8660254037844384,30.62,35.51,0.0,6.620000000000001,44778.73754
24664.86486,22763.47293,47428.337790000005,-0.8660254037844386,0.5000000000000001,21.43,59.99,0.0,0.0,41384.0708
15266.39004,11642.55319,26908.94323,0.49999999999999994,0.8660254037844387,16.67,85.9,1.3299999999999983,0.0,26846.3895
16101.54799,15560.16194,31661.709929999997,0.25881904510252074,0.9659258262890683,17.59,87.5,0.41000000000000014,0.0,25709.11475
20507.27651,22372.43077,42879.70728,-0.8660254037844384,-0.5000000000000004,24.42,69.21,0.0,0.4200000000000017,37192.05298
17100.0,9686.746988,26786.746988,0.8660254037844386,0.5000000000000001,8.09,71.9,9.91,0.0,21932.30769
20632.17923,18507.63636,39139.81559,0.258819045102521,-0.9659258262890682,15.28,90.3,2.7200000000000006,0.0,35638.83746
24118.50312,23949.78462,48068.28774,0.49999999999999994,0.8660254037844387,16.24,78.5,1.7600000000000016,0.0,38692.45033
22409.71489,23352.97806,45762.69295,0.49999999999999994,0.8660254037844387,27.94,35.95,0.0,3.9400000000000013,31095.04994
17189.8167,18274.90909,35464.72579,0.258819045102521,-0.9659258262890682,15.34,87.9,2.66,0.0,30207.44887
18197.96334,19490.90909,37688.87243,-0.25881904510252157,0.9659258262890681,15.28,63.06,2.7200000000000006,0.0,30467.85791
25484.40748,27600.73846,53085.14594,-0.8660254037844386,0.5000000000000001,23.69,58.44,0.0,0.0,45444.23841
13929.48328,13891.08434,27820.56762,0.8660254037844386,0.5000000000000001,7.93,87.7,10.07,0.0,21496.70886
24147.52066,16192.77108,40340.29174,0.49999999999999994,-0.8660254037844387,20.01,77.3,0.0,0.0,28178.46154
22307.27651,19643.07692,41950.35343,-0.9659258262890683,-0.25881904510252063,22.29,52.09,0.0,0.0,35755.23179
17125.49862,9087.154862,26212.653481999998,0.9659258262890683,0.25881904510252074,16.49,64.95,1.5100000000000016,0.0,21785.55133
16233.60996,11875.98784,28109.5978,0.49999999999999994,0.8660254037844387,17.79,85.2,0.21000000000000085,0.0,25585.99562
22654.10334,25106.65327,47760.75661,-0.8660254037844386,0.5000000000000001,8.91,51.39,9.09,0.0,39233.89831
26004.5738,25450.33846,51454.91226,-0.25881904510252157,0.9659258262890681,21.0,86.5,0.0,0.0,42379.86755
11379.22607,15936.0,27315.22607,0.8660254037844386,0.5000000000000001,14.88,88.1,3.119999999999999,0.0,24776.06028
14707.31707,10782.58065,25489.89772,0.9659258262890683,-0.25881904510252063,11.98,78.1,6.02,0.0,24277.78723
19891.13924,21943.43096,41834.5702,0.8660254037844386,0.5000000000000001,23.55,61.79,0.0,0.0,30305.38206
13516.49695,14650.18182,28166.67877,0.49999999999999994,0.8660254037844387,16.43,85.0,1.5700000000000003,0.0,24044.43488
21555.07824,9686.434574,31241.512814,-0.7071067811865471,-0.7071067811865479,13.91,76.9,4.09,0.0,26999.23954
12965.85366,13674.19355,26640.04721,0.9659258262890683,0.25881904510252074,10.58,88.0,7.42,0.0,21875.74468
12295.72301,13236.36364,25532.086649999997,0.9659258262890683,0.25881904510252074,15.2,85.9,2.8000000000000007,0.0,21775.15608
23926.55602,14128.63222,38055.18824,-0.25881904510252157,0.9659258262890681,16.67,77.1,1.3299999999999983,0.0,30262.05689
13794.42724,14808.09717,28602.524409999998,0.8660254037844386,0.5000000000000001,17.17,90.5,0.8299999999999983,0.0,24311.60656
24396.69421,17580.72289,41977.417100000006,1.2246467991473532e-16,-1.0,19.7,71.5,0.0,0.0,29440.0
16108.97833,15565.9919,31674.97023,0.49999999999999994,0.8660254037844387,15.76,80.2,2.24,0.0,26174.95082
19009.7561,15416.12903,34425.885129999995,0.7071067811865476,-0.7071067811865475,17.79,65.47,0.21000000000000085,0.0,31655.48936
24043.769,24238.31156,48282.08056,-0.7071067811865477,0.7071067811865474,13.91,68.62,4.09,0.0,40143.05085
11761.74636,10672.76813,22434.51449,0.9659258262890683,-0.25881904510252063,14.27,77.3,3.7300000000000004,0.0,23078.23009
18628.5124,13769.63855,32398.15095,0.25881904510252074,0.9659258262890683,14.04,87.9,3.960000000000001,0.0,24258.46154
29804.56432,19987.84195,49792.40627000001,-1.0,-1.8369701987210297e-16,18.82,89.5,0.0,0.0,46892.95405
16849.79253,12891.42857,29741.2211,0.0,1.0,16.59,79.7,1.4100000000000001,0.0,28302.14442
24953.52697,18167.05167,43120.57864,-0.7071067811865477,0.7071067811865474,19.44,80.2,0.0,0.0,41971.11597
18900.91185,16145.36683,35046.27868,-0.9659258262890683,-0.25881904510252063,12.47,40.53,5.529999999999999,0.0,31557.9661
25859.46609,10066.7467,35926.212790000005,1.2246467991473532e-16,-1.0,14.78,74.2,3.2200000000000006,0.0,31933.07985
21409.54357,12430.39514,33839.93871,0.49999999999999994,-0.8660254037844387,20.32,68.64,0.0,0.0,31497.24289
20538.60182,15111.3253,35649.92712,0.49999999999999994,-0.8660254037844387,11.47,73.5,6.529999999999999,0.0,31850.12658
18062.32179,21632.0,39694.32179,-0.25881904510252157,0.9659258262890681,16.27,84.0,1.7300000000000004,0.0,31751.30248
16454.46985,13420.38815,29874.858,0.49999999999999994,0.8660254037844387,20.85,55.02,0.0,0.0,27226.19469
26062.6556,11280.72948,37343.38508,-0.8660254037844384,-0.5000000000000004,16.99,79.1,1.0100000000000016,0.0,31925.77681
22537.38602,16707.46988,39244.8559,-0.2588190451025208,-0.9659258262890683,13.72,46.64,4.279999999999999,0.0,35246.58228
13664.63415,13894.83871,27559.47286,0.7071067811865475,0.7071067811865476,8.62,87.1,9.38,0.0,23076.76596
32443.0807,16140.21609,48583.29679,-0.7071067811865477,0.7071067811865474,15.15,64.75,2.8499999999999996,0.0,37499.61977
13396.96049,14258.17085,27655.13134,0.9659258262890683,0.25881904510252074,11.28,69.11,6.720000000000001,0.0,23314.57627
21573.85892,15535.07599,37108.934909999996,-0.25881904510252157,0.9659258262890681,19.27,82.1,0.0,0.0,33980.21882
27849.48025,19939.3667,47788.84695,-1.0,-1.8369701987210297e-16,30.19,30.48,0.0,6.190000000000001,46156.46018
17844.3038,17400.50209,35244.80589,0.9659258262890683,-0.25881904510252063,21.8,72.0,0.0,0.0,27205.31561
19986.07595,25552.46862,45538.54457,0.49999999999999994,0.8660254037844387,22.98,52.09,0.0,0.0,30388.30565
16899.17355,10074.21687,26973.39042,0.49999999999999994,0.8660254037844387,13.32,70.5,4.68,0.0,22092.30769
28741.46341,25182.58065,53924.04406,-0.8660254037844386,0.5000000000000001,14.12,72.7,3.880000000000001,0.0,41729.3617
22659.04366,19643.07692,42302.12058,-0.9659258262890683,-0.25881904510252063,22.06,81.7,0.0,0.0,36886.88742
26711.39241,28486.69456,55198.086970000004,0.49999999999999994,-0.8660254037844387,31.46,42.69,0.0,7.460000000000001,39726.77741
12987.80488,13691.6129,26679.41778,0.8660254037844386,0.5000000000000001,10.47,68.15,7.529999999999999,0.0,22635.57447
22844.58204,18731.65992,41576.24196,-1.0,-1.8369701987210297e-16,20.25,54.05,0.0,0.0,35642.7541
14528.30957,14708.36364,29236.67321,0.9659258262890683,0.25881904510252074,15.81,91.7,2.1899999999999995,0.0,21031.13025
18976.97994,18917.11599,37894.095929999996,0.8660254037844387,-0.49999999999999983,23.88,81.2,0.0,0.0,28812.78579
15341.07884,11520.0,26861.078840000002,0.8660254037844386,0.5000000000000001,20.09,75.3,0.0,0.0,25945.20788
27479.63526,25625.06024,53104.6955,-1.0,-1.8369701987210297e-16,14.13,73.2,3.869999999999999,0.0,43485.56962
16278.42324,12436.231,28714.65424,0.25881904510252074,0.9659258262890683,19.77,81.3,0.0,0.0,26172.07877
20548.10127,25311.46444,45859.565709999995,0.49999999999999994,0.8660254037844387,26.95,44.41,0.0,2.9499999999999993,29903.52159
20797.56839,14556.14458,35353.71297,0.49999999999999994,-0.8660254037844387,16.62,71.5,1.379999999999999,0.0,33411.64557
25959.66736,30294.64615,56254.31351,-0.25881904510252157,0.9659258262890681,23.61,75.4,0.0,0.0,40116.55629
27070.66116,14272.77108,41343.43224,-0.5000000000000004,0.8660254037844384,17.47,71.1,0.5300000000000011,0.0,32473.84615
18667.20978,18833.45455,37500.66433,0.258819045102521,-0.9659258262890682,13.41,87.6,4.59,0.0,37238.493
15152.18295,13426.27171,28578.454660000003,0.25881904510252074,0.9659258262890683,21.34,83.7,0.0,0.0,27627.61062
17162.19512,17465.80645,34628.00157,0.0,1.0,13.76,86.2,4.24,0.0,28512.0
24170.89397,25739.81538,49910.709350000005,0.25881904510252074,0.9659258262890683,21.07,77.3,0.0,0.0,41947.54967
22587.80488,24178.06452,46765.869399999996,-1.0,-1.8369701987210297e-16,21.74,55.82,0.0,0.0,44204.93617
18964.15479,21504.0,40468.15479,-0.25881904510252157,0.9659258262890681,16.63,78.1,1.370000000000001,0.0,32904.54252
26531.30699,25668.1809,52199.487890000004,-0.7071067811865477,0.7071067811865474,12.59,70.4,5.41,0.0,42992.54237
21931.91489,21552.24121,43484.1561,-0.5000000000000004,0.8660254037844384,11.82,76.8,6.18,0.0,35908.47458
22007.05394,12016.04863,34023.10257,0.49999999999999994,-0.8660254037844387,23.82,54.36,0.0,0.0,34345.73304
11349.8452,10400.64777,21750.49297,1.0,6.123233995736766e-17,18.81,62.91,0.0,0.0,19137.04918
17315.85366,17030.32258,34346.17624,0.0,1.0,10.99,85.1,7.01,0.0,28738.7234
25091.47609,29792.49231,54883.9684,-0.25881904510252157,0.9659258262890681,21.32,70.9,0.0,0.0,39423.57616
21497.46835,24727.02929,46224.49764,0.8660254037844387,-0.49999999999999983,27.75,32.78,0.0,3.75,30649.83389
18612.21996,18507.63636,37119.85632,0.258819045102521,-0.9659258262890682,13.4,87.9,4.6,0.0,37188.89128
21917.42739,12879.75684,34797.18423,-0.8660254037844384,-0.5000000000000004,27.13,41.61,0.0,3.129999999999999,35297.33042
15117.01245,12062.73556,27179.74801,0.8660254037844386,0.5000000000000001,20.05,86.6,0.0,0.0,25819.16849
22317.72152,28625.27197,50942.99349,-1.0,-1.8369701987210297e-16,31.57,30.92,0.0,7.57,32129.701
26206.68693,25060.34171,51267.028640000004,-0.7071067811865477,0.7071067811865474,14.35,66.89,3.6500000000000004,0.0,42724.0678
18965.85366,19712.90323,38678.756890000004,-1.0,-1.8369701987210297e-16,14.32,66.19,3.6799999999999997,0.0,34265.87234
15824.38017,11676.14458,27500.52475,0.9659258262890683,0.25881904510252074,12.04,87.6,5.960000000000001,0.0,21778.46154
25419.42149,17817.83133,43237.25282,1.2246467991473532e-16,-1.0,21.0,60.11,0.0,0.0,32535.38462
16821.8845,11786.0241,28607.908600000002,0.8660254037844387,-0.49999999999999983,10.05,86.3,7.949999999999999,0.0,16010.12658
16727.65073,13343.90194,30071.55267,0.7071067811865476,-0.7071067811865475,19.87,66.19,0.0,0.0,29061.23894
15890.04149,12652.15805,28542.19954,0.8660254037844386,0.5000000000000001,16.84,63.83,1.1600000000000001,0.0,27155.186
21712.26611,14450.01021,36162.276320000004,0.7071067811865476,-0.7071067811865475,23.61,78.5,0.0,0.0,33464.0708
29506.61157,18581.20482,48087.81639,-0.9659258262890683,-0.25881904510252063,20.26,61.27,0.0,0.0,34756.92308
25906.32911,25654.8954,51561.22451,0.7071067811865476,-0.7071067811865475,26.92,70.2,0.0,2.9200000000000017,36511.89369
14867.08861,19286.35983,34153.44844,1.0,6.123233995736766e-17,25.54,89.5,0.0,1.5399999999999991,25776.47841
22115.3527,11520.0,33635.3527,-0.8660254037844384,-0.5000000000000004,26.55,47.42,0.0,2.5500000000000007,33129.45295
22821.8845,22004.81928,44826.703779999996,-0.5000000000000004,0.8660254037844384,12.32,78.0,5.68,0.0,34894.17722
16642.68293,20334.19355,36976.87648,-0.25881904510252157,0.9659258262890681,11.24,87.3,6.76,0.0,31667.74468
16943.80165,11300.24096,28244.04261,0.7071067811865475,0.7071067811865476,19.36,85.3,0.0,0.0,21778.46154
17814.05339,9576.95078,27391.00417,0.49999999999999994,0.8660254037844387,13.13,84.3,4.869999999999999,0.0,22205.32319
26445.56962,25100.58577,51546.15539,0.7071067811865476,-0.7071067811865475,28.68,42.12,0.0,4.68,37921.59468
24054.88565,14914.81103,38969.69668,1.2246467991473532e-16,-1.0,23.61,60.65,0.0,0.0,33374.86726
14619.42149,12196.62651,26816.048000000003,0.8660254037844387,-0.49999999999999983,12.8,83.6,5.199999999999999,0.0,21569.23077
17038.22598,17460.56426,34498.79024,0.9659258262890683,0.25881904510252074,19.62,77.0,0.0,0.0,27131.45394
23182.97872,23144.09639,46327.07511,-0.5000000000000004,0.8660254037844384,16.82,49.63,1.1799999999999997,0.0,37452.1519
24313.67781,24608.80402,48922.481830000004,-0.7071067811865477,0.7071067811865474,13.56,56.64,4.4399999999999995,0.0,41393.89831
25995.13678,25477.14573,51472.282510000005,-0.8660254037844386,0.5000000000000001,15.46,57.01,2.539999999999999,0.0,43736.94915
22622.72727,12699.75904,35322.48631,-0.9659258262890683,-0.25881904510252063,20.83,61.95,0.0,0.0,28209.23077
11718.29268,9987.096774,21705.389454,0.9659258262890683,-0.25881904510252063,10.6,61.53,7.4,0.0,21691.91489
17780.04073,18146.90909,35926.94982,-0.9659258262890683,-0.25881904510252063,15.67,83.4,2.33,0.0,32042.71259
22751.76434,11703.2413,34455.00564,0.0,1.0,15.15,54.28,2.8499999999999996,0.0,26390.87452
22621.2766,21923.85542,44545.132020000005,-0.25881904510252157,0.9659258262890681,10.66,54.82,7.34,0.0,34341.26582
20938.01653,13544.09639,34482.11292,0.0,1.0,12.87,88.2,5.130000000000001,0.0,27520.0
24248.78049,26227.74194,50476.52243,-0.8660254037844386,0.5000000000000001,14.84,77.1,3.16,0.0,42673.02128
11155.50936,12140.30769,23295.817049999998,0.9659258262890683,0.25881904510252074,20.28,83.7,0.0,0.0,22989.13907
17563.66984,9957.262905,27520.932745,0.49999999999999994,0.8660254037844387,10.44,81.2,7.5600000000000005,0.0,21980.22814
15004.88798,19293.09091,34297.97889,0.0,1.0,14.19,82.9,3.8100000000000005,0.0,27677.76103
13554.87805,14045.80645,27600.6845,0.8660254037844386,0.5000000000000001,8.65,87.4,9.35,0.0,22727.48936
14718.29268,16182.58065,30900.873330000002,0.25881904510252074,0.9659258262890683,10.94,83.1,7.0600000000000005,0.0,25319.48936
20768.38906,16133.78894,36902.178,0.258819045102521,-0.9659258262890682,16.5,51.82,1.5,0.0,32509.83051
28975.88358,18450.82737,47426.71095,-0.8660254037844386,0.5000000000000001,22.88,84.1,0.0,0.0,44875.75221
25136.84211,23360.64777,48497.48988,-0.5000000000000004,0.8660254037844384,17.55,68.23,0.4499999999999993,0.0,39230.95082
13908.75764,15232.0,29140.75764,0.49999999999999994,0.8660254037844387,15.02,80.2,2.9800000000000004,0.0,23188.80517
32351.45228,17811.06383,50162.51611,-0.8660254037844386,0.5000000000000001,19.13,63.94,0.0,0.0,39985.99562
19218.29268,14835.48387,34053.776549999995,0.49999999999999994,-0.8660254037844387,12.63,85.3,5.369999999999999,0.0,31949.61702
17520.99792,9743.166496,27264.164416,0.9659258262890683,-0.25881904510252063,18.56,85.0,0.0,0.0,27990.79646
23465.85366,27516.77419,50982.627850000004,-0.9659258262890684,0.2588190451025203,23.05,52.82,0.0,0.0,44572.59574
18315.5227,16557.74295,34873.26565,1.0,6.123233995736766e-17,23.12,60.85,0.0,0.0,24746.90344
16935.58606,12952.47649,29888.062550000002,0.9659258262890683,-0.25881904510252063,24.59,91.4,0.0,0.5899999999999999,27457.49168
22840.13501,9755.582233,32595.717243,-0.4999999999999998,-0.8660254037844388,18.62,58.31,0.0,0.0,28459.31559
15732.22453,12902.63534,28634.85987,0.49999999999999994,0.8660254037844387,21.37,59.35,0.0,0.0,26799.29204
13810.97561,16043.22581,29854.201419999998,0.49999999999999994,0.8660254037844387,12.13,82.6,5.869999999999999,0.0,23971.40426
20168.35443,25233.13808,45401.49251,-0.7071067811865471,-0.7071067811865479,27.77,64.74,0.0,3.7699999999999996,32314.68439
29469.42149,17054.45783,46523.87932,-0.8660254037844386,0.5000000000000001,18.29,75.1,0.0,0.0,36350.76923
33768.64069,15068.42737,48837.06806,-0.9659258262890683,-0.25881904510252063,19.84,28.4,0.0,0.0,40152.09125
16924.01216,13012.04819,29936.06035,0.7071067811865476,-0.7071067811865475,15.12,60.02,2.880000000000001,0.0,27511.89873
26992.51559,27494.4,54486.915590000004,-0.5000000000000004,0.8660254037844384,21.14,73.0,0.0,0.0,44465.16556
25545.93453,23503.44828,49049.382809999996,-0.5000000000000004,0.8660254037844384,24.75,89.3,0.0,0.75,41470.72142
17067.49226,11764.8583,28832.35056,0.9659258262890683,-0.25881904510252063,16.13,89.6,1.870000000000001,0.0,26011.27869
17525.72614,12873.92097,30399.647109999998,0.25881904510252074,0.9659258262890683,17.73,92.6,0.2699999999999996,0.0,26745.55799
29759.50413,14411.56627,44171.0704,-0.9659258262890683,-0.25881904510252063,18.33,63.95,0.0,0.0,35513.84615
16548.02495,8725.311542,25273.336492,0.9659258262890683,0.25881904510252074,20.8,80.4,0.0,0.0,23798.23009
16358.66261,16307.45729,32666.119899999998,0.0,1.0,15.76,55.71,2.24,0.0,26780.33898
15065.85366,10985.80645,26051.66011,0.9659258262890683,-0.25881904510252063,7.2,88.3,10.8,0.0,23848.85106
14575.60976,11374.83871,25950.44847,0.9659258262890683,-0.25881904510252063,12.08,85.3,5.92,0.0,23076.76596
24102.43902,26314.83871,50417.27773,-0.9659258262890684,0.2588190451025203,16.27,71.0,1.7300000000000004,0.0,43347.06383
29651.65289,19541.20482,49192.85771,-0.7071067811865477,0.7071067811865474,15.12,84.0,2.880000000000001,0.0,35273.84615
25424.28722,27217.05329,52641.340509999995,-0.4999999999999998,-0.8660254037844388,29.33,68.33,0.0,5.329999999999998,38261.48724
18750.0,19138.06452,37888.06452,-0.25881904510252157,0.9659258262890681,12.84,55.64,5.16,0.0,31557.44681
18359.25156,7813.360572,26172.612132000002,1.0,6.123233995736766e-17,17.42,86.4,0.5799999999999983,0.0,26780.17699
16911.93618,9651.860744,26563.796924000002,0.7071067811865475,0.7071067811865476,7.69,80.0,10.309999999999999,0.0,21128.51711
27197.46835,32957.32218,60154.79053,-0.25881904510252157,0.9659258262890681,26.99,32.18,0.0,2.9899999999999984,40032.95681
18538.69969,18550.93117,37089.630860000005,-0.25881904510252157,0.9659258262890681,19.73,56.27,0.0,0.0,30279.34426
23569.16579,21047.77429,44616.94008,-0.25881904510252157,0.9659258262890681,22.06,75.8,0.0,0.0,39859.71143
13167.17325,14229.22613,27396.39938,0.8660254037844386,0.5000000000000001,12.34,74.9,5.66,0.0,22185.76271
24919.91701,17064.07295,41983.989960000006,-0.7071067811865477,0.7071067811865474,20.68,77.3,0.0,0.0,39948.18381
16821.54171,15065.07837,31886.62008,1.0,6.123233995736766e-17,22.44,75.3,0.0,0.0,25699.44506
21967.80186,20614.73684,42582.538700000005,-0.25881904510252157,0.9659258262890681,18.1,82.3,0.0,0.0,35013.2459
24435.90285,24960.0,49395.90285,-0.9659258262890683,-0.25881904510252063,28.86,47.62,0.0,4.859999999999999,37507.12542
26096.26556,10346.99088,36443.25644,0.258819045102521,-0.9659258262890682,20.47,81.4,0.0,0.0,32959.29978
20389.02439,17309.03226,37698.05665,1.2246467991473532e-16,-1.0,13.92,76.0,4.08,0.0,34694.80851
13696.04863,13804.33735,27500.38598,0.7071067811865475,0.7071067811865476,12.2,73.8,5.800000000000001,0.0,20658.22785
22604.56432,12990.6383,35595.202620000004,-0.4999999999999998,-0.8660254037844388,22.64,68.37,0.0,0.0,35316.23632
17611.4053,16541.09091,34152.49621,0.7071067811865476,-0.7071067811865475,16.02,83.7,1.9800000000000004,0.0,31856.70614
17965.01994,10003.36134,27968.381279999998,0.25881904510252074,0.9659258262890683,13.38,71.1,4.619999999999999,0.0,22326.9962
17688.60759,20437.15481,38125.7624,0.8660254037844386,0.5000000000000001,24.98,48.79,0.0,0.9800000000000004,27779.40199
15749.54407,15059.27711,30808.82118,1.0,6.123233995736766e-17,10.84,85.7,7.16,0.0,23307.34177
18658.26446,15151.80723,33810.07169,0.49999999999999994,-0.8660254037844387,16.81,79.5,1.1900000000000013,0.0,25944.61538
12991.46341,14289.67742,27281.14083,0.49999999999999994,0.8660254037844387,10.45,88.1,7.550000000000001,0.0,23346.38298
18692.87169,22231.27273,40924.14442,-0.25881904510252157,0.9659258262890681,14.67,62.7,3.33,0.0,33977.17976
20870.11616,21390.84639,42260.96255,0.49999999999999994,0.8660254037844387,23.55,69.77,0.0,0.0,30347.08102
20520.36474,17343.67839,37864.043130000005,-0.4999999999999998,-0.8660254037844388,14.45,62.9,3.5500000000000007,0.0,33986.44068
15227.96353,15169.15663,30397.12016,1.0,6.123233995736766e-17,9.05,67.61,8.95,0.0,24650.12658
10931.97556,15336.72727,26268.702830000002,0.8660254037844386,0.5000000000000001,14.96,87.9,3.039999999999999,0.0,23275.60818
25058.82353,25657.65182,50716.47535,-0.7071067811865477,0.7071067811865474,19.78,60.18,0.0,0.0,43788.59016
16066.1157,8697.831325,24763.947025,1.0,6.123233995736766e-17,18.81,86.9,0.0,0.0,20246.15385
15815.19757,15776.38554,31591.58311,0.25881904510252074,0.9659258262890683,11.21,58.13,6.789999999999999,0.0,25075.44304
20576.76349,10218.60182,30795.36531,0.7071067811865476,-0.7071067811865475,20.7,86.0,0.0,0.0,31831.24726
33464.31535,19620.18237,53084.49772,-0.9659258262890684,0.2588190451025203,21.46,68.77,0.0,0.0,40843.06346
18501.54799,12598.54251,31100.0905,0.9659258262890683,-0.25881904510252063,18.88,78.2,0.0,0.0,27005.90164
27264.20275,29648.65204,56912.85479,0.0,1.0,24.54,85.5,0.0,0.5399999999999991,37992.98557
22313.41463,22598.70968,44912.12431,-0.5000000000000004,0.8660254037844384,13.54,75.5,4.460000000000001,0.0,37550.29787
24934.85477,12307.84195,37242.69672,-0.4999999999999998,-0.8660254037844388,19.57,88.5,0.0,0.0,35498.99344
18886.90229,16320.98059,35207.882880000005,-0.8660254037844384,-0.5000000000000004,25.84,48.55,0.0,1.8399999999999999,31934.86726
18615.18987,21220.41841,39835.60828,0.7071067811865475,0.7071067811865476,20.7,72.5,0.0,0.0,28347.10963
17541.75153,13265.45455,30807.206080000004,0.8660254037844387,-0.49999999999999983,18.75,60.89,0.0,0.0,27287.14747
24474.16413,25668.1809,50142.34503,-0.8660254037844386,0.5000000000000001,14.31,68.86,3.6899999999999995,0.0,42052.88136
27737.21414,27264.0,55001.21414,-0.7071067811865477,0.7071067811865474,21.1,82.6,0.0,0.0,45431.52318
22851.06383,22374.93976,45226.00359,-0.5000000000000004,0.8660254037844384,10.08,82.9,7.92,0.0,35179.74684
14531.70732,17645.80645,32177.513769999998,0.0,1.0,16.47,79.6,1.5300000000000011,0.0,26397.95745
18497.83282,18067.04453,36564.877349999995,0.7071067811865475,0.7071067811865476,19.59,79.1,0.0,0.0,31462.81967
21835.75884,18443.81538,40279.574219999995,-0.7071067811865471,-0.7071067811865479,22.14,77.0,0.0,0.0,35043.17881
27137.60331,8431.807229,35569.410539,-0.8660254037844384,-0.5000000000000004,18.52,65.99,0.0,0.0,30898.46154
16759.87842,11884.33735,28644.215770000003,0.8660254037844387,-0.49999999999999983,11.8,82.5,6.199999999999999,0.0,25749.87342
22814.36023,9104.441777,31918.802007,0.49999999999999994,-0.8660254037844387,12.77,67.07,5.23,0.0,31458.55513
18508.53659,15067.74194,33576.278529999996,-0.8660254037844384,-0.5000000000000004,15.19,68.79,2.8100000000000005,0.0,33885.95745
28754.43038,32577.74059,61332.17097000001,-0.7071067811865471,-0.7071067811865479,34.65,33.45,0.0,10.649999999999999,40320.0
14950.41322,10768.19277,25718.60599,0.9659258262890683,-0.25881904510252063,11.79,83.2,6.210000000000001,0.0,21384.61538
25084.82972,25879.19028,50964.020000000004,-0.9659258262890684,0.2588190451025203,24.84,52.54,0.0,0.8399999999999999,42793.96721
14779.33131,15325.3012,30104.63251,0.25881904510252074,0.9659258262890683,16.87,74.4,1.129999999999999,0.0,24218.73418
18377.41639,9674.909964,28052.326353999997,1.0,6.123233995736766e-17,5.157,86.2,12.843,0.0,22765.01901
26625.55438,28571.28527,55196.83965,0.0,1.0,27.82,56.32,0.0,3.8200000000000003,34649.50055
23487.98371,27357.09091,50845.07462,-0.9659258262890684,0.2588190451025203,19.08,69.85,0.0,0.0,43637.11518
16425.89751,9565.42617,25991.32368,0.8660254037844386,0.5000000000000001,5.589,85.5,12.411,0.0,21092.01521
32623.50414,16825.93037,49449.43451,-0.9659258262890684,0.2588190451025203,9.92,61.15,8.08,0.0,37694.29658
30109.09091,16377.83133,46486.92224,-0.8660254037844386,0.5000000000000001,16.28,71.1,1.7199999999999989,0.0,37778.46154
18282.64463,10415.42169,28698.066319999998,0.49999999999999994,-0.8660254037844387,11.81,78.0,6.1899999999999995,0.0,26178.46154
15477.39938,15356.11336,30833.51274,0.49999999999999994,0.8660254037844387,18.45,88.2,0.0,0.0,24664.13115
16858.35866,16493.49398,33351.85264,0.258819045102521,-0.9659258262890682,15.42,61.1,2.58,0.0,32330.12658
17398.778,15552.0,32950.778,0.7071067811865476,-0.7071067811865475,15.75,84.9,2.25,0.0,29599.82777
17199.14084,10758.22329,27957.36413,0.25881904510252074,0.9659258262890683,14.47,70.1,3.5299999999999994,0.0,22728.51711
18824.05063,24775.23013,43599.28076,0.7071067811865476,-0.7071067811865475,26.85,83.5,0.0,2.8500000000000014,30471.22924
26077.68595,12213.9759,38291.66185,1.2246467991473532e-16,-1.0,18.23,71.5,0.0,0.0,29316.92308
18346.50456,14362.37186,32708.87642,0.49999999999999994,-0.8660254037844387,10.16,71.5,7.84,0.0,30044.74576
14586.01824,11491.08434,26077.10258,0.9659258262890683,-0.25881904510252063,4.018,78.1,13.982,0.0,22936.70886
13075.98784,14423.13253,27499.12037,0.7071067811865475,0.7071067811865476,14.03,73.1,3.9700000000000006,0.0,20621.77215
16158.83576,10537.44637,26696.28213,1.0,6.123233995736766e-17,20.92,66.49,0.0,0.0,26149.38053
18417.72152,19653.89121,38071.61273,1.0,6.123233995736766e-17,23.19,48.38,0.0,0.0,27084.1196
28073.91763,25423.44828,53497.36591,0.258819045102521,-0.9659258262890682,27.66,44.78,0.0,3.66,41400.39956
14400.0,13261.53218,27661.532180000002,0.49999999999999994,-0.8660254037844387,24.84,55.85,0.0,0.8399999999999999,25512.21239
20914.28571,20495.42169,41409.7074,-0.25881904510252157,0.9659258262890681,12.37,76.4,5.630000000000001,0.0,32002.02532
21218.29522,21598.52308,42816.8183,0.7071067811865475,0.7071067811865476,17.78,66.4,0.21999999999999886,0.0,37433.64238
15020.06079,16527.43719,31547.49798,0.25881904510252074,0.9659258262890683,11.02,88.7,6.98,0.0,25669.83051
20830.39514,21349.62814,42180.02328,-0.25881904510252157,0.9659258262890681,7.74,62.4,10.26,0.0,35060.33898
22699.79633,27293.09091,49992.88724,-0.7071067811865477,0.7071067811865474,15.89,84.6,2.1099999999999994,0.0,41572.44349
16413.37386,11340.54271,27753.91657,0.8660254037844387,-0.49999999999999983,10.69,70.2,7.3100000000000005,0.0,24778.98305
22111.61826,10457.87234,32569.490599999997,0.7071067811865476,-0.7071067811865475,19.33,84.1,0.0,0.0,32845.86433
22453.22245,13026.18999,35479.41244,0.49999999999999994,-0.8660254037844387,22.82,85.5,0.0,0.0,36012.74336
21486.93009,17401.44578,38888.37587,-0.2588190451025208,-0.9659258262890683,17.36,46.01,0.6400000000000006,0.0,35963.5443
20324.05063,25678.99582,46003.04645,-0.9659258262890684,0.2588190451025203,26.32,71.4,0.0,2.3200000000000003,32691.0299
12160.48632,14165.54774,26326.034059999998,0.8660254037844386,0.5000000000000001,10.76,91.4,7.24,0.0,21758.64407
26895.2183,29526.64615,56421.86445,-0.8660254037844386,0.5000000000000001,23.72,47.5,0.0,0.0,49360.5298
29132.86284,14267.46699,43400.32983,-0.5000000000000004,0.8660254037844384,16.07,58.91,1.9299999999999997,0.0,35631.93916
14481.73375,10878.70445,25360.438199999997,1.0,6.123233995736766e-17,18.93,52.18,0.0,0.0,23115.54098
27241.39388,28047.6489,55289.04278,-0.9659258262890683,-0.25881904510252063,29.19,57.32,0.0,5.190000000000001,38619.48946
14777.96258,12370.70769,27148.67027,0.9659258262890683,-0.25881904510252063,20.46,78.5,0.0,0.0,25862.78146
13531.91489,11711.03518,25242.95007,0.9659258262890683,-0.25881904510252063,11.4,66.24,6.6,0.0,20941.01695
25031.95021,13568.38906,38600.33927,-0.2588190451025208,-0.9659258262890683,27.36,47.88,0.0,3.3599999999999994,36179.60613
15322.40664,12506.2614,27828.668039999997,0.8660254037844386,0.5000000000000001,19.5,69.49,0.0,0.0,26449.36543
21641.81626,18983.32288,40625.13914,0.8660254037844387,-0.49999999999999983,21.87,40.39,0.0,0.0,28211.8535
23574.79339,14960.96386,38535.757249999995,-0.25881904510252157,0.9659258262890681,15.58,88.7,2.42,0.0,28886.15385
25739.2562,17002.40964,42741.66584,-0.8660254037844384,-0.5000000000000004,20.7,70.6,0.0,0.0,31175.38462
23583.29939,27997.09091,51580.3903,-0.8660254037844386,0.5000000000000001,16.17,53.89,1.8299999999999983,0.0,44455.5436
21135.96674,14567.68131,35703.64805,-0.9659258262890683,-0.25881904510252063,22.87,71.8,0.0,0.0,31966.72566
25167.17325,23925.70854,49092.88179,-1.0,-1.8369701987210297e-16,15.94,53.36,2.0600000000000005,0.0,41796.61017
20344.27245,17740.5668,38084.839250000005,-0.8660254037844384,-0.5000000000000004,21.84,54.01,0.0,0.0,31261.37705
26979.93921,25382.16867,52362.107879999996,-1.0,-1.8369701987210297e-16,14.03,66.72,3.9700000000000006,0.0,41808.60759
27670.96093,29299.56113,56970.52206,-0.5000000000000004,0.8660254037844384,23.94,84.4,0.0,0.0,43944.77248
18517.33661,9836.254502,28353.591112,0.25881904510252074,0.9659258262890683,13.72,80.8,4.279999999999999,0.0,23105.70342
20663.41463,16200.0,36863.41463,-0.8660254037844384,-0.5000000000000004,18.02,61.35,0.0,0.0,32574.6383
15529.12424,12997.81818,28526.94242,0.8660254037844387,-0.49999999999999983,15.21,87.0,2.789999999999999,0.0,26214.51023
24724.74012,27701.16923,52425.90935,-0.7071067811865477,0.7071067811865474,20.57,62.58,0.0,0.0,45711.25828
16935.36585,17953.54839,34888.91424,0.0,1.0,13.19,81.6,4.8100000000000005,0.0,28248.51064
22252.54582,27991.27273,50243.818549999996,-0.7071067811865477,0.7071067811865474,13.38,82.0,4.619999999999999,0.0,42087.06136
23381.40496,9975.903614,33357.308574,0.49999999999999994,-0.8660254037844387,20.49,68.88,0.0,0.0,30043.07692
16420.25316,19388.78661,35809.03977,0.8660254037844386,0.5000000000000001,24.18,83.0,0.0,0.17999999999999972,25215.1495
17397.52066,9438.072289,26835.592948999998,0.49999999999999994,0.8660254037844387,16.89,67.95,1.1099999999999994,0.0,22510.76923
22078.48101,26871.96653,48950.44754,0.0,1.0,24.3,87.4,0.0,0.3000000000000007,33214.08638
13946.34146,13639.35484,27585.6963,0.8660254037844386,0.5000000000000001,9.64,89.9,8.36,0.0,23113.53191
14056.09756,14905.16129,28961.25885,0.49999999999999994,-0.8660254037844387,12.62,72.1,5.380000000000001,0.0,29670.12766
12543.46505,13945.56784,26489.032890000002,0.9659258262890683,0.25881904510252074,10.94,86.8,7.0600000000000005,0.0,23387.79661
22820.27455,25357.24138,48177.515929999994,0.0,1.0,22.84,60.35,0.0,0.0,33498.77913
31213.63636,19616.38554,50830.0219,-0.7071067811865477,0.7071067811865474,17.46,73.3,0.5399999999999991,0.0,36301.53846
16902.89256,7922.891566,24825.784126,0.9659258262890683,-0.25881904510252063,13.52,87.4,4.48,0.0,21661.53846
16262.32179,19205.81818,35468.13997,0.0,1.0,15.09,86.7,2.91,0.0,28731.79763
21748.25766,25080.37618,46828.633839999995,0.49999999999999994,0.8660254037844387,24.31,73.6,0.0,0.3099999999999987,31459.44506
28959.66209,26717.49216,55677.15425000001,-0.8660254037844386,0.5000000000000001,25.67,80.4,0.0,1.6700000000000017,48176.87014
19823.70821,19946.0241,39769.73231,-0.25881904510252157,0.9659258262890681,10.41,87.0,7.59,0.0,32907.34177
15804.25532,12087.31658,27891.571900000003,0.7071067811865476,-0.7071067811865475,10.14,83.7,7.859999999999999,0.0,25273.22034
17706.50155,16644.53441,34351.03596,0.49999999999999994,-0.8660254037844387,20.04,69.0,0.0,0.0,31513.18033
23463.22314,17031.3253,40494.54844,0.258819045102521,-0.9659258262890682,20.25,75.0,0.0,0.0,31101.53846
26840.50633,25817.57322,52658.079549999995,0.7071067811865476,-0.7071067811865475,24.36,57.66,0.0,0.35999999999999943,37417.67442
20316.10942,18929.84925,39245.95867,-0.9659258262890683,-0.25881904510252063,13.83,69.28,4.17,0.0,34889.49153
17224.91562,9922.689076,27147.604696000002,0.49999999999999994,0.8660254037844387,10.49,81.2,7.51,0.0,22004.56274
16840.5491,18086.52038,34927.069480000006,0.9659258262890683,0.25881904510252074,23.79,82.6,0.0,0.0,27169.81132
23652.79831,24821.5674,48474.36571,0.0,1.0,21.7,54.58,0.0,0.0,34310.67703
14367.07317,14347.74194,28714.81511,0.9659258262890683,0.25881904510252074,10.79,83.5,7.210000000000001,0.0,24326.80851
20680.04224,18128.65204,38808.694279999996,0.9659258262890683,-0.25881904510252063,23.48,63.29,0.0,0.0,27674.85017
15470.88608,21328.87029,36799.75637,0.9659258262890683,-0.25881904510252063,22.81,54.26,0.0,0.0,24073.35548
23962.02532,23901.58996,47863.61528,0.7071067811865476,-0.7071067811865475,28.01,31.89,0.0,4.010000000000002,33902.99003
18688.01653,10716.14458,29404.16111,0.25881904510252074,0.9659258262890683,13.44,71.4,4.5600000000000005,0.0,24381.53846
22464.44906,17091.72625,39556.17531,-0.5000000000000004,0.8660254037844384,18.84,79.1,0.0,0.0,37854.15929
30499.26082,28866.2069,59365.46772,-0.7071067811865471,-0.7071067811865479,30.49,63.55,0.0,6.489999999999998,40818.64595
14110.97561,13604.51613,27715.491739999998,1.0,6.123233995736766e-17,11.5,78.3,6.5,0.0,24081.70213
13356.83891,11346.50602,24703.34493,0.8660254037844387,-0.49999999999999983,12.04,77.8,5.960000000000001,0.0,23380.25316
20185.44699,18021.32789,38206.77488,0.0,1.0,22.15,73.1,0.0,0.0,35025.13274
19073.33538,7917.406963,26990.742343,0.9659258262890683,-0.25881904510252063,14.46,72.5,3.539999999999999,0.0,22643.34601
19852.06612,12907.95181,32760.01793,0.0,1.0,12.72,88.1,5.279999999999999,0.0,26067.69231
15485.23909,13102.6762,28587.915289999997,0.49999999999999994,0.8660254037844387,23.28,61.09,0.0,0.0,26238.58407
28695.2183,21004.29009,49699.50839,-0.9659258262890684,0.2588190451025203,22.22,78.1,0.0,0.0,48316.46018
24691.13924,30547.28033,55238.41957,-0.9659258262890683,-0.25881904510252063,27.12,71.3,0.0,3.120000000000001,36664.98339
25623.96694,11907.46988,37531.43682,-0.2588190451025208,-0.9659258262890683,18.95,64.06,0.0,0.0,29236.92308
13631.70732,14405.80645,28037.513769999998,0.7071067811865475,0.7071067811865476,11.88,90.9,6.119999999999999,0.0,23089.02128
23758.51393,24415.87045,48174.38438,-0.5000000000000004,0.8660254037844384,17.27,69.4,0.7300000000000004,0.0,39230.95082
16034.04255,16308.43373,32342.476280000003,0.0,1.0,15.13,84.2,2.869999999999999,0.0,26065.82278
15363.22314,9409.156627,24772.379767,1.0,6.123233995736766e-17,11.69,79.3,6.3100000000000005,0.0,19741.53846
19393.90244,13883.22581,33277.12825,0.7071067811865476,-0.7071067811865475,11.89,89.4,6.109999999999999,0.0,29633.3617
26691.6232,12331.33253,39022.95573,1.2246467991473532e-16,-1.0,10.44,89.3,7.5600000000000005,0.0,33928.51711
20656.96466,16120.93973,36777.90439,-0.25881904510252157,0.9659258262890681,20.05,84.2,0.0,0.0,35229.02655
17360.99071,16895.22267,34256.21338,0.0,1.0,17.99,86.0,0.010000000000001563,0.0,27207.34426
16174.33809,18472.72727,34647.06536,-0.8660254037844384,-0.5000000000000004,14.32,89.4,3.6799999999999997,0.0,31249.08504
27404.85744,26097.55486,53502.412299999996,-0.8660254037844384,-0.5000000000000004,29.66,44.38,0.0,5.66,40869.78912
14617.04782,12914.40245,27531.45027,0.9659258262890683,0.25881904510252074,19.08,67.72,0.0,0.0,24976.99115
29865.60295,16307.32293,46172.92588,-1.0,-1.8369701987210297e-16,16.39,57.81,1.6099999999999994,0.0,37043.34601
18859.09091,10195.66265,29054.753559999997,1.0,6.123233995736766e-17,11.05,66.47,6.949999999999999,0.0,22646.15385
19721.57676,9570.820669,29292.397429,0.8660254037844387,-0.49999999999999983,19.02,81.3,0.0,0.0,28869.32166
33366.94215,17719.51807,51086.46022,-0.8660254037844386,0.5000000000000001,19.25,47.97,0.0,0.0,39575.38462
15177.66186,9617.286915,24794.948775,0.7071067811865475,0.7071067811865476,7.62,89.3,10.379999999999999,0.0,22053.23194
28650.0,24642.58065,53292.58065,-1.0,-1.8369701987210297e-16,15.23,70.5,2.7699999999999996,0.0,41778.38298
13823.70821,14773.38693,28597.09514,0.49999999999999994,0.8660254037844387,14.15,62.18,3.8499999999999996,0.0,23534.23729
26240.24768,25086.31579,51326.56347,-0.5000000000000004,0.8660254037844384,20.66,80.9,0.0,0.0,42844.32787
20525.20661,17615.42169,38140.6283,0.49999999999999994,-0.8660254037844387,15.96,81.8,2.039999999999999,0.0,28621.53846
10077.80041,12747.63636,22825.43677,0.9659258262890683,0.25881904510252074,11.68,88.1,6.32,0.0,19716.68461
14571.95122,15480.0,30051.951220000003,0.25881904510252074,0.9659258262890683,11.24,87.5,6.76,0.0,25638.12766
17190.27356,12619.8995,29810.17306,0.7071067811865476,-0.7071067811865475,11.71,67.91,6.289999999999999,0.0,26798.64407
24967.98337,25598.03077,50566.01414,0.25881904510252074,0.9659258262890683,20.23,61.24,0.0,0.0,41184.63576
19126.40333,10608.04903,29734.452360000003,0.8660254037844387,-0.49999999999999983,19.99,89.1,0.0,0.0,31023.71681
28061.36852,13973.58944,42034.95796,-0.9659258262890683,-0.25881904510252063,17.75,64.49,0.25,0.0,33508.74525
21016.21622,16045.29231,37061.50853,0.258819045102521,-0.9659258262890682,23.04,71.5,0.0,0.0,33377.48344
26850.31185,27039.50769,53889.81954,-0.9659258262890684,0.2588190451025203,21.39,78.0,0.0,0.0,43371.65563
23934.3465,23155.66265,47090.00915,-0.5000000000000004,0.8660254037844384,10.69,72.7,7.3100000000000005,0.0,37482.53165
13467.07317,13830.96774,27298.04091,0.7071067811865475,0.7071067811865476,10.56,85.5,7.4399999999999995,0.0,22623.31915
26977.54678,26584.61538,53562.16216,-0.25881904510252157,0.9659258262890681,20.8,78.8,0.0,0.0,43956.55629
17527.68595,11843.85542,29371.54137,1.0,6.123233995736766e-17,18.6,69.05,0.0,0.0,22129.23077
13660.68111,10837.89474,24498.57585,1.0,6.123233995736766e-17,17.25,79.4,0.75,0.0,22322.36066
27377.08978,26094.89879,53471.98857,-0.5000000000000004,0.8660254037844384,17.89,83.5,0.10999999999999943,0.0,45463.08197
13947.72036,14582.35176,28530.072119999997,0.49999999999999994,0.8660254037844387,14.75,59.01,3.25,0.0,23351.18644
14815.38462,13339.56923,28154.953849999998,0.9659258262890683,0.25881904510252074,17.75,72.8,0.25,0.0,24311.52318
21121.51899,26118.82845,47240.34744,0.8660254037844386,0.5000000000000001,21.37,62.29,0.0,0.0,30917.74086
20673.55623,15036.14458,35709.700809999995,0.49999999999999994,-0.8660254037844387,8.37,85.2,9.63,0.0,32506.32911
22683.28267,18268.91566,40952.19833,0.258819045102521,-0.9659258262890682,14.12,49.28,3.880000000000001,0.0,36261.26582
23874.27386,17525.10638,41399.38024,-0.5000000000000004,0.8660254037844384,23.3,57.02,0.0,0.0,39853.65427
26886.07595,32258.41004,59144.48599,-0.25881904510252157,0.9659258262890681,24.09,82.9,0.0,0.08999999999999986,41646.77741
14676.92308,13408.62104,28085.54412,0.7071067811865475,0.7071067811865476,21.31,72.2,0.0,0.0,25282.83186
20491.18541,14787.46988,35278.655289999995,0.49999999999999994,-0.8660254037844387,7.84,86.3,10.16,0.0,31898.73418
17255.92705,15238.55422,32494.481269999997,0.7071067811865476,-0.7071067811865475,9.68,75.5,8.32,0.0,30331.13924
20195.74468,17465.06024,37660.804919999995,-0.7071067811865471,-0.7071067811865479,14.92,66.81,3.08,0.0,31886.58228
24587.23404,24693.9759,49281.20994,-0.5000000000000004,0.8660254037844384,16.75,74.6,1.25,0.0,40210.63291
14604.33437,14423.31984,29027.65421,0.8660254037844386,0.5000000000000001,18.14,68.29,0.0,0.0,24664.13115
14403.64742,14683.37349,29087.02091,1.0,6.123233995736766e-17,8.91,81.6,9.09,0.0,24273.41772
21325.60976,16339.35484,37664.9646,-0.4999999999999998,-0.8660254037844388,15.24,60.11,2.76,0.0,34376.17021
24508.86076,32162.00837,56670.86913,-0.9659258262890683,-0.25881904510252063,32.67,50.12,0.0,8.670000000000002,36537.40864
19626.74772,20463.9196,40090.66732,-0.25881904510252157,0.9659258262890681,13.32,65.39,4.68,0.0,32997.9661
25868.46473,18727.29483,44595.75956,-0.7071067811865477,0.7071067811865474,18.8,82.1,0.0,0.0,43590.7221
13692.40122,14646.03015,28338.43137,0.49999999999999994,0.8660254037844387,14.33,62.12,3.67,0.0,23296.27119
16891.18541,13353.25301,30244.43842,0.7071067811865476,-0.7071067811865475,9.24,67.27,8.76,0.0,27785.31646
27494.22492,25434.21687,52928.44179,-0.9659258262890684,0.2588190451025203,14.51,54.86,3.49,0.0,44360.50633
22406.07903,17459.27711,39865.35614,0.258819045102521,-0.9659258262890682,13.83,48.95,4.17,0.0,36279.49367
30632.31257,31917.74295,62550.055519999994,-0.7071067811865477,0.7071067811865474,23.1,66.98,0.0,0.0,46732.07547
15085.53971,17396.36364,32481.90335,0.0,1.0,14.21,71.8,3.789999999999999,0.0,26722.92788
18078.09917,11572.04819,29650.147360000003,0.9659258262890683,0.25881904510252074,17.07,78.2,0.9299999999999997,0.0,22658.46154
15067.4772,15093.9759,30161.4531,1.0,6.123233995736766e-17,15.93,77.6,2.0700000000000003,0.0,24473.92405
24608.73181,13949.90807,38558.63988,0.258819045102521,-0.9659258262890682,23.07,67.02,0.0,0.0,32495.57522
18472.91242,18461.09091,36934.00333,0.258819045102521,-0.9659258262890682,16.14,78.6,1.8599999999999994,0.0,34646.80301
20118.08732,21379.93846,41498.025779999996,-0.8660254037844384,-0.5000000000000004,26.37,34.7,0.0,2.370000000000001,36289.27152
16296.69421,11369.63855,27666.332759999998,0.9659258262890683,0.25881904510252074,12.63,83.3,5.369999999999999,0.0,23236.92308
25918.37987,9703.721489,35622.101359,-0.2588190451025208,-0.9659258262890683,16.16,59.21,1.8399999999999999,0.0,30844.10646
16222.40664,9938.480243,26160.886883,1.0,6.123233995736766e-17,22.1,61.82,0.0,0.0,25674.22319
32652.96103,15552.46098,48205.422009999995,-1.0,-1.8369701987210297e-16,15.3,67.02,2.6999999999999993,0.0,39251.71103
25739.2562,13069.87952,38809.13572,-0.8660254037844384,-0.5000000000000004,23.25,48.57,0.0,0.0,30166.15385
22541.03343,16505.06024,39046.09367,-0.2588190451025208,-0.9659258262890683,13.85,45.78,4.15,0.0,34359.49367
26053.22245,22022.14505,48075.3675,-1.0,-1.8369701987210297e-16,25.91,60.45,0.0,1.9100000000000001,44264.0708
22516.10924,8482.112845,30998.222085,0.7071067811865476,-0.7071067811865475,10.5,78.9,7.5,0.0,28842.58555
26797.921,27169.47692,53967.39792,-0.9659258262890684,0.2588190451025203,21.62,78.1,0.0,0.0,46893.77483
20866.8693,20533.38693,41400.25623,-0.25881904510252157,0.9659258262890681,14.38,63.79,3.619999999999999,0.0,32997.9661
20320.16632,14561.79775,34881.96407,-0.7071067811865471,-0.7071067811865479,24.7,63.05,0.0,0.6999999999999993,35209.9115
16727.05167,11612.53012,28339.58179,0.8660254037844387,-0.49999999999999983,6.927,85.3,11.073,0.0,25251.64557
15170.89397,14608.86619,29779.760159999998,-0.4999999999999998,-0.8660254037844388,28.53,41.25,0.0,4.530000000000001,27366.37168
26640.7603,29413.9185,56054.6788,0.0,1.0,28.34,32.34,0.0,4.34,36177.40289
25940.95634,29189.90769,55130.86403,-0.7071067811865477,0.7071067811865474,21.3,81.9,0.0,0.0,44465.16556
17655.72261,6592.076831,24247.799441000003,0.9659258262890683,-0.25881904510252063,8.65,93.4,9.35,0.0,23081.36882
19246.15385,12602.57406,31848.72791,0.8660254037844387,-0.49999999999999983,22.16,87.5,0.0,0.0,29583.71681
23935.13514,14450.01021,38385.14535,-0.4999999999999998,-0.8660254037844388,23.55,65.62,0.0,0.0,34075.75221
22710.03168,24502.57053,47212.60221,0.25881904510252074,0.9659258262890683,22.32,68.42,0.0,0.0,32552.63041
17146.77755,11414.09602,28560.87357,0.7071067811865475,0.7071067811865476,20.81,86.4,0.0,0.0,26257.69912
20472.19917,15214.10334,35686.30251,-0.25881904510252157,0.9659258262890681,19.48,76.2,0.0,0.0,34528.49015
15291.64087,15758.38057,31050.021439999997,0.25881904510252074,0.9659258262890683,17.99,72.8,0.010000000000001563,0.0,25457.31148
20643.9834,13626.74772,34270.73112,-0.25881904510252157,0.9659258262890681,19.76,86.4,0.0,0.0,31289.2779
22493.34741,19621.31661,42114.66402,0.7071067811865476,-0.7071067811865475,21.42,69.49,0.0,0.0,34195.60488
11341.46341,10689.67742,22031.14083,0.8660254037844387,-0.49999999999999983,10.88,81.5,7.119999999999999,0.0,21103.65957
24596.50199,9334.933974,33931.435964000004,0.258819045102521,-0.9659258262890682,16.39,64.25,1.6099999999999994,0.0,31166.53992
14779.33131,14472.36181,29251.69312,1.0,6.123233995736766e-17,13.43,71.1,4.57,0.0,23637.9661
13178.04878,10074.19355,23252.24233,1.0,6.123233995736766e-17,12.07,87.0,5.93,0.0,21618.38298
20804.48065,17285.81818,38090.29883,-0.8660254037844384,-0.5000000000000004,22.92,44.08,0.0,0.0,32253.51991
31395.86777,16314.21687,47710.08464,-0.8660254037844386,0.5000000000000001,16.55,65.42,1.4499999999999993,0.0,37532.30769
16876.8595,10490.60241,27367.461909999998,0.8660254037844386,0.5000000000000001,19.31,68.18,0.0,0.0,21298.46154
22264.73029,16060.30395,38325.03424,-0.5000000000000004,0.8660254037844384,20.17,78.0,0.0,0.0,35316.23632
20481.87373,19578.18182,40060.055550000005,1.2246467991473532e-16,-1.0,14.68,72.3,3.3200000000000003,0.0,36134.85468
15406.32911,14845.85774,30252.18685,1.0,6.123233995736766e-17,22.83,50.63,0.0,0.0,23779.93355
21720.36474,16846.26506,38566.6298,-0.4999999999999998,-0.8660254037844388,18.28,44.07,0.0,0.0,35453.16456
25493.80165,12318.07229,37811.873940000005,1.2246467991473532e-16,-1.0,17.26,74.6,0.7399999999999984,0.0,28904.61538
12471.69043,15976.72727,28448.417699999998,0.8660254037844386,0.5000000000000001,11.92,86.6,6.08,0.0,23771.6254
19783.58663,16973.18593,36756.77256,-0.7071067811865471,-0.7071067811865479,17.27,36.38,0.7300000000000004,0.0,33113.89831
20459.8778,17489.45455,37949.33235,0.49999999999999994,-0.8660254037844387,16.45,78.9,1.5500000000000007,0.0,33220.7535
33636.08469,16174.78992,49810.87461,-0.9659258262890684,0.2588190451025203,13.41,51.3,4.59,0.0,39634.98099
25304.13223,16447.22892,41751.36115,1.2246467991473532e-16,-1.0,19.09,58.31,0.0,0.0,33920.0
19388.35759,22738.70769,42127.065279999995,0.25881904510252074,0.9659258262890683,22.04,83.3,0.0,0.0,30554.70199
22470.12448,13580.06079,36050.18527,-0.9659258262890683,-0.25881904510252063,25.28,47.68,0.0,1.2800000000000011,36463.19475
16849.34029,8937.334934,25786.675224,0.8660254037844386,0.5000000000000001,16.23,67.32,1.7699999999999996,0.0,21317.11027
18401.65289,7651.084337,26052.737227,0.8660254037844387,-0.49999999999999983,19.69,77.5,0.0,0.0,23661.53846
11347.11246,10837.59036,22184.70282,0.8660254037844387,-0.49999999999999983,4.807,73.1,13.193,0.0,18987.34177
23665.69647,25131.32308,48797.01955,0.25881904510252074,0.9659258262890683,17.97,68.62,0.030000000000001137,0.0,39518.9404
22083.47107,15180.72289,37264.19396,-0.25881904510252157,0.9659258262890681,15.42,78.9,2.58,0.0,30387.69231
13328.04878,14347.74194,27675.790719999997,0.8660254037844386,0.5000000000000001,11.39,87.4,6.609999999999999,0.0,25344.0
21899.3763,11090.50051,32989.87681,0.7071067811865476,-0.7071067811865475,22.17,75.0,0.0,0.0,30953.62832
22720.33195,13988.57143,36708.90338,-0.2588190451025208,-0.9659258262890683,25.0,34.45,0.0,1.0,36721.57549
24736.42222,12826.89076,37563.31298,-0.25881904510252157,0.9659258262890681,12.8,74.3,5.199999999999999,0.0,28946.0076
17027.02703,16783.75385,33810.780880000006,0.8660254037844386,0.5000000000000001,20.74,85.8,0.0,0.0,26612.98013
29505.80913,15902.73556,45408.54469,-0.9659258262890683,-0.25881904510252063,21.14,73.1,0.0,0.0,35940.13129
15634.92723,13202.69663,28837.62386,0.7071067811865476,-0.7071067811865475,17.88,63.47,0.120000000000001,0.0,29303.36283
20151.97568,15983.27638,36135.25206,0.258819045102521,-0.9659258262890682,11.87,48.55,6.130000000000001,0.0,33870.50847
21942.85714,16267.95181,38210.80895,1.2246467991473532e-16,-1.0,11.47,70.1,6.529999999999999,0.0,33873.41772
19451.97505,10813.97344,30265.948490000002,0.8660254037844387,-0.49999999999999983,20.73,86.5,0.0,0.0,31374.15929
18082.15768,9372.401216,27454.558896000002,1.0,6.123233995736766e-17,19.48,76.7,0.0,0.0,27060.65646
16372.14137,13367.43616,29739.57753,0.0,1.0,24.8,35.95,0.0,0.8000000000000007,29367.07965
17940.49587,10103.13253,28043.6284,1.0,6.123233995736766e-17,19.58,54.47,0.0,0.0,22984.61538
20312.46201,16064.32161,36376.78362,-0.7071067811865471,-0.7071067811865479,12.43,48.41,5.57,0.0,32967.45763
24027.38589,12891.42857,36918.81446,-0.2588190451025208,-0.9659258262890683,21.71,76.8,0.0,0.0,37206.82713
33061.98347,20298.79518,53360.77865,-1.0,-1.8369701987210297e-16,19.81,65.88,0.0,0.0,38984.61538
18309.95851,8333.617021,26643.575531000002,0.9659258262890683,-0.25881904510252063,18.04,91.1,0.0,0.0,27111.07221
12614.63415,13807.74194,26422.376089999998,0.7071067811865475,0.7071067811865476,14.88,61.59,3.119999999999999,0.0,24375.82979
31812.39669,20217.83133,52030.22802,-0.9659258262890684,0.2588190451025203,19.48,67.11,0.0,0.0,38258.46154
26293.9552,13086.19448,39380.14968,-0.25881904510252157,0.9659258262890681,15.44,51.64,2.5600000000000005,0.0,30418.25095
23884.68849,21782.06897,45666.75746,0.8660254037844387,-0.49999999999999983,24.19,68.33,0.0,0.19000000000000128,33581.88679
30200.41494,17379.20973,47579.62467,-0.8660254037844386,0.5000000000000001,18.18,79.2,0.0,0.0,39425.12035
20499.7921,17144.67824,37644.47034,-1.0,-1.8369701987210297e-16,24.08,63.55,0.0,0.0799999999999983,36885.66372
15200.8316,10937.52809,26138.359689999997,1.0,6.123233995736766e-17,19.37,90.6,0.0,0.0,24352.56637
25860.99585,13463.34347,39324.33932,-0.9659258262890683,-0.25881904510252063,16.21,88.8,1.7899999999999991,0.0,31345.99562
28369.64657,28723.2,57092.84657,-0.8660254037844386,0.5000000000000001,23.46,46.13,0.0,0.0,46156.29139
25110.18711,20910.15322,46020.34033,-0.7071067811865477,0.7071067811865474,21.63,84.0,0.0,0.0,43970.97345
20428.35226,6943.577431,27371.929690999998,0.8660254037844387,-0.49999999999999983,10.94,72.1,7.0600000000000005,0.0,25654.75285
24649.24012,19746.09045,44395.33057,-0.9659258262890683,-0.25881904510252063,13.59,64.02,4.41,0.0,34279.32203
23070.73171,24480.0,47550.73171,-0.9659258262890684,0.2588190451025203,13.37,66.58,4.630000000000001,0.0,41312.68085
15091.46341,10974.19355,26065.65696,0.9659258262890683,-0.25881904510252063,13.42,86.0,4.58,0.0,24130.7234
16052.27964,11103.19598,27155.47562,0.8660254037844387,-0.49999999999999983,10.35,75.9,7.65,0.0,24931.52542
24849.84802,25468.91566,50318.763680000004,-0.8660254037844386,0.5000000000000001,12.56,79.0,5.4399999999999995,0.0,40447.59494
24262.61398,24863.51759,49126.13157,-0.8660254037844386,0.5000000000000001,9.45,85.5,8.55,0.0,41168.13559
13778.04878,13790.32258,27568.371359999997,0.8660254037844386,0.5000000000000001,12.87,85.9,5.130000000000001,0.0,22335.31915
15926.93498,11257.65182,27184.586799999997,1.0,6.123233995736766e-17,14.77,69.27,3.2300000000000004,0.0,23581.37705
22506.50155,17746.39676,40252.898310000004,-1.0,-1.8369701987210297e-16,21.19,75.3,0.0,0.0,35982.68852
13868.43177,12328.72727,26197.15904,1.0,6.123233995736766e-17,14.99,85.8,3.01,0.0,23399.61249
22180.04158,13979.32584,36159.36742,-0.2588190451025208,-0.9659258262890683,23.62,66.3,0.0,0.0,32227.9646
22137.75934,13889.3617,36027.12104,1.2246467991473532e-16,-1.0,26.45,42.42,0.0,2.4499999999999993,37389.58425
13291.18541,13824.0,27115.18541,0.7071067811865475,0.7071067811865476,15.39,65.22,2.6099999999999994,0.0,21905.08475
22531.80873,14385.29111,36917.09984,-0.8660254037844384,-0.5000000000000004,23.17,69.06,0.0,0.0,34999.64602
21658.53659,16914.19355,38572.73014,1.2246467991473532e-16,-1.0,17.6,60.78,0.3999999999999986,0.0,35356.59574
30259.58883,14192.55702,44452.14585,-0.5000000000000004,0.8660254037844384,13.68,49.1,4.32,0.0,35327.75665
31208.71369,18015.31915,49224.03284,-0.8660254037844386,0.5000000000000001,18.64,66.11,0.0,0.0,39097.41794
21907.91975,23304.82759,45212.74734,0.0,1.0,23.37,87.7,0.0,0.0,33530.74362
19758.22785,24522.17573,44280.40358,0.7071067811865475,0.7071067811865476,23.17,57.9,0.0,0.0,30114.01993
25900.30395,26166.03015,52066.3341,-0.9659258262890684,0.2588190451025203,13.55,50.14,4.449999999999999,0.0,43547.79661
31437.86438,15108.76351,46546.62789,-0.9659258262890683,-0.25881904510252063,17.01,63.55,0.9899999999999984,0.0,38661.59696
13324.39024,13697.41935,27021.80959,0.7071067811865475,0.7071067811865476,10.0,87.5,8.0,0.0,22525.2766
26761.09422,25208.6747,51969.76892,-0.8660254037844386,0.5000000000000001,11.6,60.78,6.4,0.0,42817.21519
21220.66869,21320.68342,42541.35211,-0.25881904510252157,0.9659258262890681,9.73,59.96,8.27,0.0,35194.57627
22166.30868,8482.112845,30648.421524999998,0.7071067811865476,-0.7071067811865475,9.97,81.1,8.03,0.0,28392.39544
12472.76507,10908.11032,23380.87539,0.8660254037844387,-0.49999999999999983,14.32,78.0,3.6799999999999997,0.0,24142.30088
18758.66261,13769.63855,32528.30116,0.7071067811865476,-0.7071067811865475,5.065,86.6,12.934999999999999,0.0,28441.51899
26381.42415,25232.06478,51613.48893,-0.9659258262890684,0.2588190451025203,19.87,80.8,0.0,0.0,42718.42623
27526.50475,25266.95925,52793.464,-0.2588190451025208,-0.9659258262890683,25.49,55.92,0.0,1.4899999999999984,41355.64928
32269.83471,20287.22892,52557.063630000004,-0.9659258262890684,0.2588190451025203,19.51,66.98,0.0,0.0,38516.92308
16675.25988,9837.303371,26512.563251,0.9659258262890683,-0.25881904510252063,19.63,88.5,0.0,0.0,26990.44248
22059.57447,16152.28916,38211.86363,-0.8660254037844384,-0.5000000000000004,11.78,65.98,6.220000000000001,0.0,31522.02532
15176.47059,14743.96761,29920.4382,0.25881904510252074,0.9659258262890683,17.93,82.3,0.07000000000000028,0.0,29952.0
26783.5443,34644.35146,61427.89576,-0.5000000000000004,0.8660254037844384,24.68,80.2,0.0,0.6799999999999997,42999.06977
23953.1151,25616.05016,49569.165259999994,0.49999999999999994,-0.8660254037844387,28.89,73.5,0.0,4.890000000000001,34489.67814
24619.95842,21910.35751,46530.31593,-0.7071067811865477,0.7071067811865474,20.44,63.59,0.0,0.0,42116.81416
19358.41996,15626.72114,34985.1411,-0.25881904510252157,0.9659258262890681,23.47,56.29,0.0,0.0,32648.49558
23168.46473,12815.56231,35984.02704,-0.4999999999999998,-0.8660254037844388,23.27,58.29,0.0,0.0,35725.86433
14986.9969,14685.66802,29672.66492,0.8660254037844386,0.5000000000000001,14.82,84.6,3.1799999999999997,0.0,24576.0
26695.30531,11933.73349,38629.0388,-0.4999999999999998,-0.8660254037844388,16.68,65.98,1.3200000000000003,0.0,31397.71863
19433.15734,20608.40125,40041.55859,0.25881904510252074,0.9659258262890683,23.15,88.7,0.0,0.0,30295.93785
18401.21581,13509.39759,31910.613400000002,0.7071067811865476,-0.7071067811865475,13.42,47.78,4.58,0.0,28994.43038
22440.24896,12132.76596,34573.01492,-0.8660254037844384,-0.5000000000000004,21.31,66.84,0.0,0.0,34282.71335
21730.03096,21162.75304,42892.784,-0.25881904510252157,0.9659258262890681,19.7,68.68,0.0,0.0,35403.54098
23039.2562,11722.40964,34761.66584,0.258819045102521,-0.9659258262890682,20.29,73.4,0.0,0.0,30916.92308
16636.25255,18577.45455,35213.7071,0.258819045102521,-0.9659258262890682,21.64,56.33,0.0,0.0,32079.91389
25590.67199,9651.860744,35242.532734,-0.7071067811865471,-0.7071067811865479,16.17,62.32,1.8299999999999983,0.0,30777.18631
26857.44456,29329.65517,56187.09973,-1.0,-1.8369701987210297e-16,27.82,49.38,0.0,3.8200000000000003,39891.67592
21454.05405,13426.27171,34880.32576,0.258819045102521,-0.9659258262890682,28.64,33.64,0.0,4.640000000000001,35681.41593
22707.69231,21905.72308,44613.415389999995,-0.7071067811865471,-0.7071067811865479,29.12,44.36,0.0,5.120000000000001,34076.82119
23502.64766,27746.90909,51249.55675,-0.9659258262890684,0.2588190451025203,19.18,53.25,0.0,0.0,44467.94403
18582.57261,12728.02432,31310.59693,-0.7071067811865471,-0.7071067811865479,22.7,71.5,0.0,0.0,33312.21007
15286.32219,17482.40964,32768.731830000004,-0.4999999999999998,-0.8660254037844388,13.8,57.8,4.199999999999999,0.0,35434.93671
14491.18541,14851.08434,29342.26975,0.25881904510252074,0.9659258262890683,11.66,56.33,6.34,0.0,23258.73418
24215.80042,22486.94586,46702.74628,-0.8660254037844386,0.5000000000000001,20.83,61.62,0.0,0.0,41511.50442
30248.36325,33572.91536,63821.278609999994,-0.5000000000000004,0.8660254037844384,24.82,88.9,0.0,0.8200000000000003,43337.44728
23922.67567,9490.516206,33413.191876,0.49999999999999994,-0.8660254037844387,15.1,72.3,2.9000000000000004,0.0,30856.27376
20710.45407,20373.66771,41084.12178,0.8660254037844386,0.5000000000000001,25.65,88.7,0.0,1.6499999999999986,30398.2242
25454.69905,26416.55172,51871.25077,-0.8660254037844384,-0.5000000000000004,28.05,35.99,0.0,4.050000000000001,37059.62264
18654.88565,15873.83044,34528.71609,-0.25881904510252157,0.9659258262890681,22.98,50.05,0.0,0.0,33094.51327
16624.73151,8804.801921,25429.533431000003,0.8660254037844386,0.5000000000000001,9.57,90.3,8.43,0.0,21286.69202
19870.95436,14618.84498,34489.79934,-0.9659258262890683,-0.25881904510252063,25.61,47.75,0.0,1.6099999999999994,36217.41794
25359.91736,9733.012048,35092.929407999996,0.258819045102521,-0.9659258262890682,18.55,60.12,0.0,0.0,31409.23077
21250.26399,23009.90596,44260.169949999996,0.7071067811865476,-0.7071067811865475,26.48,83.8,0.0,2.4800000000000004,29599.1121
15187.9668,13043.16109,28231.12789,0.25881904510252074,0.9659258262890683,19.21,89.6,0.0,0.0,27791.6849
28127.80083,18768.1459,46895.946729999996,-1.0,-1.8369701987210297e-16,21.19,77.9,0.0,0.0,44391.07221
15975.94937,18304.26778,34280.21715,0.9659258262890683,0.25881904510252074,20.6,67.67,0.0,0.0,24035.08306
12475.60976,13836.77419,26312.38395,0.7071067811865475,0.7071067811865476,12.23,63.32,5.77,0.0,22280.17021
28081.49688,28675.93846,56757.435339999996,-0.7071067811865477,0.7071067811865474,21.52,82.6,0.0,0.0,45571.39073
12583.58663,10790.59296,23374.17959,0.8660254037844387,-0.49999999999999983,12.82,83.7,5.18,0.0,23656.27119
19631.60083,15885.59755,35517.19838,0.258819045102521,-0.9659258262890682,25.57,48.52,0.0,1.5700000000000003,34897.69912
25994.50898,23786.33229,49780.84127,0.258819045102521,-0.9659258262890682,26.46,59.99,0.0,2.460000000000001,40332.78579
27606.23701,27482.58462,55088.821630000006,-0.8660254037844386,0.5000000000000001,22.23,70.9,0.0,0.0,45774.83444
22610.52632,21197.73279,43808.25911,-0.25881904510252157,0.9659258262890681,18.09,81.3,0.0,0.0,36297.44262
28376.03306,17372.53012,45748.56318,-0.9659258262890683,-0.25881904510252063,22.67,47.83,0.0,0.0,33495.38462
21106.32911,26221.25523,47327.58434,0.49999999999999994,0.8660254037844387,27.3,56.02,0.0,3.3000000000000007,31504.58472
23627.8481,22883.34728,46511.195380000005,0.49999999999999994,-0.8660254037844387,26.69,71.4,0.0,2.6900000000000013,36103.65449
14137.38602,14706.50602,28843.89204,0.49999999999999994,0.8660254037844387,14.83,85.9,3.17,0.0,23441.01266
19847.56098,16490.32258,36337.88356,1.2246467991473532e-16,-1.0,15.93,65.59,2.0700000000000003,0.0,37452.25532
27699.7921,27157.66154,54857.45364,-0.8660254037844386,0.5000000000000001,20.86,81.6,0.0,0.0,45482.38411
22016.09907,18119.51417,40135.61324,-1.0,-1.8369701987210297e-16,18.74,79.9,0.0,0.0,35126.55738
13364.13374,14139.75904,27503.892780000002,0.7071067811865475,0.7071067811865476,17.16,49.83,0.8399999999999999,0.0,19078.48101
25457.67635,12407.05167,37864.72802,-0.8660254037844384,-0.5000000000000004,20.8,80.7,0.0,0.0,30948.97155
14604.25532,15284.81928,29889.0746,0.49999999999999994,0.8660254037844387,9.66,74.4,8.34,0.0,23556.4557
24410.12658,31921.00418,56331.13076,-0.9659258262890683,-0.25881904510252063,32.8,49.32,0.0,8.799999999999997,36416.21262
22015.38462,22413.78462,44429.16924,-0.7071067811865471,-0.7071067811865479,28.25,49.03,0.0,4.25,34064.10596
26948.68004,27493.9185,54442.59854,-0.5000000000000004,0.8660254037844384,25.49,81.3,0.0,1.4899999999999984,43363.01887
19596.19515,7306.602641,26902.797791,0.8660254037844387,-0.49999999999999983,10.83,87.2,7.17,0.0,24869.96198
16620.24793,9894.939759,26515.187689000002,0.7071067811865475,0.7071067811865476,12.73,74.8,5.27,0.0,21864.61538
26324.05063,33879.16318,60203.21381,-0.9659258262890684,0.2588190451025203,29.96,41.33,0.0,5.960000000000001,40071.22924
13938.08554,19392.0,33330.08554,0.0,1.0,15.62,85.5,2.380000000000001,0.0,30009.04198
27000.0,27739.58159,54739.58159,-0.7071067811865471,-0.7071067811865479,33.82,31.14,0.0,9.82,40371.0299
19332.22453,24298.33846,43630.56299,0.0,1.0,20.66,88.8,0.0,0.0,31355.76159
17531.40496,8929.156627,26460.561587,0.8660254037844387,-0.49999999999999983,12.04,87.7,5.960000000000001,0.0,23156.92308
30752.99172,15563.98559,46316.97731,-0.7071067811865477,0.7071067811865474,10.1,79.0,7.9,0.0,35717.11027
12594.52888,14235.01508,26829.54396,0.8660254037844386,0.5000000000000001,7.7,59.3,10.3,0.0,21532.88136
29204.86322,26868.43373,56073.29695,-0.8660254037844386,0.5000000000000001,11.43,54.99,6.57,0.0,45745.82278
16190.88146,16337.3494,32528.23086,0.25881904510252074,0.9659258262890683,16.96,72.9,1.0399999999999991,0.0,26023.29114
13772.13622,13344.77733,27116.91355,0.9659258262890683,0.25881904510252074,17.59,82.7,0.41000000000000014,0.0,22007.60656
20392.70517,20119.51807,40512.22324,-0.25881904510252157,0.9659258262890681,10.75,62.0,7.25,0.0,31850.12658
25936.79043,10164.70588,36101.49631,1.2246467991473532e-16,-1.0,14.04,41.66,3.960000000000001,0.0,30552.09125
16449.17355,11676.14458,28125.31813,0.9659258262890683,0.25881904510252074,10.99,87.4,7.01,0.0,22449.23077
13273.1405,10201.44578,23474.58628,1.0,6.123233995736766e-17,12.06,85.7,5.9399999999999995,0.0,18886.15385
22786.27859,20812.8,43599.078590000005,-0.8660254037844384,-0.5000000000000004,23.78,69.51,0.0,0.0,36645.29801
15422.81059,18181.81818,33604.628769999996,0.0,1.0,14.99,83.7,3.01,0.0,27454.55328
21626.19543,26306.95385,47933.14928,0.49999999999999994,0.8660254037844387,21.17,77.6,0.0,0.0,39315.49669
25291.23548,22690.90909,47982.144570000004,0.8660254037844387,-0.49999999999999983,27.19,56.52,0.0,3.1900000000000013,31651.23196
22046.34146,24079.35484,46125.696299999996,-0.5000000000000004,0.8660254037844384,11.61,84.8,6.390000000000001,0.0,43432.85106
15807.06861,10602.16547,26409.234080000002,0.9659258262890683,0.25881904510252074,18.45,85.5,0.0,0.0,25282.83186
12349.27235,12394.33846,24743.61081,1.0,6.123233995736766e-17,18.05,77.1,0.0,0.0,24044.50331
21700.3096,18597.57085,40297.88045,-0.8660254037844384,-0.5000000000000004,27.55,48.13,0.0,3.5500000000000007,34811.80328
25067.81221,9363.745498,34431.557708,0.258819045102521,-0.9659258262890682,19.83,43.12,0.0,0.0,32292.01521
17159.75104,9395.744681,26555.495721,0.9659258262890683,-0.25881904510252063,23.34,67.19,0.0,0.0,27495.49234
29959.4509,28763.88715,58723.33805,-0.7071067811865471,-0.7071067811865479,30.13,64.52,0.0,6.129999999999999,40831.43174
15186.07595,15014.56067,30200.63662,0.9659258262890683,0.25881904510252074,24.36,81.9,0.0,0.35999999999999943,23071.89369
25973.61154,10366.38655,36339.99809,-0.4999999999999998,-0.8660254037844388,16.78,58.59,1.2199999999999989,0.0,31908.74525
15229.33884,12572.53012,27801.86896,1.0,6.123233995736766e-17,12.1,86.4,5.9,0.0,21815.38462
24131.78458,25904.95298,50036.737559999994,0.25881904510252074,0.9659258262890683,21.01,74.5,0.0,0.0,33722.53052
14469.5122,14632.25806,29101.770259999998,0.25881904510252074,0.9659258262890683,12.09,86.4,5.91,0.0,24063.31915
26156.96203,32758.49372,58915.455749999994,-1.0,-1.8369701987210297e-16,31.96,39.38,0.0,7.960000000000001,37870.56478
26040.49587,17106.50602,43147.00189,-0.4999999999999998,-0.8660254037844388,21.08,57.14,0.0,0.0,31526.15385
15279.02736,14741.20482,30020.23218,1.0,6.123233995736766e-17,13.2,45.28,4.800000000000001,0.0,24789.87342
19812.76596,18877.74874,38690.5147,1.2246467991473532e-16,-1.0,13.91,70.4,4.09,0.0,29397.9661
22153.56415,27403.63636,49557.200509999995,-0.7071067811865477,0.7071067811865474,15.43,82.8,2.5700000000000003,0.0,40921.42088
25557.44681,25902.6506,51460.09741,-0.9659258262890684,0.2588190451025203,15.84,72.3,2.16,0.0,42063.79747
33669.22369,16180.55222,49849.77591,-0.9659258262890684,0.2588190451025203,12.88,54.38,5.119999999999999,0.0,39568.06084
20450.82645,8148.433735,28599.260185,0.8660254037844387,-0.49999999999999983,14.41,85.4,3.59,0.0,25236.92308
26253.0095,26217.93103,52470.94053,0.258819045102521,-0.9659258262890682,27.2,70.6,0.0,3.1999999999999993,40761.10988
16543.90244,11914.83871,28458.74115,0.8660254037844387,-0.49999999999999983,13.69,86.1,4.3100000000000005,0.0,26214.12766
29792.18585,25381.31661,55173.50246,0.258819045102521,-0.9659258262890682,29.37,49.9,0.0,5.370000000000001,41592.18646
23302.7027,14338.22268,37640.92538,0.49999999999999994,-0.8660254037844387,23.92,50.82,0.0,0.0,36630.79646
25502.30132,9997.59904,35499.90036,-0.4999999999999998,-0.8660254037844388,16.45,53.37,1.5500000000000007,0.0,31537.64259
16313.64562,18333.09091,34646.736529999995,-1.0,-1.8369701987210297e-16,20.71,54.25,0.0,0.0,32024.11195
17613.37386,17788.91566,35402.28952,0.0,1.0,16.32,59.61,1.6799999999999997,0.0,29000.50633
24935.25621,9548.139256,34483.395466,0.49999999999999994,-0.8660254037844387,13.13,55.89,4.869999999999999,0.0,30126.23574
12397.56839,15462.27136,27859.83975,1.0,6.123233995736766e-17,14.63,56.07,3.369999999999999,0.0,23741.69492
14308.53659,14934.19355,29242.73014,0.49999999999999994,0.8660254037844387,12.14,85.8,5.859999999999999,0.0,24449.3617
14027.96353,14906.53266,28934.49619,0.49999999999999994,0.8660254037844387,15.35,65.35,2.6500000000000004,0.0,23491.52542
25778.83817,19328.38906,45107.227230000004,-0.8660254037844386,0.5000000000000001,20.2,77.2,0.0,0.0,45096.89278
18823.28482,22165.66154,40988.94636,0.49999999999999994,0.8660254037844387,22.27,83.7,0.0,0.0,29740.92715
34317.27524,14970.46819,49287.74343,-0.9659258262890683,-0.25881904510252063,13.96,68.18,4.039999999999999,0.0,40133.8403
17536.77812,13266.50602,30803.28414,0.7071067811865476,-0.7071067811865475,9.77,62.57,8.23,0.0,27584.81013
25858.62786,27299.44615,53158.07401,-0.25881904510252157,0.9659258262890681,21.01,81.9,0.0,0.0,43015.62914
13228.69023,9837.303371,23065.993601000002,1.0,6.123233995736766e-17,19.75,68.59,0.0,0.0,24550.0885
22573.17073,16159.35484,38732.52557,-0.7071067811865471,-0.7071067811865479,21.94,56.44,0.0,0.0,31925.10638
17077.68595,11306.0241,28383.71005,0.49999999999999994,0.8660254037844387,18.94,73.4,0.0,0.0,21858.46154
14243.16109,14463.61446,28706.77555,0.49999999999999994,0.8660254037844387,8.01,87.4,9.99,0.0,21836.96203
21999.15523,21764.01254,43763.16777,0.0,1.0,24.97,84.7,0.0,0.9699999999999989,35154.5394
17051.67173,11340.54271,28392.214439999996,0.8660254037844387,-0.49999999999999983,11.15,68.76,6.85,0.0,26292.20339
18131.30699,14047.22892,32178.53591,0.7071067811865476,-0.7071067811865475,12.25,53.36,5.75,0.0,29128.10127
19535.56231,14813.90955,34349.471860000005,0.49999999999999994,-0.8660254037844387,13.71,68.67,4.289999999999999,0.0,31173.55932
18937.3444,11269.05775,30206.40215,0.9659258262890683,0.25881904510252074,19.73,76.5,0.0,0.0,24319.29978
25839.91684,21792.68641,47632.60325,-0.9659258262890684,0.2588190451025203,24.6,42.68,0.0,0.6000000000000014,46054.51327
22189.02439,22714.83871,44903.8631,-0.5000000000000004,0.8660254037844384,14.19,84.9,3.8100000000000005,0.0,37433.87234
24410.12658,30107.4477,54517.57428,0.0,1.0,23.92,56.23,0.0,0.0,33711.62791
22840.12158,23948.86432,46788.9859,-0.5000000000000004,0.8660254037844384,13.38,58.95,4.619999999999999,0.0,39209.49153
19232.82675,16389.39759,35622.22434,-0.8660254037844384,-0.5000000000000004,17.87,61.18,0.129999999999999,0.0,31582.78481
25925.74409,9899.639856,35825.383946,0.258819045102521,-0.9659258262890682,12.61,78.5,5.390000000000001,0.0,31671.48289
23239.08524,26135.63077,49374.716010000004,0.0,1.0,20.28,86.9,0.0,0.0,40345.43046
25824.94802,21280.81716,47105.76518,-1.0,-1.8369701987210297e-16,26.44,33.64,0.0,2.4400000000000013,45136.99115
20513.06991,20915.45729,41428.5272,-0.25881904510252157,0.9659258262890681,8.25,88.9,9.75,0.0,33455.59322
15863.90041,12517.93313,28381.83354,0.49999999999999994,0.8660254037844387,16.96,64.09,1.0399999999999991,0.0,26827.48359
19641.33739,18066.50602,37707.84341,-0.9659258262890683,-0.25881904510252063,18.08,62.12,0.0,0.0,32718.98734
25067.81221,9000.720288,34068.532498,0.258819045102521,-0.9659258262890682,10.3,93.6,7.699999999999999,0.0,31957.41445
14494.83283,16747.95181,31242.784639999998,1.2246467991473532e-16,-1.0,13.56,59.23,4.4399999999999995,0.0,35155.44304
21004.95868,12601.44578,33606.40446,0.0,1.0,16.33,77.0,1.6700000000000017,0.0,26744.61538
16920.36474,16921.44578,33841.81052,0.0,1.0,15.2,83.9,2.8000000000000007,0.0,26740.25316
27553.1151,27367.52351,54920.638609999995,0.258819045102521,-0.9659258262890682,26.13,91.0,0.0,2.129999999999999,41183.04107
14578.32817,14633.19838,29211.526550000002,0.8660254037844386,0.5000000000000001,14.26,82.1,3.74,0.0,23996.85246
23216.63202,19093.66154,42310.293560000006,-0.7071067811865471,-0.7071067811865479,24.71,54.08,0.0,0.7100000000000009,36327.41722
16368.04979,11117.32523,27485.37502,0.9659258262890683,0.25881904510252074,18.93,61.72,0.0,0.0,26770.76586
19280.91286,13177.38602,32458.298880000002,-0.4999999999999998,-0.8660254037844388,21.95,68.74,0.0,0.0,33847.87746
27514.55108,26456.35628,53970.90736,-0.8660254037844386,0.5000000000000001,19.41,72.7,0.0,0.0,43599.7377
14764.74164,15566.47236,30331.214,0.25881904510252074,0.9659258262890683,10.08,49.68,7.92,0.0,24846.10169
27591.32231,8796.144578,36387.466887999995,-0.8660254037844384,-0.5000000000000004,18.23,67.46,0.0,0.0,31113.84615
24865.2961,9277.310924,34142.607024,0.258819045102521,-0.9659258262890682,16.46,68.89,1.5399999999999991,0.0,31294.29658
13065.58045,16546.90909,29612.489540000002,0.25881904510252074,0.9659258262890683,15.4,68.12,2.5999999999999996,0.0,23945.23143
14224.92401,14972.53012,29197.45413,0.49999999999999994,0.8660254037844387,16.69,74.3,1.3099999999999987,0.0,23902.78481
19998.3368,16168.00817,36166.34497,-0.25881904510252157,0.9659258262890681,20.77,79.8,0.0,0.0,34477.16814
23299.17012,17513.43465,40812.60477,-0.5000000000000004,0.8660254037844384,24.42,61.49,0.0,0.4200000000000017,38996.58643
19429.78723,19288.76382,38718.55105,-0.25881904510252157,0.9659258262890681,13.49,66.24,4.51,0.0,31893.55932
18070.95436,13959.3921,32030.34646,0.0,1.0,21.13,67.29,0.0,0.0,30539.34354
17398.75519,12056.8997,29455.654889999998,0.9659258262890683,0.25881904510252074,20.04,89.2,0.0,0.0,27810.59081
17887.73389,11290.54137,29178.275260000002,0.8660254037844386,0.5000000000000001,21.11,78.7,0.0,0.0,26493.45133
20965.78411,26821.81818,47787.602289999995,-0.7071067811865477,0.7071067811865474,14.54,86.8,3.460000000000001,0.0,40084.39182
20139.83402,13463.34347,33603.17749,-0.25881904510252157,0.9659258262890681,19.67,86.6,0.0,0.0,30690.59081
17057.23337,15522.50784,32579.74121,1.0,6.123233995736766e-17,20.27,76.5,0.0,0.0,26658.37958
13896.65653,14593.92965,28490.58618,0.49999999999999994,0.8660254037844387,11.64,67.25,6.359999999999999,0.0,23515.9322
33162.39669,16557.10843,49719.50512,-0.9659258262890684,0.2588190451025203,11.98,66.0,6.02,0.0,39833.84615
19958.66261,15926.74699,35885.4096,0.49999999999999994,-0.8660254037844387,15.38,69.19,2.619999999999999,0.0,33399.49367
12303.05499,16157.09091,28460.145900000003,0.8660254037844386,0.5000000000000001,12.81,85.6,5.1899999999999995,0.0,23560.81808
21521.93925,9196.638655,30718.577905,-0.4999999999999998,-0.8660254037844388,19.27,57.37,0.0,0.0,27899.61977
17472.1519,17882.51046,35354.66236,0.9659258262890683,-0.25881904510252063,21.32,81.3,0.0,0.0,27422.19269
19986.58537,16507.74194,36494.32731,-0.2588190451025208,-0.9659258262890683,24.2,38.21,0.0,0.1999999999999993,37084.59574
16252.39085,9154.811032,25407.201882,0.9659258262890683,-0.25881904510252063,18.96,85.1,0.0,0.0,25920.0
29000.30684,14290.51621,43290.82305,-0.5000000000000004,0.8660254037844384,13.39,54.04,4.609999999999999,0.0,32876.04563
11896.4657,12702.59448,24599.06018,0.9659258262890683,-0.25881904510252063,20.68,54.45,0.0,0.0,23543.36283
31529.46146,34114.60815,65644.06961,-0.8660254037844386,0.5000000000000001,23.67,61.12,0.0,0.0,48790.58824
16499.07121,16230.60729,32729.678499999998,0.25881904510252074,0.9659258262890683,19.08,78.2,0.0,0.0,26565.2459
17259.47047,13847.27273,31106.7432,0.8660254037844387,-0.49999999999999983,16.73,79.5,1.2699999999999996,0.0,29277.41658
30462.10494,14860.98439,45323.08933,-0.5000000000000004,0.8660254037844384,13.46,58.38,4.539999999999999,0.0,35273.0038
23790.49587,17285.78313,41076.278999999995,-0.7071067811865471,-0.7071067811865479,19.47,68.85,0.0,0.0,29790.76923
20651.67173,21615.9196,42267.591329999996,-0.25881904510252157,0.9659258262890681,13.51,76.6,4.49,0.0,34041.35593
17872.96717,9530.852341,27403.819511,0.49999999999999994,0.8660254037844387,13.75,71.4,4.25,0.0,22819.77186
26403.65854,25234.83871,51638.49725,-0.9659258262890684,0.2588190451025203,11.5,79.8,6.5,0.0,44376.51064
16170.06237,14332.33912,30502.40149,0.7071067811865476,-0.7071067811865475,23.25,62.19,0.0,0.0,29437.16814
19882.06687,14043.9799,33926.04677,0.49999999999999994,-0.8660254037844387,11.72,85.9,6.279999999999999,0.0,27506.44068
15654.87805,17082.58065,32737.4587,0.25881904510252074,0.9659258262890683,12.72,82.2,5.279999999999999,0.0,26287.65957
13969.60486,14981.78894,28951.393799999998,0.25881904510252074,0.9659258262890683,10.89,73.9,7.109999999999999,0.0,24034.57627
13934.41955,16878.54545,30812.965000000004,0.0,1.0,14.87,87.1,3.130000000000001,0.0,25954.10118
32805.3719,17499.75904,50305.13094,-0.9659258262890684,0.2588190451025203,20.56,72.2,0.0,0.0,39532.30769
27070.88064,11075.15006,38146.0307,-0.2588190451025208,-0.9659258262890683,15.99,53.59,2.01,0.0,32973.38403
13699.69605,10697.96985,24397.6659,0.9659258262890683,-0.25881904510252063,8.11,73.0,9.89,0.0,21770.84746
25558.50622,11712.58359,37271.08981,-0.8660254037844384,-0.5000000000000004,16.29,88.9,1.7100000000000009,0.0,30703.19475
15270.12448,12132.76596,27402.890440000003,0.49999999999999994,0.8660254037844387,20.21,85.1,0.0,0.0,26247.70241
15491.02429,15654.92163,31145.94592,1.0,6.123233995736766e-17,23.14,82.9,0.0,0.0,25814.5172
19581.41499,19308.33856,38889.75355,0.8660254037844387,-0.49999999999999983,24.26,80.4,0.0,0.26000000000000156,29330.61043
14462.00608,15172.82412,29634.830199999997,0.25881904510252074,0.9659258262890683,12.81,71.7,5.1899999999999995,0.0,24602.0339
14231.36456,14603.63636,28835.00092,0.49999999999999994,0.8660254037844387,14.37,64.96,3.630000000000001,0.0,23945.23143
20093.28015,8816.326531,28909.606680999997,0.49999999999999994,-0.8660254037844387,12.06,73.8,5.9399999999999995,0.0,25989.35361
17565.95745,12613.01205,30178.9695,0.7071067811865476,-0.7071067811865475,8.87,82.3,9.13,0.0,27554.43038
28753.6054,14601.68067,43355.28607,-0.5000000000000004,0.8660254037844384,10.02,79.6,7.98,0.0,33569.58175
18113.92405,21702.42678,39816.35083,0.7071067811865475,0.7071067811865476,23.91,84.4,0.0,0.0,27875.08306
14119.14894,14932.04819,29051.19713,0.7071067811865475,0.7071067811865476,9.27,71.9,8.73,0.0,22256.20253
22982.37082,17713.73494,40696.10576,-0.7071067811865471,-0.7071067811865479,11.73,60.27,6.27,0.0,35902.78481
13116.10942,13781.20482,26897.31424,0.7071067811865475,0.7071067811865476,14.62,78.1,3.380000000000001,0.0,22383.79747
26832.91139,27179.24686,54012.15825,0.49999999999999994,-0.8660254037844387,26.62,69.84,0.0,2.620000000000001,36167.44186
18772.75542,18002.91498,36775.6704,0.0,1.0,18.17,83.9,0.0,0.0,29259.54098
24799.5842,15061.8999,39861.4841,1.2246467991473532e-16,-1.0,25.31,51.62,0.0,1.3099999999999987,39217.69912
17323.17073,11537.41935,28860.59008,0.8660254037844387,-0.49999999999999983,11.78,86.1,6.220000000000001,0.0,26704.34043
19510.38697,23249.45455,42759.84152,-0.25881904510252157,0.9659258262890681,15.6,88.8,2.4000000000000004,0.0,34708.80517
25776.44628,10947.46988,36723.91616,-0.8660254037844384,-0.5000000000000004,15.41,35.6,2.59,0.0,30596.92308
17895.86777,10398.07229,28293.94006,0.49999999999999994,0.8660254037844387,15.69,81.8,2.3100000000000005,0.0,23003.07692
21337.97468,27281.67364,48619.64832,0.25881904510252074,0.9659258262890683,24.63,54.79,0.0,0.629999999999999,31836.27907
16498.75519,13013.98176,29512.73695,0.0,1.0,22.21,60.49,0.0,0.0,29423.89497
24545.11435,25379.44615,49924.5605,0.25881904510252074,0.9659258262890683,16.96,74.5,1.0399999999999991,0.0,39404.50331
13693.90244,13778.70968,27472.612119999998,0.8660254037844386,0.5000000000000001,13.79,85.0,4.210000000000001,0.0,22114.7234
18012.88739,10285.71429,28298.60168,0.25881904510252074,0.9659258262890683,16.22,64.84,1.7800000000000011,0.0,23434.22053
26815.6283,24809.52978,51625.15808,-0.5000000000000004,0.8660254037844384,24.82,89.1,0.0,0.8200000000000003,44430.63263
20228.57143,21916.94472,42145.516149999996,-0.25881904510252157,0.9659258262890681,8.83,50.98,9.17,0.0,33120.0
12995.92668,15889.45455,28885.38123,0.49999999999999994,0.8660254037844387,14.17,89.8,3.83,0.0,24249.04198
16958.09129,12477.08207,29435.17336,0.25881904510252074,0.9659258262890683,18.52,75.0,0.0,0.0,28604.63895
15197.0894,12037.75281,27234.842210000003,0.8660254037844387,-0.49999999999999983,19.89,72.6,0.0,0.0,26684.60177
14164.24116,12719.26154,26883.502699999997,0.9659258262890683,-0.25881904510252063,20.74,77.5,0.0,0.0,25557.61589
24867.07317,23696.12903,48563.2022,-0.7071067811865477,0.7071067811865474,14.33,78.6,3.67,0.0,40614.12766
10426.06925,13568.0,23994.06925,0.9659258262890683,0.25881904510252074,14.43,89.7,3.5700000000000003,0.0,20758.32078
24735.12397,18615.90361,43351.02758,-0.2588190451025208,-0.9659258262890683,21.23,59.91,0.0,0.0,31895.38462
18041.16424,18762.83077,36803.99501,0.8660254037844386,0.5000000000000001,20.34,80.9,0.0,0.0,31559.2053
26592.2062,10055.22209,36647.428289999996,-0.2588190451025208,-0.9659258262890683,14.07,43.79,3.9299999999999997,0.0,32389.35361
19608.51064,18373.01205,37981.52269,1.2246467991473532e-16,-1.0,15.11,57.86,2.8900000000000006,0.0,29674.93671
22003.3195,15254.95441,37258.27391,-0.5000000000000004,0.8660254037844384,20.05,78.4,0.0,0.0,34030.63457
13685.95041,7286.746988,20972.697398,0.9659258262890683,-0.25881904510252063,15.39,87.1,2.6099999999999994,0.0,19772.30769
17642.97521,10328.6747,27971.64991,0.8660254037844386,0.5000000000000001,11.11,69.24,6.890000000000001,0.0,21575.38462
23296.04863,16868.98492,40165.03355,-0.7071067811865471,-0.7071067811865479,13.35,72.7,4.65,0.0,32473.22034
26522.91447,23834.48276,50357.39723,-0.7071067811865477,0.7071067811865474,23.63,68.55,0.0,0.0,45146.63707
23243.15353,12803.89058,36047.04411,-0.2588190451025208,-0.9659258262890683,23.1,69.47,0.0,0.0,35946.43326
22801.2474,22502.4,45303.6474,0.0,1.0,19.82,85.9,0.0,0.0,34966.88742
15934.30353,18656.75179,34591.05532,0.25881904510252074,0.9659258262890683,19.88,59.35,0.0,0.0,31010.97345
27034.65046,25451.56627,52486.21673,-1.0,-1.8369701987210297e-16,14.07,39.4,3.9299999999999997,0.0,44275.44304
25848.41976,9888.115246,35736.535006,1.2246467991473532e-16,-1.0,17.15,67.62,0.8500000000000014,0.0,32431.93916
25411.98347,18384.57831,43796.56178,1.2246467991473532e-16,-1.0,20.87,61.74,0.0,0.0,31772.30769
22108.53659,15218.70968,37327.24627,0.49999999999999994,-0.8660254037844387,14.97,78.3,3.0299999999999994,0.0,30889.53191
21913.69295,11893.49544,33807.18839,0.49999999999999994,-0.8660254037844387,23.63,52.92,0.0,0.0,35801.48796
22004.86322,15701.20482,37706.06804,0.258819045102521,-0.9659258262890682,11.83,73.3,6.17,0.0,33192.91139
20217.92261,17163.63636,37381.55897,0.49999999999999994,-0.8660254037844387,18.04,58.14,0.0,0.0,33902.77718
21640.90909,14423.13253,36064.04162,-0.25881904510252157,0.9659258262890681,18.48,66.91,0.0,0.0,27390.76923
18932.92683,17425.16129,36358.08812,-1.0,-1.8369701987210297e-16,15.01,70.5,2.99,0.0,34731.57447
26225.387,25593.52227,51818.909270000004,-0.7071067811865477,0.7071067811865474,21.11,64.22,0.0,0.0,43738.22951
16443.24324,20210.21538,36653.458620000005,0.258819045102521,-0.9659258262890682,26.05,60.94,0.0,2.0500000000000007,27986.22517
28393.24182,30816.30094,59209.54276,-0.25881904510252157,0.9659258262890681,25.07,85.5,0.0,1.0700000000000003,40952.89678
23799.58506,13521.70213,37321.28719,1.2246467991473532e-16,-1.0,23.41,63.33,0.0,0.0,37011.46608
23832.21884,24300.72289,48132.941730000006,-0.7071067811865477,0.7071067811865474,15.3,75.5,2.6999999999999993,0.0,38752.40506
20290.22869,15933.04615,36223.27484,0.49999999999999994,-0.8660254037844387,24.77,48.53,0.0,0.7699999999999996,31254.03974
27465.6811,20211.15987,47676.840970000005,0.7071067811865476,-0.7071067811865475,24.83,51.82,0.0,0.8299999999999983,37340.9101
18070.95436,13054.83283,31125.78719,0.0,1.0,18.62,69.79,0.0,0.0,29568.84026
20020.79002,11284.65781,31305.44783,0.7071067811865476,-0.7071067811865475,21.26,81.2,0.0,0.0,32278.93805
29570.89397,18174.30031,47745.194279999996,-0.7071067811865477,0.7071067811865474,21.26,55.32,0.0,0.0,44818.40708
24150.62241,9985.167173,34135.789583,0.49999999999999994,-0.8660254037844387,17.82,84.2,0.17999999999999972,0.0,31194.74836
26330.4878,25258.06452,51588.55232,-0.9659258262890684,0.2588190451025203,18.72,57.28,0.0,0.0,43040.68085
31153.1151,27602.25705,58755.372149999996,-0.2588190451025208,-0.9659258262890683,27.18,73.4,0.0,3.1799999999999997,40805.86016
20463.54379,17250.90909,37714.45288,0.49999999999999994,-0.8660254037844387,18.57,56.84,0.0,0.0,34411.19483
13589.8167,15284.36364,28874.18034,0.8660254037844386,0.5000000000000001,11.95,77.0,6.050000000000001,0.0,24230.44133
17787.34177,19406.86192,37194.203689999995,0.9659258262890683,-0.25881904510252063,22.02,59.25,0.0,0.0,25559.60133
20463.54379,17844.36364,38307.90743,-0.7071067811865471,-0.7071067811865479,21.31,39.07,0.0,0.0,33431.56082
21610.94225,17256.86747,38867.809720000005,-0.2588190451025208,-0.9659258262890683,16.5,59.2,1.5,0.0,33691.13924
21165.95745,16498.49246,37664.44991,1.2246467991473532e-16,-1.0,11.34,55.16,6.66,0.0,34010.84746
16940.52953,13765.81818,30706.347710000002,0.8660254037844387,-0.49999999999999983,15.66,88.6,2.34,0.0,28074.57481
15939.71487,12200.72727,28140.44214,0.9659258262890683,-0.25881904510252063,16.25,67.27,1.75,0.0,24912.46502
14556.83891,10947.46988,25504.308790000003,0.9659258262890683,-0.25881904510252063,8.9,80.4,9.1,0.0,23763.03797
29633.05785,17233.73494,46866.79279,-0.9659258262890684,0.2588190451025203,19.9,74.3,0.0,0.0,36584.61538
18537.80488,18011.6129,36549.41778,0.0,1.0,13.82,85.8,4.18,0.0,29847.82979
20912.86307,13457.5076,34370.370670000004,-0.8660254037844384,-0.5000000000000004,25.04,36.68,0.0,1.0399999999999991,34541.09409
24773.38877,11090.50051,35863.88928,-0.4999999999999998,-0.8660254037844388,24.28,58.96,0.0,0.28000000000000114,35706.90265
15325.0774,11018.62348,26343.70088,1.0,6.123233995736766e-17,18.64,54.45,0.0,0.0,23329.57377
28115.7339,25983.19749,54098.93139,0.258819045102521,-0.9659258262890682,27.61,48.95,0.0,3.6099999999999994,40793.07436
15764.87603,12480.0,28244.87603,0.8660254037844386,0.5000000000000001,13.77,85.4,4.23,0.0,21932.30769
20381.76292,14866.01005,35247.772970000005,0.49999999999999994,-0.8660254037844387,13.64,61.07,4.359999999999999,0.0,33016.27119
13513.09771,10415.26154,23928.35925,1.0,6.123233995736766e-17,20.39,85.3,0.0,0.0,21488.74172
24983.31573,27132.78997,52116.1057,0.25881904510252074,0.9659258262890683,24.81,84.6,0.0,0.8099999999999987,34777.35849
15535.26971,11829.30091,27364.57062,0.25881904510252074,0.9659258262890683,17.39,89.2,0.6099999999999994,0.0,26852.69147
12258.96657,13951.35678,26210.32335,0.7071067811865475,0.7071067811865476,11.73,67.69,6.27,0.0,22588.47458
18771.40227,8309.243697,27080.645966999997,1.0,6.123233995736766e-17,11.25,70.0,6.75,0.0,23002.28137
20717.32523,16347.9799,37065.30513,-0.7071067811865471,-0.7071067811865479,17.68,55.31,0.3200000000000003,0.0,34627.11864
21388.23529,21646.63968,43034.874970000004,0.25881904510252074,0.9659258262890683,19.04,78.8,0.0,0.0,34988.06557
23970.82067,24985.08543,48955.9061,-0.7071067811865477,0.7071067811865474,13.67,53.37,4.33,0.0,41827.11864
15671.90083,11583.61446,27255.515290000003,0.7071067811865475,0.7071067811865476,13.08,83.3,4.92,0.0,23150.76923
19520.97264,16637.42714,36158.39978,0.258819045102521,-0.9659258262890682,13.63,77.4,4.369999999999999,0.0,34797.9661
26928.89813,32374.15385,59303.051980000004,-0.5000000000000004,0.8660254037844384,22.72,63.08,0.0,0.0,43002.91391
12273.55623,10704.57831,22978.13454,0.8660254037844387,-0.49999999999999983,13.02,67.81,4.98,0.0,20220.75949
16849.36709,18822.42678,35671.79387,0.9659258262890683,-0.25881904510252063,25.26,82.4,0.0,1.2600000000000016,26305.91362
16967.78116,14784.96482,31752.74598,0.7071067811865476,-0.7071067811865475,15.6,58.01,2.4000000000000004,0.0,31246.77966
27656.96203,33312.80335,60969.76538,-0.25881904510252157,0.9659258262890681,23.15,63.63,0.0,0.0,41901.92691
19965.32508,17822.18623,37787.51131,0.0,1.0,17.38,71.6,0.620000000000001,0.0,31059.93443
32612.88279,24334.04389,56946.926680000004,-0.8660254037844384,-0.5000000000000004,31.06,47.68,0.0,7.059999999999999,41425.97114
13259.8778,12840.72727,26100.605069999998,1.0,6.123233995736766e-17,15.38,89.6,2.619999999999999,0.0,22804.39182
25293.55509,15244.29009,40537.845180000004,-0.2588190451025208,-0.9659258262890683,25.63,46.92,0.0,1.629999999999999,40167.07965
20907.69231,15003.06435,35910.75666,-0.9659258262890683,-0.25881904510252063,28.59,35.04,0.0,4.59,34623.71681
20713.67781,14593.92965,35307.60746,0.49999999999999994,-0.8660254037844387,11.76,85.5,6.24,0.0,28635.25424
17068.19127,13855.7712,30923.96247,-0.7071067811865471,-0.7071067811865479,24.13,63.12,0.0,0.129999999999999,32820.53097
25925.74409,9663.385354,35589.129444,-0.7071067811865471,-0.7071067811865479,17.4,48.43,0.6000000000000014,0.0,29949.80989
19970.88608,25540.41841,45511.304489999995,0.8660254037844386,0.5000000000000001,24.72,52.52,0.0,0.7199999999999989,29450.63123
25342.24924,25673.96985,51016.21909,-0.8660254037844386,0.5000000000000001,11.94,77.1,6.0600000000000005,0.0,42522.71186
19168.87967,14303.70821,33472.58788,-0.25881904510252157,0.9659258262890681,19.63,77.1,0.0,0.0,31667.39606
11718.6722,8000.972644,19719.644844000002,1.0,6.123233995736766e-17,15.28,86.9,2.7200000000000006,0.0,22850.94092
17126.03306,9877.590361,27003.623421000004,0.8660254037844386,0.5000000000000001,19.1,82.7,0.0,0.0,22110.76923
19672.76507,14002.86006,33675.62513,0.7071067811865476,-0.7071067811865475,22.49,87.1,0.0,0.0,31794.69027
24624.89627,16731.42857,41356.32484,-0.9659258262890683,-0.25881904510252063,25.06,48.85,0.0,1.0599999999999987,39469.23414
19565.85366,24056.12903,43621.982690000004,-0.5000000000000004,0.8660254037844384,11.45,86.2,6.550000000000001,0.0,36680.17021
22556.96203,30324.35146,52881.31349,0.49999999999999994,-0.8660254037844387,29.95,31.58,0.0,5.949999999999999,33622.32558
32837.06658,16318.84754,49155.91412,-0.8660254037844386,0.5000000000000001,13.41,73.3,4.59,0.0,38947.52852
23029.52183,20830.52308,43860.04491,-0.9659258262890683,-0.25881904510252063,28.61,34.29,0.0,4.609999999999999,37980.39735
22013.41463,23324.51613,45337.93076,-0.5000000000000004,0.8660254037844384,13.99,79.8,4.01,0.0,37390.97872
27740.95634,19698.14096,47439.0973,-1.0,-1.8369701987210297e-16,25.86,69.16,0.0,1.8599999999999994,46334.86726
18079.16539,9582.713085,27661.878474999998,0.25881904510252074,0.9659258262890683,10.96,85.6,7.039999999999999,0.0,22442.58555
19772.93648,11657.14286,31430.07934,0.0,1.0,13.76,72.6,4.24,0.0,25332.31939
13936.77812,13960.48193,27897.26005,0.7071067811865475,0.7071067811865476,9.13,59.07,8.87,0.0,21654.68354
25409.56341,26986.33846,52395.90187,-0.25881904510252157,0.9659258262890681,20.65,85.4,0.0,0.0,43765.82781
17910.37344,8257.75076,26168.1242,0.9659258262890683,-0.25881904510252063,12.66,87.2,5.34,0.0,22126.21444
23998.7526,26655.50769,50654.26029,-0.5000000000000004,0.8660254037844384,20.11,64.62,0.0,0.0,44477.88079
21379.20998,15962.08376,37341.29374,-0.4999999999999998,-0.8660254037844388,26.6,61.79,0.0,2.6000000000000014,35745.13274
12412.15805,13661.90955,26074.067600000002,0.7071067811865475,0.7071067811865476,9.97,86.0,8.03,0.0,22789.83051
23696.20253,30264.10042,53960.30295,0.25881904510252074,0.9659258262890683,27.65,55.82,0.0,3.6499999999999986,34081.59468
24813.74655,9744.057623,34557.804173,-0.2588190451025208,-0.9659258262890683,17.84,60.15,0.16000000000000014,0.0,31020.53232
12233.43465,14128.19277,26361.627419999997,0.8660254037844386,0.5000000000000001,11.75,71.4,6.25,0.0,21326.58228
17674.42827,11525.88355,29200.311820000003,0.8660254037844387,-0.49999999999999983,19.05,77.4,0.0,0.0,28946.54867
13984.19453,14110.84337,28095.037900000003,0.7071067811865475,0.7071067811865476,8.14,87.1,9.86,0.0,21788.35443
24248.91641,25045.50607,49294.42248,-0.5000000000000004,0.8660254037844384,18.11,72.4,0.0,0.0,42579.93443
19126.8595,10750.84337,29877.70287,0.25881904510252074,0.9659258262890683,13.83,70.6,4.17,0.0,24676.92308
25450.75176,9600.0,35050.75176,0.258819045102521,-0.9659258262890682,16.77,67.72,1.2300000000000004,0.0,32225.09506
26791.0402,9922.689076,36713.729276,-0.8660254037844384,-0.5000000000000004,14.03,68.81,3.9700000000000006,0.0,31817.49049
12298.76033,7066.987952,19365.748282,1.0,6.123233995736766e-17,14.81,81.2,3.1899999999999995,0.0,18400.0
15451.39319,15035.46559,30486.858780000002,0.8660254037844386,0.5000000000000001,17.52,84.8,0.4800000000000004,0.0,24676.72131
21237.06721,17309.09091,38546.15812,0.49999999999999994,-0.8660254037844387,19.07,51.82,0.0,0.0,34361.59311
25330.70539,11234.04255,36564.74794,0.49999999999999994,-0.8660254037844387,17.8,74.2,0.1999999999999993,0.0,30835.53611
29570.88608,25901.92469,55472.81077,0.258819045102521,-0.9659258262890682,26.72,72.8,0.0,2.719999999999999,28882.92359
33293.64836,16272.7491,49566.39746,-0.8660254037844386,0.5000000000000001,13.42,59.68,4.58,0.0,39130.03802
12668.35443,14773.55649,27441.910920000002,0.9659258262890683,0.25881904510252074,20.54,82.8,0.0,0.0,21120.0
19024.92401,19194.21687,38219.14088,-0.25881904510252157,0.9659258262890681,13.22,86.0,4.779999999999999,0.0,31127.08861
21246.20061,15637.59036,36883.79097,0.258819045102521,-0.9659258262890682,14.75,67.1,3.25,0.0,32974.17722
20228.04878,17500.64516,37728.69394,-0.4999999999999998,-0.8660254037844388,26.39,38.21,0.0,2.3900000000000006,33260.93617
19241.77215,23552.13389,42793.90604,0.8660254037844386,0.5000000000000001,27.45,44.01,0.0,3.4499999999999993,28506.57807
25447.06965,9836.254502,35283.324152,-0.7071067811865471,-0.7071067811865479,17.13,43.76,0.870000000000001,0.0,30917.11027
17241.33739,13914.21687,31155.55426,0.7071067811865475,0.7071067811865476,10.51,88.6,7.49,0.0,16107.34177
22273.0899,8706.842737,30979.932636999998,0.7071067811865476,-0.7071067811865475,12.06,45.16,5.9399999999999995,0.0,26524.71483
22807.29483,22554.21687,45361.5117,-0.25881904510252157,0.9659258262890681,12.94,70.6,5.0600000000000005,0.0,35963.5443
18805.06329,21600.0,40405.06329,0.9659258262890683,-0.25881904510252063,25.22,40.11,0.0,1.2199999999999989,26733.28904
11701.8711,10337.40552,22039.27662,0.9659258262890683,-0.25881904510252063,20.55,53.32,0.0,0.0,21039.29204
25155.09356,25485.78462,50640.87818,0.0,1.0,17.94,74.1,0.05999999999999872,0.0,41184.63576
17868.69301,13677.10843,31545.80144,0.7071067811865476,-0.7071067811865475,11.64,80.8,6.359999999999999,0.0,28951.89873
18528.40549,17659.18495,36187.59044,0.8660254037844386,0.5000000000000001,20.74,60.99,0.0,0.0,28825.57159
15903.03774,8989.195678,24892.233418,0.9659258262890683,0.25881904510252074,12.48,84.0,5.52,0.0,21231.93916
11620.66869,15497.00503,27117.67372,0.49999999999999994,0.8660254037844387,13.14,60.11,4.859999999999999,0.0,22850.84746
27959.75104,17315.0152,45274.76624,-0.5000000000000004,0.8660254037844384,20.91,67.73,0.0,0.0,34207.08972
26782.95218,31269.41538,58052.36756,-0.5000000000000004,0.8660254037844384,23.79,76.1,0.0,0.0,42252.71523
15611.39241,17394.47699,33005.869399999996,0.9659258262890683,0.25881904510252074,24.31,39.05,0.0,0.3099999999999987,22950.69767
11432.92683,10312.25806,21745.18489,0.8660254037844387,-0.49999999999999983,16.52,56.31,1.4800000000000004,0.0,20883.06383
26217.87942,21886.82329,48104.70271,-0.5000000000000004,0.8660254037844384,22.87,83.4,0.0,0.0,43665.13274
16266.94215,9484.337349,25751.279499,0.8660254037844386,0.5000000000000001,10.16,86.3,7.84,0.0,21889.23077
26255.6962,25938.07531,52193.77151,0.49999999999999994,-0.8660254037844387,27.01,69.23,0.0,3.0100000000000016,37175.28239
26691.6232,10014.88595,36706.50915,-0.8660254037844384,-0.5000000000000004,20.18,27.47,0.0,0.0,32285.93156
17829.11392,21750.62762,39579.74154,0.7071067811865475,0.7071067811865476,20.94,80.7,0.0,0.0,28238.6711
19604.86322,19009.15663,38614.01985,1.2246467991473532e-16,-1.0,15.1,58.33,2.9000000000000004,0.0,29826.83544
16947.52066,9756.144578,26703.665237999998,0.8660254037844386,0.5000000000000001,19.29,82.2,0.0,0.0,21606.15385
13539.20973,14319.03614,27858.24587,1.0,6.123233995736766e-17,4.408,76.7,13.591999999999999,0.0,21466.32911
23339.24051,27986.61088,51325.851389999996,-0.7071067811865471,-0.7071067811865479,27.91,65.6,0.0,3.91,41142.85714
22274.77204,15961.44578,38236.21782,0.258819045102521,-0.9659258262890682,14.51,77.7,3.49,0.0,24212.65823
22913.06991,24693.9759,47607.045809999996,-0.9659258262890684,0.2588190451025203,15.66,58.24,2.34,0.0,39505.82278
14605.82121,18432.0,33037.82121,0.8660254037844386,0.5000000000000001,19.84,82.5,0.0,0.0,26523.97351
22097.7131,13985.2094,36082.9225,-0.2588190451025208,-0.9659258262890683,23.78,66.6,0.0,0.0,32011.32743
31301.62627,15431.45258,46733.07885,-0.7071067811865477,0.7071067811865474,12.03,80.0,5.970000000000001,0.0,36069.96198
32400.0,17395.66265,49795.66265,-0.9659258262890684,0.2588190451025203,20.44,73.5,0.0,0.0,39255.38462
18388.46272,10233.85354,28622.31626,0.25881904510252074,0.9659258262890683,16.33,70.6,1.6700000000000017,0.0,22728.51711
27214.78353,22516.36364,49731.14717,-0.9659258262890684,0.2588190451025203,25.95,51.21,0.0,1.9499999999999993,45945.74917
22868.60707,21060.92308,43929.53015,-0.9659258262890683,-0.25881904510252063,24.47,58.52,0.0,0.46999999999999886,36772.45033
22670.88608,28522.84519,51193.731270000004,0.25881904510252074,0.9659258262890683,22.7,71.6,0.0,0.0,32888.77076
25055.54382,22727.02194,47782.56576,-0.7071067811865471,-0.7071067811865479,26.46,66.22,0.0,2.460000000000001,38338.202
19149.17355,7338.795181,26487.968731,0.9659258262890683,-0.25881904510252063,16.23,67.02,1.7699999999999996,0.0,23027.69231
26256.19835,17239.51807,43495.71642,-0.2588190451025208,-0.9659258262890683,20.88,59.77,0.0,0.0,31655.38462
13269.5122,14010.96774,27280.479939999997,0.8660254037844386,0.5000000000000001,8.4,87.3,9.6,0.0,22451.74468
25438.01653,18477.10843,43915.12496,1.2246467991473532e-16,-1.0,20.56,71.5,0.0,0.0,31003.07692
17453.86997,11887.28745,29341.15742,0.9659258262890683,-0.25881904510252063,18.22,87.7,0.0,0.0,26162.36066
13105.19751,10988.30769,24093.5052,0.9659258262890683,0.25881904510252074,19.79,89.6,0.0,0.0,21679.4702
12091.18541,13754.53266,25845.718070000003,1.0,6.123233995736766e-17,6.672,58.26,11.328,0.0,20312.54237
20600.6079,17638.55422,38239.16212,-0.2588190451025208,-0.9659258262890683,17.8,65.35,0.1999999999999993,0.0,35210.12658
25473.55623,23762.89157,49236.447799999994,-0.5000000000000004,0.8660254037844384,14.59,60.77,3.41,0.0,38169.11392
24058.62786,9337.201226,33395.829086,0.7071067811865476,-0.7071067811865475,19.44,82.7,0.0,0.0,35439.29204
14612.65823,18780.25105,33392.90928,0.9659258262890683,0.25881904510252074,25.33,89.0,0.0,1.3299999999999983,25157.74086
22474.39024,22668.3871,45142.77734,-0.5000000000000004,0.8660254037844384,18.26,66.37,0.0,0.0,38003.74468
21893.27902,27409.45455,49302.73357,-0.7071067811865477,0.7071067811865474,15.25,83.0,2.75,0.0,41777.05059
21588.85449,18976.51822,40565.37271,-0.9659258262890683,-0.25881904510252063,28.21,45.9,0.0,4.210000000000001,35554.62295
26119.14894,24562.49246,50681.6414,-1.0,-1.8369701987210297e-16,15.78,60.93,2.2200000000000006,0.0,43578.30508
17419.95842,10372.70684,27792.66526,0.9659258262890683,0.25881904510252074,20.99,79.4,0.0,0.0,25716.10619
26610.61675,10279.95198,36890.56873,1.2246467991473532e-16,-1.0,14.56,38.32,3.4399999999999995,0.0,30673.76426
15862.02532,20358.82845,36220.85377,0.9659258262890683,-0.25881904510252063,25.67,89.2,0.0,1.6700000000000017,26369.701
27282.67477,25158.75377,52441.42854,-0.9659258262890684,0.2588190451025203,14.58,68.46,3.42,0.0,42132.20339
23694.61457,21222.31975,44916.93432,0.7071067811865476,-0.7071067811865475,23.42,60.52,0.0,0.0,36548.1909
23113.63636,11774.45783,34888.09419,-0.25881904510252157,0.9659258262890681,13.2,73.4,4.800000000000001,0.0,27673.84615
20679.41788,17971.2,38650.617880000005,-0.8660254037844384,-0.5000000000000004,26.11,52.07,0.0,2.1099999999999994,36403.70861
14886.48649,12614.34116,27500.82765,0.49999999999999994,0.8660254037844387,21.19,78.1,0.0,0.0,26480.70796
18631.04541,20403.76176,39034.80717,0.7071067811865475,0.7071067811865476,24.0,82.2,0.0,0.0,28806.3929
29761.77402,31430.21944,61191.99346,-0.5000000000000004,0.8660254037844384,22.98,62.69,0.0,0.0,44974.02886
15437.47454,12695.27273,28132.74727,0.9659258262890683,-0.25881904510252063,13.98,89.7,4.02,0.0,26648.5253
21845.96502,10043.69748,31889.6625,0.258819045102521,-0.9659258262890682,11.97,90.0,6.029999999999999,0.0,28136.88213
17835.34304,10602.16547,28437.50851,0.9659258262890683,-0.25881904510252063,20.02,59.12,0.0,0.0,27869.73451
29847.19239,14572.86915,44420.06154,-0.5000000000000004,0.8660254037844384,16.46,75.1,1.5399999999999991,0.0,35248.6692
28859.75104,19485.95745,48345.708490000005,-0.9659258262890684,0.2588190451025203,24.17,53.25,0.0,0.1700000000000017,46911.85996
26548.13278,12121.09422,38669.227,-0.2588190451025208,-0.9659258262890683,20.9,65.11,0.0,0.0,31364.90153
22876.59574,23433.64824,46310.24398,-0.5000000000000004,0.8660254037844384,10.86,80.6,7.140000000000001,0.0,38678.64407
21097.93388,8304.578313,29402.512193000002,0.7071067811865476,-0.7071067811865475,9.12,59.29,8.88,0.0,25163.07692
11413.0031,10342.34818,21755.351280000003,1.0,6.123233995736766e-17,18.51,63.54,0.0,0.0,19313.31148
21603.66599,27188.36364,48792.029630000005,-0.7071067811865477,0.7071067811865474,15.18,83.2,2.8200000000000003,0.0,40735.41442
25611.64241,31322.58462,56934.22703,-0.7071067811865477,0.7071067811865474,21.91,82.1,0.0,0.0,46804.76821
17790.87137,12926.44377,30717.31514,0.0,1.0,17.74,93.0,0.26000000000000156,0.0,26985.03282
21207.06861,13661.61389,34868.682499999995,-0.9659258262890683,-0.25881904510252063,23.53,81.3,0.0,0.0,34674.69027
33220.00614,15442.97719,48662.983329999995,-0.9659258262890683,-0.25881904510252063,16.0,58.68,2.0,0.0,39853.9924
16529.31393,14302.92135,30832.23528,0.7071067811865475,0.7071067811865476,22.45,87.7,0.0,0.0,27786.90265
20511.01871,17528.12308,38039.14179,-0.7071067811865471,-0.7071067811865479,25.84,56.24,0.0,1.8399999999999999,35907.81457
19022.81059,23051.63636,42074.44695,-0.25881904510252157,0.9659258262890681,15.33,87.3,2.67,0.0,35211.0226
19492.40506,23082.17573,42574.58079,0.49999999999999994,0.8660254037844387,25.93,44.52,0.0,1.9299999999999997,29603.72093
12375.68389,10761.64824,23137.332130000003,0.9659258262890683,-0.25881904510252063,6.999,82.0,11.001000000000001,0.0,21209.49153
17079.41788,14055.81205,31135.22993,0.8660254037844386,0.5000000000000001,20.12,87.6,0.0,0.0,27003.18584
27649.79253,19345.89666,46995.68919,-0.8660254037844386,0.5000000000000001,20.78,49.75,0.0,0.0,45279.64989
21997.56839,17314.73367,39312.30206,-0.2588190451025208,-0.9659258262890683,14.14,80.1,3.8599999999999994,0.0,34901.69492
22246.43963,21955.62753,44202.067160000006,0.49999999999999994,0.8660254037844387,20.68,63.84,0.0,0.0,37745.31148
14169.5122,12925.16129,27094.67349,1.0,6.123233995736766e-17,10.18,89.2,7.82,0.0,22402.7234
17524.74012,20375.63077,37900.37089,0.7071067811865475,0.7071067811865476,22.63,83.4,0.0,0.0,28043.44371
23033.26403,19099.56923,42132.83326,-0.7071067811865471,-0.7071067811865479,25.02,49.41,0.0,1.0199999999999996,36238.4106
26009.72644,25127.71084,51137.43728,-0.7071067811865477,0.7071067811865474,11.07,72.4,6.93,0.0,41298.22785
15567.56757,15188.67692,30756.244489999997,0.9659258262890683,-0.25881904510252063,20.37,84.3,0.0,0.0,23307.01987
21520.16895,24346.0815,45866.25045,0.49999999999999994,-0.8660254037844387,25.16,90.0,0.0,1.1600000000000001,33818.42397
13371.42857,13997.66834,27369.09691,0.9659258262890683,0.25881904510252074,6.945,62.27,11.055,0.0,22417.62712
19790.88146,15659.09548,35449.97694,-0.8660254037844384,-0.5000000000000004,11.46,72.6,6.539999999999999,0.0,32003.38983
13272.94833,14012.53012,27285.47845,0.8660254037844386,0.5000000000000001,9.91,76.3,8.09,0.0,21666.83544
21714.04435,22359.87461,44073.918959999995,0.49999999999999994,0.8660254037844387,26.06,85.1,0.0,2.0599999999999987,31433.87347
16251.31996,15937.80564,32189.1256,0.9659258262890683,0.25881904510252074,19.68,76.1,0.0,0.0,25092.11987
22532.92683,16821.29032,39354.21715,-0.2588190451025208,-0.9659258262890683,20.9,61.98,0.0,0.0,32727.82979
13534.82688,15645.09091,29179.91779,0.49999999999999994,0.8660254037844387,16.53,72.4,1.4699999999999989,0.0,24261.44241
30550.47561,14544.05762,45094.53323,-0.9659258262890683,-0.25881904510252063,16.57,57.38,1.4299999999999997,0.0,36416.73004
17516.52893,10230.36145,27746.89038,0.8660254037844386,0.5000000000000001,19.86,72.2,0.0,0.0,22252.30769
19373.38877,18254.76923,37628.158,0.7071067811865476,-0.7071067811865475,23.48,72.2,0.0,0.0,28552.05298
20885.10638,16423.23618,37308.342560000005,1.2246467991473532e-16,-1.0,10.25,79.3,7.75,0.0,33797.28814
23372.13622,21419.27126,44791.40748,-0.25881904510252157,0.9659258262890681,17.38,67.7,0.620000000000001,0.0,36435.93443
21995.85062,11584.19453,33580.045150000005,0.49999999999999994,-0.8660254037844387,20.31,69.47,0.0,0.0,34396.1488
24361.09422,23201.92771,47563.02193,-0.9659258262890683,-0.25881904510252063,14.18,59.27,3.8200000000000003,0.0,39129.11392
14653.94191,12938.1155,27592.05741,0.8660254037844386,0.5000000000000001,17.82,88.2,0.17999999999999972,0.0,27552.21007
12981.15502,14177.12563,27158.28065,0.7071067811865475,0.7071067811865476,11.44,65.58,6.5600000000000005,0.0,21990.50847
12488.7538,11849.96985,24338.72365,0.8660254037844387,-0.49999999999999983,12.14,64.32,5.859999999999999,0.0,23479.32203
24596.20253,29878.49372,54474.69624999999,-0.9659258262890683,-0.25881904510252063,27.82,67.28,0.0,3.8200000000000003,36626.71096
24369.23077,11114.03473,35483.265499999994,-0.9659258262890683,-0.25881904510252063,22.59,67.39,0.0,0.0,35598.58407
27928.06653,27594.83077,55522.8973,-0.5000000000000004,0.8660254037844384,21.38,85.0,0.0,0.0,45355.23179
28031.91163,13506.84274,41538.754369999995,-0.5000000000000004,0.8660254037844384,13.13,83.1,4.869999999999999,0.0,32991.63498
27667.15945,25272.97806,52940.13751,0.7071067811865476,-0.7071067811865475,26.71,84.1,0.0,2.710000000000001,32258.55716
20762.19512,23173.54839,43935.74351,-0.5000000000000004,0.8660254037844384,14.54,78.6,3.460000000000001,0.0,39927.82979
23392.53112,13264.92401,36657.45513,-0.2588190451025208,-0.9659258262890683,25.81,55.12,0.0,1.8099999999999987,37206.82713
14355.09356,13538.05924,27893.1528,0.49999999999999994,0.8660254037844387,16.26,67.46,1.7399999999999984,0.0,26703.71681
22598.73418,25082.51046,47681.244640000004,0.8660254037844387,-0.49999999999999983,21.54,61.46,0.0,0.0,30994.28571
23108.71369,12354.52888,35463.24257,-0.4999999999999998,-0.8660254037844388,22.59,69.71,0.0,0.0,35706.95842
25580.14784,29456.05016,55036.198000000004,-1.0,-1.8369701987210297e-16,28.92,69.26,0.0,4.920000000000002,32456.73696
27368.18182,8680.481928,36048.663748,1.2246467991473532e-16,-1.0,18.13,64.39,0.0,0.0,31803.07692
24011.04633,13397.35894,37408.40527,-0.25881904510252157,0.9659258262890681,14.42,66.12,3.58,0.0,29688.21293
21720.73171,16647.09677,38367.82848,1.2246467991473532e-16,-1.0,17.56,46.26,0.4400000000000013,0.0,36913.02128
17827.85863,15438.4474,33266.30603,0.25881904510252074,0.9659258262890683,20.7,88.4,0.0,0.0,29214.15929
19467.07317,16769.03226,36236.105429999996,0.258819045102521,-0.9659258262890682,12.58,56.69,5.42,0.0,34033.02128
22660.58091,14554.65046,37215.23137,-0.25881904510252157,0.9659258262890681,18.35,68.81,0.0,0.0,28087.87746
19496.34146,15729.67742,35226.01888,0.258819045102521,-0.9659258262890682,15.56,65.82,2.4399999999999995,0.0,36765.95745
22837.97468,32198.159,55036.13368,-0.8660254037844384,-0.5000000000000004,31.29,34.95,0.0,7.289999999999999,34534.48505
22737.62994,22348.8,45086.42994,0.49999999999999994,0.8660254037844387,20.37,85.1,0.0,0.0,37586.22517
21820.79002,13685.14811,35505.93813,-0.9659258262890683,-0.25881904510252063,23.6,70.9,0.0,0.0,35891.68142
22970.88608,32499.41423,55470.30031,-0.9659258262890683,-0.25881904510252063,30.91,30.88,0.0,6.91,33985.91362
22415.80042,19312.24615,41728.04657,-0.8660254037844384,-0.5000000000000004,24.71,56.11,0.0,0.7100000000000009,34343.84106
17342.73859,12838.90578,30181.64437,0.49999999999999994,0.8660254037844387,20.33,70.1,0.0,0.0,25352.82276
15103.95137,16077.10843,31181.059800000003,0.258819045102521,-0.9659258262890682,13.22,63.57,4.779999999999999,0.0,33205.06329
20460.99585,9068.93617,29529.93202,0.8660254037844387,-0.49999999999999983,12.0,88.2,6.0,0.0,25510.37199
15253.22245,10819.857,26073.079449999997,1.0,6.123233995736766e-17,18.95,89.2,0.0,0.0,24307.9646
18068.35443,18322.3431,36390.69753,0.9659258262890683,-0.25881904510252063,21.54,80.9,0.0,0.0,27773.02326
15485.23909,12861.45046,28346.68955,0.7071067811865475,0.7071067811865476,20.45,80.1,0.0,0.0,27391.85841
15810.98496,8706.842737,24517.827697,1.0,6.123233995736766e-17,5.917,88.1,12.083,0.0,21152.85171
15459.04366,19235.44615,34694.48981,0.8660254037844386,0.5000000000000001,19.91,82.5,0.0,0.0,28278.6755
20002.43161,17042.65327,37045.084879999995,-0.4999999999999998,-0.8660254037844388,17.35,38.08,0.6499999999999986,0.0,33132.20339
19951.36778,20035.53769,39986.90547,-0.25881904510252157,0.9659258262890681,11.23,90.9,6.77,0.0,32570.84746
21353.01455,24239.26154,45592.27609,-0.9659258262890683,-0.25881904510252063,24.27,67.14,0.0,0.2699999999999996,36912.31788
14035.25836,14457.83133,28493.08969,0.49999999999999994,0.8660254037844387,9.63,85.0,8.37,0.0,23617.21519
19720.12384,16469.63563,36189.759470000005,-0.9659258262890683,-0.25881904510252063,29.3,30.32,0.0,5.300000000000001,32646.29508
14781.26273,17326.54545,32107.80818,0.25881904510252074,0.9659258262890683,13.63,87.3,4.369999999999999,0.0,26375.71582
20481.08108,16297.44637,36778.52745,-0.8660254037844384,-0.5000000000000004,25.81,70.1,0.0,1.8099999999999987,31355.04425
17857.02648,19042.90909,36899.93557,-0.9659258262890683,-0.25881904510252063,16.39,74.8,1.6099999999999994,0.0,33127.75027
25040.50633,30041.17155,55081.67788,-1.0,-1.8369701987210297e-16,27.66,68.5,0.0,3.66,37857.80731
20086.32219,16736.38554,36822.707729999995,-0.4999999999999998,-0.8660254037844388,18.68,46.64,0.0,0.0,33800.50633
27645.56962,33987.61506,61633.18467999999,-0.9659258262890684,0.2588190451025203,25.41,76.9,0.0,1.4100000000000001,43394.5515
30579.09187,32790.47022,63369.56209000001,-0.9659258262890684,0.2588190451025203,28.34,51.76,0.0,4.34,43343.84018
24986.69439,26436.92308,51423.61747,0.25881904510252074,0.9659258262890683,20.69,83.3,0.0,0.0,41413.50993
18667.20978,15098.18182,33765.3916,0.7071067811865476,-0.7071067811865475,15.72,65.37,2.2799999999999994,0.0,31162.28202
23950.41322,14284.33735,38234.75057,-0.25881904510252157,0.9659258262890681,15.92,84.6,2.08,0.0,30055.38462
20377.70898,18994.0081,39371.71708,0.0,1.0,17.53,84.5,0.46999999999999886,0.0,32067.14754
18078.09917,10178.31325,28256.41242,0.8660254037844386,0.5000000000000001,19.23,56.94,0.0,0.0,22424.61538
21076.09148,20374.74974,41450.84122,-0.5000000000000004,0.8660254037844384,18.67,58.06,0.0,0.0,39071.15044
19150.20747,9815.927052,28966.134522,0.7071067811865476,-0.7071067811865475,17.52,86.3,0.4800000000000004,0.0,26600.61269
20963.82536,16403.35036,37367.17572,-0.25881904510252157,0.9659258262890681,20.79,79.7,0.0,0.0,35082.47788
22596.69421,14833.73494,37430.42915,0.49999999999999994,-0.8660254037844387,13.65,77.4,4.35,0.0,30646.15385
13503.65854,13349.03226,26852.6908,1.0,6.123233995736766e-17,11.49,78.8,6.51,0.0,23720.17021
28049.37759,18814.83283,46864.21042,-1.0,-1.8369701987210297e-16,21.29,76.2,0.0,0.0,44409.97812
19491.32231,7280.963855,26772.286164999998,0.8660254037844387,-0.49999999999999983,16.02,67.52,1.9800000000000004,0.0,23987.69231
15279.83707,15057.45455,30337.29162,0.7071067811865475,0.7071067811865476,14.63,76.3,3.369999999999999,0.0,24193.24004
21686.07069,14467.66088,36153.73157,-0.8660254037844384,-0.5000000000000004,27.83,41.75,0.0,3.8299999999999983,34585.48673
23026.55602,13305.77508,36332.331099999996,1.2246467991473532e-16,-1.0,20.66,79.3,0.0,0.0,36406.47702
29944.24498,31622.82132,61567.0663,-0.25881904510252157,0.9659258262890681,24.95,62.9,0.0,0.9499999999999993,43369.41176
22843.56846,12115.25836,34958.82682,0.258819045102521,-0.9659258262890682,21.83,89.4,0.0,0.0,39538.5558
27034.05953,14325.09004,41359.149569999994,-0.5000000000000004,0.8660254037844384,10.96,88.0,7.039999999999999,0.0,32888.21293
18446.28099,7917.108434,26363.389424,0.9659258262890683,-0.25881904510252063,16.89,63.22,1.1099999999999994,0.0,22486.15385
20424.79339,13416.86747,33841.660859999996,0.7071067811865476,-0.7071067811865475,16.51,86.1,1.4899999999999984,0.0,27083.07692
25247.41641,24822.99497,50070.411380000005,-0.9659258262890684,0.2588190451025203,13.5,61.24,4.5,0.0,41229.15254
15481.4664,18001.45455,33482.92095,-0.2588190451025208,-0.9659258262890683,17.37,87.0,0.629999999999999,0.0,38738.9451
21573.99381,17314.97976,38888.97357,0.258819045102521,-0.9659258262890682,21.36,69.72,0.0,0.0,35013.2459
27027.35562,25584.57831,52611.93393,-1.0,-1.8369701987210297e-16,13.18,42.77,4.82,0.0,44858.73418
21713.06991,16400.96386,38114.033769999995,-0.7071067811865471,-0.7071067811865479,18.18,42.04,0.0,0.0,34742.27848
25422.4924,24956.1407,50378.6331,-1.0,-1.8369701987210297e-16,15.31,64.69,2.6899999999999995,0.0,42803.38983
21406.68693,16447.22892,37853.915850000005,-0.7071067811865471,-0.7071067811865479,16.8,73.0,1.1999999999999993,0.0,33284.05063
22459.7561,16449.67742,38909.43352,-0.4999999999999998,-0.8660254037844388,21.32,59.81,0.0,0.0,32200.85106
20148.26884,18955.63636,39103.9052,-0.4999999999999998,-0.8660254037844388,15.44,85.8,2.5600000000000005,0.0,34497.99785
24069.85447,27458.95385,51528.80832,-0.9659258262890684,0.2588190451025203,23.0,77.5,0.0,0.0,42901.19205
13427.8481,15550.79498,28978.64308,1.0,6.123233995736766e-17,22.21,79.5,0.0,0.0,22791.22924
26659.76769,26536.9279,53196.69559,-0.9659258262890683,-0.25881904510252063,29.07,44.58,0.0,5.07,38881.59822
32444.6281,18078.07229,50522.70039,-1.0,-1.8369701987210297e-16,19.95,68.65,0.0,0.0,39587.69231
24917.64706,25249.55466,50167.20172,-0.7071067811865477,0.7071067811865474,19.35,59.94,0.0,0.0,42151.86885
23351.45228,12657.99392,36009.446200000006,1.2246467991473532e-16,-1.0,22.94,67.3,0.0,0.0,36015.75492
25063.14678,25303.0721,50366.21888,-0.8660254037844384,-0.5000000000000004,29.66,44.09,0.0,5.66,37897.09212
22451.45228,14268.69301,36720.14529,-0.2588190451025208,-0.9659258262890683,23.65,61.06,0.0,0.0,37105.99562
17379.93921,12069.94975,29449.88896,0.8660254037844387,-0.49999999999999983,12.03,64.02,5.970000000000001,0.0,27298.98305
10139.81763,11080.48193,21220.29956,0.8660254037844387,-0.49999999999999983,12.26,66.21,5.74,0.0,21757.97468
13333.74613,14539.91903,27873.665159999997,0.8660254037844386,0.5000000000000001,17.31,68.6,0.6900000000000013,0.0,23254.03279
18142.24924,17801.00503,35943.254270000005,0.0,1.0,15.91,53.1,2.09,0.0,30026.44068
17434.71074,9640.481928,27075.192667999996,0.49999999999999994,0.8660254037844387,12.41,88.2,5.59,0.0,21975.38462
20177.96258,15479.63228,35657.59486,-0.25881904510252157,0.9659258262890681,18.45,80.4,0.0,0.0,33840.0
22866.87307,19186.39676,42053.269830000005,-1.0,-1.8369701987210297e-16,20.09,62.06,0.0,0.0,36310.03279
18007.46888,10265.28875,28272.75763,0.9659258262890683,0.25881904510252074,17.26,89.7,0.7399999999999984,0.0,26877.89934
18175.88358,14650.05107,32825.93465,-0.25881904510252157,0.9659258262890681,24.67,37.18,0.0,0.6700000000000017,32495.57522
19671.95122,16031.6129,35703.564119999995,-0.4999999999999998,-0.8660254037844388,24.34,41.04,0.0,0.33999999999999986,36851.74468
21987.75079,20506.0815,42493.83229,0.7071067811865475,0.7071067811865476,26.89,68.82,0.0,2.8900000000000006,29611.89789
20475.93361,9483.282675,29959.216285000002,0.9659258262890683,-0.25881904510252063,21.13,58.41,0.0,0.0,25957.81182
27982.68215,30948.71473,58931.39688,-0.25881904510252157,0.9659258262890681,28.65,31.51,0.0,4.649999999999999,38715.38291
17820.74689,12506.2614,30327.008289999998,0.0,1.0,21.19,62.83,0.0,0.0,27697.15536
17797.921,9713.748723,27511.669723,0.9659258262890683,-0.25881904510252063,19.57,65.89,0.0,0.0,24658.40708
32247.94087,34331.28527,66579.22614,-0.8660254037844386,0.5000000000000001,22.59,50.05,0.0,0.0,49078.26859
22400.8316,20440.61538,42841.44698,-0.7071067811865471,-0.7071067811865479,24.14,62.12,0.0,0.14000000000000057,36263.84106
15680.91286,10662.12766,26343.040520000002,0.49999999999999994,0.8660254037844387,18.1,88.0,0.0,0.0,24495.75492
14676.34855,12185.28875,26861.637300000002,0.7071067811865475,0.7071067811865476,19.01,89.9,0.0,0.0,26865.2954
14788.5947,16261.81818,31050.41288,0.7071067811865476,-0.7071067811865475,14.86,82.0,3.1400000000000006,0.0,27504.15501
23093.77593,13218.23708,36312.01301,-0.8660254037844384,-0.5000000000000004,27.12,51.05,0.0,3.120000000000001,33324.814
10528.7169,11351.27273,21879.98963,0.9659258262890683,-0.25881904510252063,10.86,88.2,7.140000000000001,0.0,20187.90097
26146.67076,9386.794718,35533.465478,-0.8660254037844384,-0.5000000000000004,17.13,69.13,0.870000000000001,0.0,31458.55513
11638.90578,13517.18593,25156.09171,0.49999999999999994,0.8660254037844387,13.97,70.1,4.029999999999999,0.0,24077.28814
32987.60331,17551.80723,50539.41054,-0.8660254037844386,0.5000000000000001,19.78,45.6,0.0,0.0,38775.38462
20359.7561,17657.41935,38017.175449999995,-0.2588190451025208,-0.9659258262890683,12.85,81.9,5.15,0.0,35430.12766
19902.53165,24793.30544,44695.83709,0.49999999999999994,0.8660254037844387,27.74,27.51,0.0,3.7399999999999984,29278.40532
27916.83992,27512.12308,55428.963,-0.7071067811865477,0.7071067811865474,20.02,53.54,0.0,0.0,45151.78808
15411.19324,14336.80251,29747.995750000002,0.8660254037844386,0.5000000000000001,22.41,68.66,0.0,0.0,25872.05327
15200.8316,13708.68233,28909.51393,0.7071067811865475,0.7071067811865476,19.42,81.3,0.0,0.0,26646.37168
17821.41761,10602.64106,28424.05867,0.25881904510252074,0.9659258262890683,14.54,61.78,3.460000000000001,0.0,23227.37643
12565.34954,13615.59799,26180.947529999998,0.8660254037844386,0.5000000000000001,9.08,72.5,8.92,0.0,21813.55932
21558.18374,22046.89655,43605.08029,0.7071067811865475,0.7071067811865476,25.82,89.4,0.0,1.8200000000000003,30967.19201
24500.76711,12244.89796,36745.66507,-0.25881904510252157,0.9659258262890681,9.3,79.7,8.7,0.0,28647.90875
21736.70886,26932.21757,48668.92643,0.7071067811865475,0.7071067811865476,21.81,61.09,0.0,0.0,30866.71096
32593.38843,16215.90361,48809.29204,-0.9659258262890683,-0.25881904510252063,19.3,61.81,0.0,0.0,38898.46154
18044.81328,10615.44073,28660.254009999997,0.49999999999999994,0.8660254037844387,20.26,78.0,0.0,0.0,23304.68271
21019.83471,10878.07229,31897.907,-0.8660254037844384,-0.5000000000000004,20.82,63.12,0.0,0.0,27126.15385
26417.42739,12745.53191,39162.9593,-0.7071067811865471,-0.7071067811865479,21.49,78.7,0.0,0.0,31749.32166
21142.56198,9935.421687,31077.983667,0.258819045102521,-0.9659258262890682,18.26,49.88,0.0,0.0,29243.07692
24535.26971,14513.79939,39049.0691,-0.5000000000000004,0.8660254037844384,18.14,77.2,0.0,0.0,31440.52516
27968.35443,29703.76569,57672.12012,0.258819045102521,-0.9659258262890682,29.65,49.62,0.0,5.649999999999999,40371.0299
22440.49587,10554.21687,32994.71274,-0.2588190451025208,-0.9659258262890683,19.89,43.11,0.0,0.0,31076.92308
17703.79747,19557.48954,37261.28701,0.9659258262890683,0.25881904510252074,25.23,61.32,0.0,1.2300000000000004,26050.76412
27063.51642,9888.115246,36951.631666,-0.7071067811865471,-0.7071067811865479,14.04,40.15,3.960000000000001,0.0,31720.15209
19129.41176,19355.46559,38484.877349999995,0.0,1.0,26.04,35.66,0.0,2.039999999999999,31072.52459
19393.90244,17610.96774,37004.87018,-0.4999999999999998,-0.8660254037844388,21.69,52.4,0.0,0.0,33371.23404
12885.94705,15598.54545,28484.4925,0.49999999999999994,0.8660254037844387,15.27,77.5,2.7300000000000004,0.0,23759.22497
16372.75542,11549.1498,27921.90522,0.9659258262890683,-0.25881904510252063,17.82,78.2,0.17999999999999972,0.0,24173.11475
23193.80805,17256.68016,40450.488209999996,-0.8660254037844384,-0.5000000000000004,21.81,72.1,0.0,0.0,35441.31148
13107.12074,14901.37652,28008.49726,0.8660254037844386,0.5000000000000001,17.24,79.4,0.7600000000000016,0.0,26603.01639
24328.06653,21474.97446,45803.04099,-0.7071067811865477,0.7071067811865474,24.71,60.95,0.0,0.7100000000000009,42167.78761
13960.97561,13668.3871,27629.36271,1.0,6.123233995736766e-17,8.46,87.7,9.54,0.0,23524.08511
17758.26446,12399.03614,30157.3006,0.25881904510252074,0.9659258262890683,14.35,81.4,3.6500000000000004,0.0,25550.76923
17937.99392,13320.36181,31258.355730000003,0.7071067811865476,-0.7071067811865475,12.45,64.37,5.550000000000001,0.0,28494.91525
22990.90909,15822.6506,38813.55969,-0.9659258262890683,-0.25881904510252063,19.08,74.1,0.0,0.0,30750.76923
15825.77963,19022.76923,34848.54886,0.7071067811865476,-0.7071067811865475,22.92,75.8,0.0,0.0,27998.9404
25686.48649,31712.49231,57398.9788,-0.7071067811865477,0.7071067811865474,21.99,82.2,0.0,0.0,47059.07285
20045.19535,20548.21317,40593.40852,0.7071067811865475,0.7071067811865476,20.62,75.8,0.0,0.0,28787.21421
21904.11827,20042.63323,41946.7515,0.8660254037844387,-0.49999999999999983,22.03,56.12,0.0,0.0,32463.12986
21952.74624,9836.254502,31789.000742,-0.4999999999999998,-0.8660254037844388,16.07,64.72,1.9299999999999997,0.0,27820.53232
13006.68693,14391.31658,27398.003510000002,0.8660254037844386,0.5000000000000001,10.64,59.35,7.359999999999999,0.0,22185.76271
19216.21622,22112.49231,41328.70853,0.49999999999999994,0.8660254037844387,22.34,74.6,0.0,0.0,29314.96689
20938.69969,17320.80972,38259.50941,-0.9659258262890683,-0.25881904510252063,25.16,52.77,0.0,1.1600000000000001,33338.7541
25575.61983,13659.75904,39235.37887,-0.25881904510252157,0.9659258262890681,17.22,52.62,0.7800000000000011,0.0,30720.0
21220.66116,18754.6988,39975.35996,-0.7071067811865471,-0.7071067811865479,19.6,68.28,0.0,0.0,28941.53846
22138.9002,28450.90909,50589.809290000005,-0.8660254037844386,0.5000000000000001,17.98,65.94,0.019999999999999574,0.0,43215.50054
15096.53768,16459.63636,31556.174039999998,0.25881904510252074,0.9659258262890683,16.18,73.4,1.8200000000000003,0.0,24738.85899
18257.67635,10732.15805,28989.8344,1.0,6.123233995736766e-17,18.63,93.0,0.0,0.0,27054.35449
20467.15945,20704.70219,41171.86164,0.8660254037844387,-0.49999999999999983,24.06,79.2,0.0,0.05999999999999872,31740.73252
19765.57226,10671.78872,30437.36098,0.25881904510252074,0.9659258262890683,12.45,52.34,5.550000000000001,0.0,22643.34601
19907.59878,15446.74699,35354.34577,0.49999999999999994,-0.8660254037844387,15.41,67.76,2.59,0.0,33284.05063
17077.20365,12562.01005,29639.2137,0.8660254037844387,-0.49999999999999983,12.96,75.5,5.039999999999999,0.0,27122.0339
24241.48607,23727.93522,47969.42129,-0.5000000000000004,0.8660254037844384,19.84,68.88,0.0,0.0,40225.57377
24340.90909,17175.90361,41516.8127,-0.25881904510252157,0.9659258262890681,13.79,87.9,4.210000000000001,0.0,31113.84615
11940.1222,12392.72727,24332.84947,0.9659258262890683,0.25881904510252074,12.89,73.8,5.109999999999999,0.0,20758.32078
24519.5122,24253.54839,48773.06059,-0.7071067811865477,0.7071067811865474,13.59,50.0,4.41,0.0,40552.85106
19866.94215,13266.50602,33133.44817,0.0,1.0,14.68,81.2,3.3200000000000003,0.0,27181.53846
22194.52888,18663.55779,40858.086670000004,-0.9659258262890683,-0.25881904510252063,14.43,73.6,3.5700000000000003,0.0,34468.47458
26895.45935,28757.86834,55653.327690000006,0.0,1.0,24.24,68.73,0.0,0.23999999999999844,37686.12653
23590.63136,29381.81818,52972.44954,-0.9659258262890684,0.2588190451025203,13.6,86.2,4.4,0.0,45261.57158
28598.52165,31995.98746,60594.50911,-0.25881904510252157,0.9659258262890681,23.49,60.29,0.0,0.0,39898.06881
24646.15385,17680.08172,42326.23557,-1.0,-1.8369701987210297e-16,22.75,76.6,0.0,0.0,41192.92035
22802.48963,13159.87842,35962.36805,-0.4999999999999998,-0.8660254037844388,22.98,65.93,0.0,0.0,36103.98249
18870.12448,8532.036474,27402.160954,0.9659258262890683,-0.25881904510252063,18.7,84.6,0.0,0.0,23077.81182
22085.47718,10948.08511,33033.56229,0.7071067811865476,-0.7071067811865475,21.43,81.8,0.0,0.0,33866.78337
25645.90365,9398.319328,35044.222978,-0.7071067811865471,-0.7071067811865479,16.59,58.21,1.4100000000000001,0.0,30947.52852
20060.79027,17343.67839,37404.46866,-0.2588190451025208,-0.9659258262890683,13.96,74.7,4.039999999999999,0.0,35310.50847
15547.98762,14825.58704,30373.57466,0.8660254037844386,0.5000000000000001,16.94,85.9,1.0599999999999987,0.0,25532.85246
21379.20998,21994.33846,43373.54844,0.7071067811865475,0.7071067811865476,19.95,88.2,0.0,0.0,38425.43046
16072.65048,16816.55172,32889.2022,0.9659258262890683,0.25881904510252074,22.28,89.8,0.0,0.0,27086.70366
21262.72912,15581.09091,36843.82003,0.7071067811865476,-0.7071067811865475,18.1,66.51,0.0,0.0,30188.84822
24827.8481,29836.31799,54664.16609,-0.25881904510252157,0.9659258262890681,24.28,84.3,0.0,0.28000000000000114,37494.21927
21457.02648,28340.36364,49797.39012,-0.9659258262890684,0.2588190451025203,18.61,66.97,0.0,0.0,42074.66093
19889.3617,15161.24623,35050.60793,0.49999999999999994,-0.8660254037844387,10.98,50.48,7.02,0.0,31997.28814
28514.63415,25095.48387,53610.11802,-1.0,-1.8369701987210297e-16,14.64,77.1,3.3599999999999994,0.0,41275.91489
34092.66646,16261.22449,50353.89095,-0.8660254037844386,0.5000000000000001,16.29,74.5,1.7100000000000009,0.0,39598.47909
14452.39085,11596.8,26049.19085,0.9659258262890683,0.25881904510252074,20.32,86.6,0.0,0.0,22455.09934
23617.04782,13720.44944,37337.497260000004,-0.2588190451025208,-0.9659258262890683,32.91,26.54,0.0,8.909999999999997,37006.72566
13031.70732,13860.0,26891.70732,0.7071067811865475,0.7071067811865476,10.87,86.1,7.130000000000001,0.0,22182.12766
17919.34827,17274.18182,35193.53009,0.49999999999999994,-0.8660254037844387,21.73,56.69,0.0,0.0,30381.0549
18252.63158,12377.00405,30629.63563,0.9659258262890683,-0.25881904510252063,17.54,81.6,0.46000000000000085,0.0,26640.78689
21300.0,15915.48387,37215.48387,-0.7071067811865471,-0.7071067811865479,15.8,81.2,2.1999999999999993,0.0,33775.65957
27206.07903,25746.50602,52952.58505,-0.9659258262890684,0.2588190451025203,11.12,80.5,6.880000000000001,0.0,42689.62025
18160.91476,19347.69231,37508.60707,0.7071067811865475,0.7071067811865476,19.89,86.7,0.0,0.0,30974.30464
26259.49367,31927.02929,58186.52296,-1.0,-1.8369701987210297e-16,34.77,26.21,0.0,10.770000000000003,38706.1794
23795.12195,21989.03226,45784.15421,-1.0,-1.8369701987210297e-16,12.06,76.2,5.9399999999999995,0.0,40356.76596
13561.74636,11384.67824,24946.4246,1.0,6.123233995736766e-17,20.34,75.0,0.0,0.0,25002.47788
18248.78049,14713.54839,32962.32888,0.49999999999999994,-0.8660254037844387,14.07,68.76,3.9299999999999997,0.0,34621.2766
19025.387,12942.51012,31967.89712,0.8660254037844387,-0.49999999999999983,18.29,85.8,0.0,0.0,25318.81967
23336.51452,10936.41337,34272.92789,0.49999999999999994,-0.8660254037844387,21.29,77.8,0.0,0.0,34761.66302
19250.68638,20187.08464,39437.77102,0.49999999999999994,0.8660254037844387,24.09,82.0,0.0,0.08999999999999986,29074.89456
19254.71125,14110.84337,33365.55462,0.7071067811865476,-0.7071067811865475,10.89,85.9,7.109999999999999,0.0,29383.29114
14721.82952,13073.25843,27795.08795,0.8660254037844386,0.5000000000000001,20.03,72.9,0.0,0.0,25926.37168
20541.17647,17309.1498,37850.32627,-0.9659258262890683,-0.25881904510252063,20.83,65.76,0.0,0.0,33930.4918
19036.51427,8850.90036,27887.41463,0.9659258262890683,-0.25881904510252063,12.95,75.7,5.050000000000001,0.0,23361.21673
13597.56839,14298.69347,27896.26186,0.49999999999999994,0.8660254037844387,14.93,58.24,3.0700000000000003,0.0,22545.76271
17072.43928,15341.94357,32414.382849999998,0.8660254037844386,0.5000000000000001,24.32,93.4,0.0,0.3200000000000003,27789.92231
11143.90244,11003.22581,22147.12825,1.0,6.123233995736766e-17,9.91,87.6,8.09,0.0,20907.57447
13488.1459,14116.62651,27604.772409999998,0.7071067811865475,0.7071067811865476,7.52,81.0,10.48,0.0,21356.96203
17412.76596,17661.68675,35074.45271,0.0,1.0,15.18,83.7,2.8200000000000003,0.0,27639.49367
26846.34146,25467.09677,52313.43823,-0.8660254037844386,0.5000000000000001,20.19,50.65,0.0,0.0,44719.65957
27016.41337,26428.91566,53445.32902999999,-0.7071067811865477,0.7071067811865474,11.73,69.92,6.27,0.0,43449.11392
18707.07497,15059.05956,33766.13453,0.49999999999999994,-0.8660254037844387,25.51,56.35,0.0,1.5100000000000016,31222.90788
17226.44628,9767.710843,26994.157123,0.8660254037844386,0.5000000000000001,14.47,62.43,3.5299999999999994,0.0,21661.53846
27662.37006,33159.87692,60822.24698,-0.8660254037844386,0.5000000000000001,24.71,55.47,0.0,0.7100000000000009,44236.29139
16192.66802,19787.63636,35980.30438,0.0,1.0,15.2,88.0,2.8000000000000007,0.0,29587.42734
13565.48857,12465.23077,26030.71934,0.9659258262890683,0.25881904510252074,19.86,85.0,0.0,0.0,24870.99338
21667.21992,9611.671733,31278.891653,0.8660254037844387,-0.49999999999999983,12.51,87.8,5.49,0.0,26978.73085
16630.35343,12167.19101,28797.544439999998,0.7071067811865476,-0.7071067811865475,21.82,77.9,0.0,0.0,29927.78761
21493.67089,25907.94979,47401.62068,0.0,1.0,26.51,47.52,0.0,2.5100000000000016,32665.51495
11800.81466,11170.90909,22971.723749999997,0.9659258262890683,-0.25881904510252063,12.78,83.9,5.220000000000001,0.0,20051.49623
17626.55602,10457.87234,28084.428359999998,0.49999999999999994,0.8660254037844387,13.99,86.0,4.01,0.0,22661.88184
15897.21362,15740.89069,31638.104310000002,0.25881904510252074,0.9659258262890683,18.61,83.0,0.0,0.0,26049.04918
14377.54678,11779.93846,26157.48524,0.9659258262890683,0.25881904510252074,20.4,83.1,0.0,0.0,22760.2649
15621.8845,14932.04819,30553.93269,1.0,6.123233995736766e-17,6.539,82.8,11.461,0.0,25415.6962
26602.74551,26127.6489,52730.39441,0.258819045102521,-0.9659258262890682,27.29,68.92,0.0,3.289999999999999,40511.7869
17216.09907,16049.87854,33265.97761,0.49999999999999994,0.8660254037844387,15.54,89.8,2.460000000000001,0.0,27710.95082
25682.74428,22539.89785,48222.64213,-0.7071067811865477,0.7071067811865474,23.07,78.4,0.0,0.0,44620.88496
16515.50152,16290.09045,32805.59197,0.0,1.0,14.8,62.02,3.1999999999999993,0.0,26877.9661
23141.78794,20263.38462,43405.17256,-0.7071067811865471,-0.7071067811865479,28.82,30.55,0.0,4.82,37687.94702
11877.75468,13510.89231,25388.64699,0.9659258262890683,0.25881904510252074,20.0,81.9,0.0,0.0,22963.70861
14203.03951,14284.33735,28487.37686,1.0,6.123233995736766e-17,8.98,78.9,9.02,0.0,24565.06329
15224.9208,14643.76176,29868.68256,0.9659258262890683,0.25881904510252074,24.53,90.2,0.0,0.5300000000000011,25603.55161
19139.24051,22654.39331,41793.63382,0.49999999999999994,0.8660254037844387,24.25,85.9,0.0,0.25,28991.36213
20458.62786,15779.69356,36238.32142,-0.25881904510252157,0.9659258262890681,18.57,80.3,0.0,0.0,34445.30973
13805.47112,14269.74874,28075.21986,0.49999999999999994,0.8660254037844387,12.38,76.8,5.619999999999999,0.0,23223.05085
17090.83503,20794.18182,37885.01685,-1.0,-1.8369701987210297e-16,19.69,61.66,0.0,0.0,33983.37998
14746.50456,15178.61307,29925.11763,0.25881904510252074,0.9659258262890683,7.04,90.2,10.96,0.0,24400.67797
14520.73171,10759.35484,25280.08655,0.9659258262890683,-0.25881904510252063,10.11,89.2,7.890000000000001,0.0,22770.38298
21921.82952,18934.15385,40855.98337,-0.8660254037844384,-0.5000000000000004,22.78,74.9,0.0,0.0,35500.92715
18237.49616,8303.481393,26540.977552999997,1.0,6.123233995736766e-17,17.67,53.74,0.3299999999999983,0.0,22320.91255
24343.03534,24954.09231,49297.127649999995,0.0,1.0,19.15,67.42,0.0,0.0,39646.09272
15053.16456,17177.57322,32230.737779999996,1.0,6.123233995736766e-17,23.16,70.7,0.0,0.0,24679.33555
18745.08976,12868.21317,31613.302929999998,1.0,6.123233995736766e-17,20.07,53.35,0.0,0.0,25808.12431
13032.58656,15045.81818,28078.404739999998,0.49999999999999994,0.8660254037844387,14.11,89.0,3.8900000000000006,0.0,23182.60495
20604.87805,17384.51613,37989.39418,1.2246467991473532e-16,-1.0,18.03,56.56,0.0,0.0,32881.02128
22572.1519,24853.55649,47425.70839,-0.7071067811865471,-0.7071067811865479,30.18,45.13,0.0,6.18,33813.68771
22810.97561,23376.77419,46187.749800000005,-0.5000000000000004,0.8660254037844384,16.79,82.0,1.2100000000000009,0.0,38616.51064
15605.06864,14968.77743,30573.84607,0.49999999999999994,0.8660254037844387,22.14,71.8,0.0,0.0,26530.52164
28572.1519,29028.95397,57601.10587,-0.8660254037844384,-0.5000000000000004,31.02,35.45,0.0,7.02,39969.16944
26019.54262,22075.09704,48094.63966,-0.9659258262890684,0.2588190451025203,21.8,44.02,0.0,0.0,45684.95575
22878.01858,18183.64372,41061.662299999996,-0.8660254037844384,-0.5000000000000004,19.01,68.03,0.0,0.0,35025.83607
19965.95745,15051.25628,35017.21373,0.49999999999999994,-0.8660254037844387,15.31,62.58,2.6899999999999995,0.0,32869.83051
26816.63202,24918.64615,51735.278170000005,-0.9659258262890684,0.2588190451025203,21.98,75.6,0.0,0.0,45863.84106
12267.07317,10910.32258,23177.39575,1.0,6.123233995736766e-17,11.07,57.71,6.93,0.0,20723.74468
19792.66802,24162.90909,43955.57711,-0.5000000000000004,0.8660254037844384,15.71,88.4,2.289999999999999,0.0,35552.03445
12138.08554,14877.09091,27015.17645,0.7071067811865475,0.7071067811865476,14.6,87.9,3.4000000000000004,0.0,23201.2056
10530.09119,10617.83133,21147.92252,0.9659258262890683,-0.25881904510252063,11.08,68.25,6.92,0.0,19418.73418
12757.31707,10109.03226,22866.349329999997,1.0,6.123233995736766e-17,11.97,86.9,6.029999999999999,0.0,21091.40426
24060.99585,17647.65957,41708.655419999996,-0.7071067811865477,0.7071067811865474,22.08,63.32,0.0,0.0,40477.54923
13604.86322,14553.40704,28158.270259999998,0.7071067811865475,0.7071067811865476,13.91,57.44,4.09,0.0,22826.44068
26582.07739,26350.54545,52932.622839999996,-0.9659258262890684,0.2588190451025203,19.8,40.61,0.0,0.0,43984.32723
32174.28659,15967.34694,48141.63353,-0.7071067811865477,0.7071067811865474,13.56,51.47,4.4399999999999995,0.0,36538.40304
17163.22314,9316.626506,26479.849646,0.7071067811865475,0.7071067811865476,16.84,68.22,1.1600000000000001,0.0,22129.23077
14220.37422,13906.70769,28127.08191,0.8660254037844386,0.5000000000000001,19.92,85.4,0.0,0.0,25595.76159
17292.72349,15403.14607,32695.86956,0.25881904510252074,0.9659258262890683,22.74,86.0,0.0,0.0,29246.0177
21928.26748,16649.63855,38577.90603,1.2246467991473532e-16,-1.0,13.19,65.44,4.8100000000000005,0.0,34444.55696
23873.68421,23010.8502,46884.53441,-0.9659258262890684,0.2588190451025203,24.96,24.52,0.0,0.9600000000000009,39243.54098
20165.94427,20253.27935,40419.223620000004,-0.25881904510252157,0.9659258262890681,18.47,67.19,0.0,0.0,33351.34426
26642.97521,15140.24096,41783.21617,-0.25881904510252157,0.9659258262890681,16.5,85.0,1.5,0.0,31556.92308
14239.08524,11147.81538,25386.90062,0.9659258262890683,0.25881904510252074,18.98,76.2,0.0,0.0,22404.23841
23086.30705,12751.36778,35837.67483,-0.2588190451025208,-0.9659258262890683,23.19,69.03,0.0,0.0,35580.91904
24964.73029,11327.41641,36292.1467,0.258819045102521,-0.9659258262890682,22.65,78.5,0.0,0.0,34099.95624
13914.89362,14799.03614,28713.92976,0.49999999999999994,0.8660254037844387,5.032,74.9,12.968,0.0,22711.89873
20707.31707,17297.41935,38004.73642,1.2246467991473532e-16,-1.0,13.73,77.2,4.27,0.0,34780.59574
14732.36515,13054.83283,27787.197979999997,0.7071067811865475,0.7071067811865476,14.75,69.53,3.25,0.0,26380.04376
17715.59252,11873.01328,29588.605799999998,0.9659258262890683,-0.25881904510252063,19.66,88.7,0.0,0.0,27532.0354
22872.09776,16750.54545,39622.64321,0.49999999999999994,-0.8660254037844387,18.87,63.17,0.0,0.0,31769.90312
13182.89206,15930.18182,29113.07388,0.49999999999999994,0.8660254037844387,13.9,90.4,4.1,0.0,24292.44349
17211.57025,11658.79518,28870.365429999998,0.8660254037844386,0.5000000000000001,18.22,74.3,0.0,0.0,21606.15385
23586.72199,13556.71733,37143.43932,1.2246467991473532e-16,-1.0,25.59,43.02,0.0,1.5899999999999999,37786.60832
19088.98129,23772.55385,42861.53514,0.25881904510252074,0.9659258262890683,20.8,88.8,0.0,0.0,30739.07285
16147.93388,9686.746988,25834.680868000003,0.8660254037844386,0.5000000000000001,12.14,74.7,5.859999999999999,0.0,21741.53846
24980.57851,9576.86747,34557.44598,-0.7071067811865471,-0.7071067811865479,18.45,42.44,0.0,0.0,29470.76923
22405.6459,9623.04922,32028.69512,-0.2588190451025208,-0.9659258262890683,16.77,67.36,1.2300000000000004,0.0,30241.8251
17450.1548,17058.46154,34508.61634,0.0,1.0,19.51,71.9,0.0,0.0,28063.47541
26863.22188,25411.08434,52274.30622,-1.0,-1.8369701987210297e-16,12.08,61.2,5.92,0.0,44166.07595
16924.01216,12971.56627,29895.578429999998,0.7071067811865476,-0.7071067811865475,9.63,63.67,8.37,0.0,27031.89873
14834.67492,15595.1417,30429.816619999998,0.49999999999999994,0.8660254037844387,18.79,87.5,0.0,0.0,25620.98361
26021.05263,24363.40081,50384.45344,-0.5000000000000004,0.8660254037844384,20.14,81.9,0.0,0.0,41887.47541
17229.10603,13838.12053,31067.22656,0.0,1.0,20.74,81.3,0.0,0.0,29672.92035
21157.43802,11138.31325,32295.75127,-0.7071067811865471,-0.7071067811865479,20.71,63.72,0.0,0.0,27267.69231
32829.70236,17454.02161,50283.72397000001,-0.9659258262890683,-0.25881904510252063,15.14,73.6,2.8599999999999994,0.0,39075.28517
14695.44073,14837.06533,29532.50606,0.9659258262890683,0.25881904510252074,15.49,60.65,2.51,0.0,24425.08475
17044.49218,9133.253301,26177.745481,0.9659258262890683,0.25881904510252074,14.41,73.1,3.59,0.0,21627.37643
13898.5447,11614.52308,25513.06778,0.9659258262890683,0.25881904510252074,17.56,71.3,0.4400000000000013,0.0,22226.22517
16932.64463,11155.66265,28088.30728,0.7071067811865475,0.7071067811865476,13.62,86.3,4.380000000000001,0.0,21606.15385
18762.52546,17216.0,35978.525460000004,-0.8660254037844384,-0.5000000000000004,13.76,87.0,4.24,0.0,31825.70506
22394.59957,11322.92917,33717.528739999994,0.0,1.0,15.98,71.4,2.0199999999999996,0.0,27005.32319
17315.7339,17081.37931,34397.113209999996,1.0,6.123233995736766e-17,26.02,88.1,0.0,2.0199999999999996,23327.68036
17498.5447,15756.15935,33254.70405,-0.7071067811865471,-0.7071067811865479,26.72,41.28,0.0,2.719999999999999,30998.23009
23249.84161,22516.36364,45766.20525,-0.25881904510252157,0.9659258262890681,24.53,87.7,0.0,0.5300000000000011,37276.98113
19114.46029,17541.81818,36656.27847,-0.8660254037844384,-0.5000000000000004,20.81,47.58,0.0,0.0,32203.91819
22236.17464,17280.0,39516.17464,-0.5000000000000004,0.8660254037844384,20.17,83.0,0.0,0.0,38261.9469
12720.74303,10278.21862,22998.961649999997,1.0,6.123233995736766e-17,13.78,89.2,4.220000000000001,0.0,20786.36066
12109.42249,13719.79899,25829.22148,0.49999999999999994,0.8660254037844387,14.34,67.8,3.66,0.0,23735.59322
13586.15071,16145.45455,29731.60526,0.49999999999999994,0.8660254037844387,14.93,88.2,3.0700000000000003,0.0,24168.43918
13943.45114,12087.13846,26030.5896,1.0,6.123233995736766e-17,17.3,67.04,0.6999999999999993,0.0,23930.06623
13957.31707,13929.67742,27886.994489999997,0.49999999999999994,0.8660254037844387,11.43,84.2,6.57,0.0,23187.06383
13428.51324,15441.45455,28869.967790000002,0.49999999999999994,0.8660254037844387,17.03,64.33,0.9699999999999989,0.0,24218.0409
26432.82675,26428.91566,52861.74241,-0.8660254037844386,0.5000000000000001,12.59,64.27,5.41,0.0,43218.22785
15549.17355,12578.31325,28127.4868,0.7071067811865475,0.7071067811865476,13.9,86.7,4.1,0.0,21963.07692
13706.99088,14385.52764,28092.518519999998,0.9659258262890683,0.25881904510252074,13.28,66.66,4.720000000000001,0.0,22924.0678
18316.1157,10473.25301,28789.36871,0.25881904510252074,0.9659258262890683,17.45,54.45,0.5500000000000007,0.0,23193.84615
26994.42724,26852.79352,53847.22076,-0.8660254037844386,0.5000000000000001,25.44,53.27,0.0,1.4400000000000013,44229.2459
18999.3808,13257.32794,32256.70874,0.8660254037844387,-0.49999999999999983,18.5,77.7,0.0,0.0,28730.7541
20068.08511,14877.58794,34945.67305,0.49999999999999994,-0.8660254037844387,15.23,63.08,2.7699999999999996,0.0,32650.16949
21475.98784,15805.3012,37281.28904,0.49999999999999994,-0.8660254037844387,7.54,81.0,10.46,0.0,31266.83544
24939.93808,24573.27935,49513.217430000004,-0.9659258262890684,0.2588190451025203,21.74,58.51,0.0,0.0,41912.65574
25933.1307,27850.61307,53783.74377,-0.8660254037844386,0.5000000000000001,13.21,67.62,4.789999999999999,0.0,42559.32203
24196.96049,23821.50754,48018.46803,-0.5000000000000004,0.8660254037844384,13.85,67.82,4.15,0.0,39935.59322
17129.18073,9847.779112,26976.959842,0.49999999999999994,0.8660254037844387,10.64,82.4,7.359999999999999,0.0,21992.39544
11820.73171,14667.09677,26487.82848,0.49999999999999994,0.8660254037844387,14.91,78.5,3.09,0.0,24155.23404
11397.55601,12590.54545,23988.101459999998,0.9659258262890683,0.25881904510252074,14.59,90.2,3.41,0.0,21068.33154
19029.10603,13443.92237,32473.0284,0.8660254037844387,-0.49999999999999983,22.46,88.3,0.0,0.0,30297.34513
25739.24051,33385.1046,59124.345109999995,0.0,1.0,26.38,48.92,0.0,2.379999999999999,37615.41528
23198.73418,29998.99582,53197.729999999996,0.0,1.0,23.63,84.8,0.0,0.0,36256.74419
31180.16529,24480.0,55660.165290000004,-0.9659258262890683,-0.25881904510252063,20.48,75.0,0.0,0.0,37058.46154
13623.52941,10593.03644,24216.56585,0.9659258262890683,0.25881904510252074,15.52,90.3,2.4800000000000004,0.0,21806.16393
15712.80992,11109.39759,26822.20751,0.8660254037844386,0.5000000000000001,12.92,83.7,5.08,0.0,23304.61538
13952.74949,12381.09091,26333.8404,1.0,6.123233995736766e-17,14.11,88.5,3.8900000000000006,0.0,23263.20775
15208.31601,18177.96923,33386.28524,0.8660254037844387,-0.49999999999999983,20.99,86.4,0.0,0.0,27261.45695
23239.08524,15826.762,39065.84724,0.258819045102521,-0.9659258262890682,24.77,73.5,0.0,0.7699999999999996,35866.19469
16274.6888,11169.84802,27444.53682,0.7071067811865475,0.7071067811865476,18.85,89.1,0.0,0.0,25554.48578
18951.82571,10101.32053,29053.146240000002,0.25881904510252074,0.9659258262890683,13.4,85.6,4.6,0.0,22813.68821
27836.75974,10763.98559,38600.745330000005,-0.2588190451025208,-0.9659258262890683,15.88,55.76,2.119999999999999,0.0,34482.12928
22081.45897,17002.40964,39083.868610000005,0.258819045102521,-0.9659258262890682,10.46,68.25,7.539999999999999,0.0,34335.18987
13207.29483,13717.59036,26924.88519,0.7071067811865475,0.7071067811865476,14.5,79.2,3.5,0.0,21940.25316
25993.90244,25043.22581,51037.12825,-0.9659258262890684,0.2588190451025203,17.88,56.94,0.120000000000001,0.0,42734.29787
33023.65145,17110.75988,50134.41133,-0.9659258262890684,0.2588190451025203,20.25,80.5,0.0,0.0,40553.17287
14555.6962,18346.44351,32902.13971,1.0,6.123233995736766e-17,22.58,56.69,0.0,0.0,22823.12292
25510.97561,24538.06452,50049.04013,-0.7071067811865477,0.7071067811865474,15.75,76.2,2.25,0.0,42458.55319
25510.0304,26166.03015,51676.060549999995,-0.8660254037844386,0.5000000000000001,13.23,53.91,4.77,0.0,43389.15254
17668.08511,17308.91566,34977.00077,0.0,1.0,11.27,67.46,6.73,0.0,27633.41772
13628.04878,13958.70968,27586.758459999997,0.49999999999999994,0.8660254037844387,15.66,58.59,2.34,0.0,23003.23404
21926.27291,27601.45455,49527.727459999995,-0.7071067811865477,0.7071067811865474,15.13,87.6,2.869999999999999,0.0,41863.85361
15709.77131,14343.87692,30053.64823,0.9659258262890683,0.25881904510252074,17.91,62.98,0.08999999999999986,0.0,25417.74834
26967.07317,25467.09677,52434.16994,-0.9659258262890684,0.2588190451025203,21.23,54.55,0.0,0.0,44572.59574
24828.48297,23424.77733,48253.2603,-0.25881904510252157,0.9659258262890681,18.59,88.3,0.0,0.0,40716.59016
19507.31707,14144.51613,33651.8332,0.7071067811865476,-0.7071067811865475,14.05,83.8,3.9499999999999993,0.0,29743.65957
20711.39241,25636.82008,46348.212490000005,0.49999999999999994,0.8660254037844387,23.13,88.6,0.0,0.0,30515.8804
25386.01824,25025.60804,50411.62628,-0.7071067811865477,0.7071067811865474,13.81,65.16,4.1899999999999995,0.0,41711.18644
23937.75934,12716.35258,36654.11192,-0.2588190451025208,-0.9659258262890683,23.06,63.11,0.0,0.0,36374.96718
23667.07317,24752.90323,48419.9764,-0.9659258262890684,0.2588190451025203,14.61,62.92,3.3900000000000006,0.0,41998.97872
18315.27495,23080.72727,41396.002219999995,-0.25881904510252157,0.9659258262890681,13.36,83.4,4.640000000000001,0.0,33146.35091
20350.10395,17332.95199,37683.055940000006,-0.25881904510252157,0.9659258262890681,20.29,86.6,0.0,0.0,35445.66372
15778.32817,15379.4332,31157.76137,0.7071067811865475,0.7071067811865476,15.76,87.4,2.24,0.0,25457.31148
18741.94538,8695.318127,27437.263507000003,1.0,6.123233995736766e-17,14.76,71.3,3.24,0.0,23677.56654
15326.14108,12780.54711,28106.68819,0.7071067811865475,0.7071067811865476,16.1,80.9,1.8999999999999986,0.0,26783.3698
32752.37803,16024.96999,48777.34802,-0.8660254037844386,0.5000000000000001,13.16,74.4,4.84,0.0,38795.43726
23037.08207,17442.09045,40479.17252,1.2246467991473532e-16,-1.0,14.22,68.31,3.7799999999999994,0.0,37214.23729
30318.50261,14935.89436,45254.39697,-0.5000000000000004,0.8660254037844384,11.14,73.1,6.859999999999999,0.0,35163.4981
20166.56535,16794.21687,36960.78222,-0.4999999999999998,-0.8660254037844388,18.7,46.91,0.0,0.0,33563.5443
22481.01266,29842.3431,52323.35576,0.25881904510252074,0.9659258262890683,25.15,57.15,0.0,1.1499999999999986,32537.9402
17262.5132,15558.62069,32821.13389,0.9659258262890683,-0.25881904510252063,20.16,62.59,0.0,0.0,26939.66704
20263.29114,18798.32636,39061.6175,0.9659258262890683,-0.25881904510252063,20.01,72.4,0.0,0.0,29380.46512
19564.73029,10422.85714,29987.58743,0.8660254037844387,-0.49999999999999983,18.39,90.8,0.0,0.0,29461.70678
20965.34954,16330.61307,37295.96261,-0.4999999999999998,-0.8660254037844388,19.06,46.83,0.0,0.0,33309.15254
19931.97556,17256.72727,37188.702829999995,0.49999999999999994,-0.8660254037844387,18.22,76.8,0.0,0.0,33474.96233
21105.09165,27979.63636,49084.72801,-0.7071067811865477,0.7071067811865474,14.32,82.7,3.6799999999999997,0.0,41392.63724
22610.52632,18154.49393,40765.02025,-0.8660254037844384,-0.5000000000000004,20.19,57.72,0.0,0.0,35088.78689
16966.19145,17623.27273,34589.464179999995,-0.9659258262890683,-0.25881904510252063,16.09,83.2,1.9100000000000001,0.0,32030.31216
21005.47112,15620.24096,36625.71208,-0.8660254037844384,-0.5000000000000004,15.32,67.28,2.6799999999999997,0.0,31406.58228
19566.20908,20680.62696,40246.83604,0.8660254037844386,0.5000000000000001,25.29,91.8,0.0,1.2899999999999991,28857.53607
22725.69659,18259.4332,40985.12979,-0.8660254037844384,-0.5000000000000004,20.05,59.06,0.0,0.0,34937.70492
11316.90428,13416.72727,24733.63155,0.9659258262890683,0.25881904510252074,14.62,90.0,3.380000000000001,0.0,21117.93326
17616.94215,11398.55422,29015.49637,0.49999999999999994,0.8660254037844387,13.46,77.5,4.539999999999999,0.0,22584.61538
22496.26556,11432.46201,33928.72757,0.7071067811865476,-0.7071067811865475,23.23,48.09,0.0,0.0,34786.8709
25735.13514,28794.09231,54529.22745,-0.7071067811865477,0.7071067811865474,21.15,81.9,0.0,0.0,43689.53642
33102.89256,16186.98795,49289.88051,-1.0,-1.8369701987210297e-16,16.73,55.09,1.2699999999999996,0.0,38541.53846
13538.0805,11041.94332,24580.023820000002,0.9659258262890683,0.25881904510252074,17.3,84.5,0.6999999999999993,0.0,21227.01639
15859.06314,18100.36364,33959.42678,-0.8660254037844384,-0.5000000000000004,21.22,52.25,0.0,0.0,30815.06997
31592.97521,18407.71084,50000.686050000004,-0.9659258262890683,-0.25881904510252063,20.36,72.7,0.0,0.0,37821.53846
31618.28782,15166.38655,46784.67437,-0.7071067811865477,0.7071067811865474,16.13,72.0,1.870000000000001,0.0,37134.60076
22314.67793,20788.96552,43103.64345,-0.8660254037844384,-0.5000000000000004,26.98,70.2,0.0,2.9800000000000004,35742.6859
20529.53157,27415.27273,47944.8043,-0.7071067811865477,0.7071067811865474,14.35,82.7,3.6500000000000004,0.0,40084.39182
23885.47718,13346.62614,37232.10332,0.258819045102521,-0.9659258262890682,25.81,41.59,0.0,1.8099999999999987,38032.38512
19830.37975,24498.07531,44328.45506,0.7071067811865475,0.7071067811865476,27.65,27.18,0.0,3.6499999999999986,29189.10299
15745.41752,15848.72727,31594.14479,0.8660254037844386,0.5000000000000001,15.76,91.5,2.24,0.0,22376.57696
20450.82645,11433.25301,31884.07946,0.0,1.0,12.02,82.1,5.98,0.0,26215.38462
18718.5336,17920.0,36638.533599999995,0.49999999999999994,-0.8660254037844387,14.19,89.9,3.8100000000000005,0.0,33710.57051
21431.36456,27374.54545,48805.91001000001,-0.7071067811865477,0.7071067811865474,14.6,86.4,3.4000000000000004,0.0,41014.42411
22660.58091,12611.30699,35271.8879,-0.7071067811865471,-0.7071067811865479,27.35,41.15,0.0,3.3500000000000014,35637.63676
25480.66528,27955.2,53435.86528,-0.8660254037844386,0.5000000000000001,21.16,80.4,0.0,0.0,43257.21854
9131.97556,11159.27273,20291.248290000003,0.9659258262890683,-0.25881904510252063,14.47,91.1,3.5299999999999994,0.0,20448.31001
25822.64498,9801.680672,35624.325652,-0.7071067811865471,-0.7071067811865479,17.1,45.43,0.8999999999999986,0.0,30594.67681
13809.77597,15941.81818,29751.59415,0.8660254037844386,0.5000000000000001,13.72,84.8,4.279999999999999,0.0,24962.06674
22438.25364,21757.38509,44195.63873,-0.9659258262890684,0.2588190451025203,24.6,51.38,0.0,0.6000000000000014,39529.9115
13037.83784,10887.87692,23925.714760000003,0.9659258262890683,-0.25881904510252063,19.92,85.2,0.0,0.0,23599.4702
21856.61157,18748.91566,40605.52723,-0.4999999999999998,-0.8660254037844388,19.83,67.11,0.0,0.0,29858.46154
20535.36585,15625.16129,36160.52714,-0.4999999999999998,-0.8660254037844388,21.21,45.33,0.0,0.0,32856.51064
21664.55696,23208.70293,44873.25989,0.49999999999999994,-0.8660254037844387,28.59,61.61,0.0,4.59,39975.54817
14739.20973,15485.42714,30224.636870000002,0.25881904510252074,0.9659258262890683,9.08,62.44,8.92,0.0,24565.42373
16596.6736,20168.86154,36765.53514,0.49999999999999994,0.8660254037844387,20.25,89.5,0.0,0.0,26434.96689
31577.7846,15817.52701,47395.31161,-0.9659258262890683,-0.25881904510252063,14.94,78.7,3.0600000000000005,0.0,37888.97338
20398.7526,19436.30769,39835.06029,0.7071067811865475,0.7071067811865476,20.46,88.3,0.0,0.0,31114.17219
23462.32179,28258.90909,51721.23088,-0.9659258262890684,0.2588190451025203,15.75,82.5,2.25,0.0,43413.90743
15632.82675,11074.6988,26707.52555,0.9659258262890683,-0.25881904510252063,9.23,81.5,8.77,0.0,22687.59494
13723.17073,14237.41935,27960.59008,0.49999999999999994,0.8660254037844387,10.34,84.9,7.66,0.0,22990.97872
26279.25311,18429.66565,44708.91876,-1.0,-1.8369701987210297e-16,25.62,58.35,0.0,1.620000000000001,43849.10284
18123.23651,9693.37386,27816.61037,0.9659258262890683,-0.25881904510252063,18.46,93.1,0.0,0.0,27300.13129
20780.45738,16685.76098,37466.21836,-0.25881904510252157,0.9659258262890681,21.71,67.26,0.0,0.0,34164.95575
20881.49688,16679.87743,37561.37431,-0.5000000000000004,0.8660254037844384,21.0,78.2,0.0,0.0,36401.41593
25495.44073,25262.95477,50758.3955,-0.9659258262890684,0.2588190451025203,11.16,58.02,6.84,0.0,43498.98305
12937.27088,15156.36364,28093.63452,0.9659258262890683,0.25881904510252074,15.52,86.4,2.4800000000000004,0.0,23455.41442
24713.51351,25184.49231,49898.005820000006,0.25881904510252074,0.9659258262890683,17.44,66.76,0.5599999999999987,0.0,40256.42384
32449.41922,34608.15047,67057.56969,-0.5000000000000004,0.8660254037844384,28.83,53.52,0.0,4.829999999999998,43995.91565
22026.38846,9749.819928,31776.208388,0.258819045102521,-0.9659258262890682,9.37,84.9,8.63,0.0,29384.03042
19983.36798,19861.66154,39845.02952,0.7071067811865475,0.7071067811865476,18.58,60.54,0.0,0.0,31444.76821
26187.94179,19215.68948,45403.63127,-0.7071067811865477,0.7071067811865474,22.88,82.8,0.0,0.0,43480.35398
15453.65854,15851.6129,31305.27144,0.25881904510252074,0.9659258262890683,13.5,85.8,4.5,0.0,25374.6383
19921.51899,27022.59414,46944.11313,0.7071067811865476,-0.7071067811865475,27.25,40.25,0.0,3.25,29233.75415
17660.16598,10247.78116,27907.947140000004,0.8660254037844386,0.5000000000000001,13.9,86.5,4.1,0.0,22958.0744
18821.18126,18461.09091,37282.27217,0.49999999999999994,-0.8660254037844387,14.19,90.0,3.8100000000000005,0.0,34175.58665
24470.11616,25272.97806,49743.09422,-0.8660254037844384,-0.5000000000000004,29.63,44.32,0.0,5.629999999999999,37500.73252
27644.35058,27253.16614,54897.51672,-1.0,-1.8369701987210297e-16,28.27,74.6,0.0,4.27,39156.49279
19665.56017,11870.15198,31535.71215,0.9659258262890683,0.25881904510252074,17.41,72.9,0.5899999999999999,0.0,24382.31947
18059.50413,10398.07229,28457.57642,0.49999999999999994,0.8660254037844387,15.7,81.8,2.3000000000000007,0.0,23163.07692
16338.17427,12097.75076,28435.92503,0.49999999999999994,0.8660254037844387,17.49,93.0,0.5100000000000016,0.0,25245.68928
25796.8321,21565.39185,47362.22395,-0.5000000000000004,0.8660254037844384,22.85,70.3,0.0,0.0,44437.02553
23896.90089,8764.465786,32661.366676,0.49999999999999994,-0.8660254037844387,11.58,74.5,6.42,0.0,30387.8327
20118.29268,19968.3871,40086.67978,-0.25881904510252157,0.9659258262890681,12.39,82.2,5.609999999999999,0.0,33346.7234
22730.57851,12965.78313,35696.36164,-0.9659258262890683,-0.25881904510252063,21.01,73.9,0.0,0.0,28049.23077
24036.74762,28523.1348,52559.882419999994,0.0,1.0,24.77,84.6,0.0,0.7699999999999996,35876.93674
27815.80042,28894.52308,56710.3235,-0.7071067811865477,0.7071067811865474,23.63,45.53,0.0,0.0,47033.64238
16956.12151,9588.47539,26544.5969,0.49999999999999994,0.8660254037844387,13.46,71.3,4.539999999999999,0.0,21542.20532
26596.6805,19054.10334,45650.783840000004,-0.7071067811865477,0.7071067811865474,22.32,60.62,0.0,0.0,44397.37418
30495.45935,33699.31034,64194.76969,-0.5000000000000004,0.8660254037844384,22.29,64.45,0.0,0.0,45306.45949
15728.04878,15207.09677,30935.14555,0.25881904510252074,0.9659258262890683,11.08,87.3,6.92,0.0,25429.78723
26301.26582,31408.87029,57710.13611,0.0,1.0,23.96,67.02,0.0,0.0,38246.9103
23815.89445,11449.69988,35265.59433,-0.8660254037844384,-0.5000000000000004,15.86,60.49,2.1400000000000006,0.0,29213.68821
14155.6231,13931.56627,28087.18937,0.9659258262890683,0.25881904510252074,6.865,77.3,11.135,0.0,22778.73418
15570.82067,16557.10843,32127.9291,0.25881904510252074,0.9659258262890683,16.34,59.45,1.6600000000000001,0.0,26065.82278
13306.09756,13889.03226,27195.129820000002,0.8660254037844386,0.5000000000000001,9.19,87.9,8.81,0.0,22500.76596
15469.96904,14883.88664,30353.85568,0.7071067811865475,0.7071067811865476,18.56,84.8,0.0,0.0,25746.88525
18740.95634,18934.15385,37675.11019,-0.7071067811865471,-0.7071067811865479,22.33,58.26,0.0,0.0,35907.81457
26481.74287,13714.28571,40196.02858,-0.25881904510252157,0.9659258262890681,9.25,71.9,8.75,0.0,31081.36882
23355.63056,10424.0096,33779.64016,-0.4999999999999998,-0.8660254037844388,16.21,59.5,1.7899999999999991,0.0,28751.3308
18835.25836,18067.29648,36902.55484,0.258819045102521,-0.9659258262890682,13.92,71.0,4.08,0.0,30368.13559
23106.38298,23873.60804,46979.99102,-0.5000000000000004,0.8660254037844384,13.18,57.74,4.82,0.0,38385.76271
16508.20669,17065.80905,33574.01574,0.0,1.0,14.23,53.07,3.7699999999999996,0.0,26969.49153
13802.44399,16552.72727,30355.17126,0.25881904510252074,0.9659258262890683,15.04,88.2,2.960000000000001,0.0,24490.85038
18710.12658,25703.09623,44413.22281,0.7071067811865475,0.7071067811865476,25.21,85.9,0.0,1.2100000000000009,30809.30233
17369.62025,15858.07531,33227.69556,0.9659258262890683,-0.25881904510252063,24.03,83.8,0.0,0.030000000000001137,25878.53821
17895.2183,16026.80286,33922.021160000004,0.25881904510252074,0.9659258262890683,23.2,69.16,0.0,0.0,29418.0531
13703.46232,12090.18182,25793.64414,1.0,6.123233995736766e-17,14.22,89.5,3.7799999999999994,0.0,23846.02799
21251.97505,13785.16854,35037.14359,-0.2588190451025208,-0.9659258262890683,30.17,29.88,0.0,6.170000000000002,34974.15929
15279.41788,18792.36923,34071.787110000005,0.8660254037844386,0.5000000000000001,20.82,89.3,0.0,0.0,24654.83444
19911.2462,16023.79899,35935.045190000004,0.258819045102521,-0.9659258262890682,10.84,53.26,7.16,0.0,33071.18644
11548.44075,13038.27692,24586.717669999998,0.7071067811865476,-0.7071067811865475,20.82,80.1,0.0,0.0,24108.07947
25902.07469,18382.97872,44285.05341,-0.7071067811865477,0.7071067811865474,21.5,68.96,0.0,0.0,43111.77243
17966.56347,17454.89879,35421.46226,-0.8660254037844384,-0.5000000000000004,20.89,60.79,0.0,0.0,31462.81967
22496.34146,17367.09677,39863.43823,-0.7071067811865471,-0.7071067811865479,16.47,67.02,1.5300000000000011,0.0,36079.65957
28370.43295,26217.93103,54588.363979999995,-0.7071067811865471,-0.7071067811865479,29.13,42.58,0.0,5.129999999999999,41074.36182
26472.34927,27494.4,53966.74927,-0.25881904510252157,0.9659258262890681,21.05,81.7,0.0,0.0,43714.96689
15848.23285,18851.44615,34699.679000000004,0.8660254037844386,0.5000000000000001,21.3,81.4,0.0,0.0,25805.56291
22511.39241,27341.92469,49853.3171,0.25881904510252074,0.9659258262890683,26.27,34.05,0.0,2.2699999999999996,32837.74086
21898.75519,11940.18237,33838.93756,0.49999999999999994,-0.8660254037844387,26.15,34.68,0.0,2.1499999999999986,35322.53829
14494.83283,11525.78313,26020.61596,0.9659258262890683,-0.25881904510252063,14.97,63.73,3.0299999999999994,0.0,22651.13924
15841.48607,15461.05263,31302.5387,0.8660254037844386,0.5000000000000001,17.43,86.2,0.5700000000000003,0.0,25306.22951
22929.46058,12978.96657,35908.42715,-0.2588190451025208,-0.9659258262890683,20.9,76.0,0.0,0.0,35618.73085
21308.20669,15961.44578,37269.65247,-0.4999999999999998,-0.8660254037844388,15.77,63.21,2.2300000000000004,0.0,32050.63291
19554.37882,25268.36364,44822.74246,-0.25881904510252157,0.9659258262890681,15.68,77.1,2.3200000000000003,0.0,36023.25081
23605.06329,30619.58159,54224.64488,-0.25881904510252157,0.9659258262890681,23.38,67.28,0.0,0.0,37073.22259
14201.6632,12081.23077,26282.89397,1.0,6.123233995736766e-17,17.68,67.18,0.3200000000000003,0.0,23841.0596
24683.09572,27909.81818,52592.9139,-0.8660254037844386,0.5000000000000001,17.63,64.3,0.370000000000001,0.0,44963.96125
11012.19512,10050.96774,21063.16286,0.8660254037844387,-0.49999999999999983,16.41,56.81,1.5899999999999999,0.0,20282.55319
13831.57895,11444.21053,25275.78948,0.9659258262890683,0.25881904510252074,17.64,81.8,0.35999999999999943,0.0,21415.86885
22044.79902,8193.997599,30238.796619,0.7071067811865476,-0.7071067811865475,15.7,63.82,2.3000000000000007,0.0,29225.85551
12310.97561,13865.80645,26176.782059999998,0.8660254037844386,0.5000000000000001,14.27,88.2,3.7300000000000004,0.0,22200.51064
33898.76033,16568.6747,50467.43502999999,-0.9659258262890684,0.2588190451025203,15.05,77.3,2.9499999999999993,0.0,39987.69231
19605.70265,17774.54545,37380.2481,-0.4999999999999998,-0.8660254037844388,13.69,86.8,4.3100000000000005,0.0,32960.34446
16834.17722,18244.01674,35078.193960000004,1.0,6.123233995736766e-17,22.32,54.63,0.0,0.0,26146.44518
15540.1222,16203.63636,31743.758560000002,0.25881904510252074,0.9659258262890683,15.77,90.0,2.2300000000000004,0.0,21644.95156
14425.53191,14446.26506,28871.79697,1.0,6.123233995736766e-17,9.23,66.61,8.77,0.0,23793.41772
21454.05405,18177.96923,39632.023279999994,-0.4999999999999998,-0.8660254037844388,22.47,73.0,0.0,0.0,28621.98675
25267.35967,20057.03779,45324.39746,-0.9659258262890684,0.2588190451025203,22.4,76.3,0.0,0.0,44952.21239
15162.31003,15539.27711,30701.587140000003,0.25881904510252074,0.9659258262890683,10.81,68.39,7.1899999999999995,0.0,24765.56962
12240.72948,10953.25301,23193.982490000002,0.8660254037844387,-0.49999999999999983,12.4,69.58,5.6,0.0,20567.08861
25185.03119,25113.6,50298.63119,-0.25881904510252157,0.9659258262890681,20.43,87.1,0.0,0.0,41171.92053
25444.3769,25769.63855,51214.01545,-0.9659258262890684,0.2588190451025203,14.8,63.05,3.1999999999999993,0.0,43139.24051
19597.56839,18916.62651,38514.1949,1.2246467991473532e-16,-1.0,15.15,60.87,2.8499999999999996,0.0,29990.88608
15986.37771,11496.68016,27483.05787,0.9659258262890683,-0.25881904510252063,16.81,89.6,1.1900000000000013,0.0,25293.63934
20536.86354,18897.45455,39434.31809,-0.4999999999999998,-0.8660254037844388,16.3,74.8,1.6999999999999993,0.0,33828.3746
14268.02444,16773.81818,31041.842619999996,0.25881904510252074,0.9659258262890683,12.79,86.5,5.210000000000001,0.0,25265.87729
20662.61398,20131.08434,40793.698319999996,-0.25881904510252157,0.9659258262890681,10.87,52.79,7.130000000000001,0.0,31212.1519
27975.0792,27433.73041,55408.80961,-0.9659258262890683,-0.25881904510252063,27.49,69.67,0.0,3.4899999999999984,39629.56715
23725.57173,14320.57201,38046.14374,-0.4999999999999998,-0.8660254037844388,24.03,75.9,0.0,0.030000000000001137,37554.69027
16690.2439,16954.83871,33645.08261,0.0,1.0,10.85,90.2,7.15,0.0,27439.65957
17788.44985,16649.00503,34437.454880000005,-0.7071067811865471,-0.7071067811865479,18.56,51.9,0.0,0.0,31350.50847
20896.4657,16373.93258,37270.39828,-0.8660254037844384,-0.5000000000000004,26.66,66.02,0.0,2.66,31380.53097
21871.4876,8576.385542,30447.873142,0.7071067811865476,-0.7071067811865475,17.62,55.29,0.379999999999999,0.0,26738.46154
15001.82371,14284.33735,29286.16106,0.49999999999999994,-0.8660254037844387,15.31,51.25,2.6899999999999995,0.0,26946.83544
27479.63526,25948.91566,53428.550919999994,-0.8660254037844386,0.5000000000000001,12.7,65.21,5.300000000000001,0.0,44384.81013
27554.13223,11259.75904,38813.89127,-0.8660254037844384,-0.5000000000000004,18.71,64.02,0.0,0.0,32584.61538
14075.37994,14827.95181,28903.33175,0.49999999999999994,-0.8660254037844387,14.39,64.47,3.6099999999999994,0.0,29043.03797
15627.87751,14505.32915,30133.20666,1.0,6.123233995736766e-17,20.68,62.12,0.0,0.0,24804.43951
20694.50102,18461.09091,39155.591929999995,-0.4999999999999998,-0.8660254037844388,20.2,62.9,0.0,0.0,34609.60172
25495.6341,23316.52707,48812.16117,-0.8660254037844386,0.5000000000000001,23.19,67.56,0.0,0.0,40957.16814
26294.22492,24613.01205,50907.23697,-0.7071067811865477,0.7071067811865474,10.8,63.04,7.199999999999999,0.0,41571.64557
26522.60062,24993.03644,51515.63706,-0.9659258262890684,0.2588190451025203,19.43,81.0,0.0,0.0,44292.19672
27931.80873,20839.55056,48771.35929,-0.8660254037844386,0.5000000000000001,22.6,84.1,0.0,0.0,46761.76991
20903.34347,16151.15578,37054.49925,-0.7071067811865471,-0.7071067811865479,17.58,55.97,0.4200000000000017,0.0,34273.22034
25771.09543,9738.295318,35509.390748000005,-0.2588190451025208,-0.9659258262890683,16.76,54.67,1.2399999999999984,0.0,31762.73764
16319.75052,13343.90194,29663.652459999998,0.25881904510252074,0.9659258262890683,21.02,59.15,0.0,0.0,27888.84956
21089.3617,20524.33735,41613.69905,-0.25881904510252157,0.9659258262890681,10.8,61.6,7.199999999999999,0.0,32773.67089
24200.8316,14697.11951,38897.95111,-0.7071067811865471,-0.7071067811865479,26.53,43.88,0.0,2.530000000000001,38109.02655
27662.37006,27204.92308,54867.29314,-0.9659258262890684,0.2588190451025203,21.71,73.6,0.0,0.0,47415.09934
24687.31809,26897.72308,51585.04117,-0.7071067811865477,0.7071067811865474,20.67,83.5,0.0,0.0,41998.4106
13160.89613,15965.09091,29125.98704,0.25881904510252074,0.9659258262890683,15.3,77.4,2.6999999999999993,0.0,24174.6394
25767.07317,25844.51613,51611.5893,-0.8660254037844386,0.5000000000000001,13.08,62.22,4.92,0.0,43089.70213
25853.16456,27709.45607,53562.620630000005,-0.8660254037844384,-0.5000000000000004,29.53,60.03,0.0,5.530000000000001,38661.52824
17719.14894,16226.41206,33945.561,0.258819045102521,-0.9659258262890682,13.9,70.4,4.1,0.0,30313.22034
21622.45322,16668.11032,38290.56354,-1.0,-1.8369701987210297e-16,25.48,65.25,0.0,1.4800000000000004,35139.82301
13090.22869,11118.27692,24208.50561,1.0,6.123233995736766e-17,16.37,67.43,1.629999999999999,0.0,20700.39735
13285.53971,15581.09091,28866.63062,0.9659258262890683,0.25881904510252074,15.09,80.4,2.91,0.0,23821.22713
20440.5491,22239.49843,42680.047529999996,0.7071067811865475,0.7071067811865476,23.46,48.98,0.0,0.0,29573.54051
21745.64315,12803.89058,34549.533729999996,-0.8660254037844384,-0.5000000000000004,25.26,51.26,0.0,1.2600000000000016,34118.86214
25724.05063,30728.03347,56452.0841,-0.25881904510252157,0.9659258262890681,23.61,83.1,0.0,0.0,39222.85714
28223.55372,17453.49398,45677.047699999996,-0.5000000000000004,0.8660254037844384,15.84,87.8,2.16,0.0,34073.84615
21358.26446,15545.06024,36903.3247,0.7071067811865476,-0.7071067811865475,18.02,79.7,0.0,0.0,28504.61538
22906.02911,16291.56282,39197.591929999995,1.2246467991473532e-16,-1.0,23.65,85.4,0.0,0.0,37280.70796
27494.22492,25734.93976,53229.16468,-0.9659258262890684,0.2588190451025203,11.07,70.4,6.93,0.0,43825.82278
15061.30031,11485.02024,26546.32055,0.9659258262890683,-0.25881904510252063,16.51,92.1,1.4899999999999984,0.0,25004.06557
14023.17073,10126.45161,24149.62234,0.9659258262890683,-0.25881904510252063,9.7,90.5,8.3,0.0,22365.95745
22470.12448,13060.66869,35530.79317,-0.4999999999999998,-0.8660254037844388,29.92,30.64,0.0,5.920000000000002,35587.22101
15057.65576,14318.74608,29376.40184,1.0,6.123233995736766e-17,23.74,83.2,0.0,0.0,23577.00333
23671.8057,22570.53292,46242.33862,-0.8660254037844384,-0.5000000000000004,26.49,71.4,0.0,2.4899999999999984,36867.83574
15997.921,10054.99489,26052.91589,1.0,6.123233995736766e-17,18.49,90.0,0.0,0.0,25977.34513
17806.61157,11664.57831,29471.18988,0.49999999999999994,0.8660254037844387,19.2,74.9,0.0,0.0,22430.76923
21900.0,15143.22581,37043.22581,0.49999999999999994,-0.8660254037844387,12.83,89.2,5.17,0.0,31385.87234
16440.62596,9502.040816,25942.666776000002,0.49999999999999994,0.8660254037844387,10.21,84.3,7.789999999999999,0.0,21213.68821
25763.73121,10262.66507,36026.39628,-0.7071067811865471,-0.7071067811865479,16.32,69.59,1.6799999999999997,0.0,30120.15209
16962.19641,15540.56426,32502.76067,0.8660254037844386,0.5000000000000001,24.44,92.6,0.0,0.4400000000000013,22554.13984
34081.62013,16336.13445,50417.75458,-1.0,-1.8369701987210297e-16,12.83,65.12,5.17,0.0,40833.46008
18920.58212,15038.36568,33958.9478,-0.8660254037844384,-0.5000000000000004,23.08,48.99,0.0,0.0,35229.02655
22333.47193,25060.43077,47393.9027,0.0,1.0,19.39,66.76,0.0,0.0,40472.58278
18123.49272,12128.49231,30251.985029999996,0.8660254037844387,-0.49999999999999983,20.07,52.55,0.0,0.0,24654.83444
16750.41322,10982.16867,27732.581889999998,0.7071067811865475,0.7071067811865476,15.09,88.2,2.91,0.0,21753.84615
12556.00815,15400.72727,27956.735419999997,0.7071067811865475,0.7071067811865476,16.01,86.8,1.9899999999999984,0.0,23436.81378
12472.76507,10722.46154,23195.226609999998,1.0,6.123233995736766e-17,19.81,84.7,0.0,0.0,23281.5894
21497.36008,22913.60502,44410.9651,0.7071067811865476,-0.7071067811865475,24.29,48.25,0.0,0.28999999999999915,31299.62264
13992.09979,14491.56923,28483.66902,0.9659258262890683,-0.25881904510252063,20.29,73.6,0.0,0.0,21762.11921
16024.54741,9519.327731,25543.875140999997,0.7071067811865475,0.7071067811865476,7.44,84.2,10.559999999999999,0.0,21207.60456
24044.58204,24783.15789,48827.739929999996,-0.5000000000000004,0.8660254037844384,17.38,68.83,0.620000000000001,0.0,39948.59016
22112.68191,16403.35036,38516.032269999996,-0.7071067811865471,-0.7071067811865479,26.11,65.79,0.0,2.1099999999999994,35872.56637
15414.24149,15222.02429,30636.26578,0.49999999999999994,0.8660254037844387,16.16,71.9,1.8399999999999999,0.0,24576.0
16848.15206,15305.83072,32153.98278,1.0,6.123233995736766e-17,20.39,76.0,0.0,0.0,26281.19867
24405.49102,22666.83386,47072.32488,-0.7071067811865471,-0.7071067811865479,26.78,68.26,0.0,2.780000000000001,38517.20311
14993.55631,8268.907563,23262.463873,1.0,6.123233995736766e-17,15.6,78.8,2.4000000000000004,0.0,20234.22053
24623.70062,24605.53846,49229.23908,0.49999999999999994,0.8660254037844387,16.42,77.9,1.5799999999999983,0.0,39366.35762
25163.52584,25181.90955,50345.43539,-0.8660254037844386,0.5000000000000001,10.59,80.6,7.41,0.0,42595.9322
13281.87373,15633.45455,28915.32828,0.7071067811865475,0.7071067811865476,14.98,86.4,3.0199999999999996,0.0,23523.61679
24462.78586,15173.68744,39636.4733,-0.7071067811865471,-0.7071067811865479,27.03,47.22,0.0,3.030000000000001,37503.71681
21380.80495,21267.69231,42648.497260000004,-0.25881904510252157,0.9659258262890681,20.95,67.08,0.0,0.0,33842.36066
14553.97149,15435.63636,29989.60785,0.25881904510252074,0.9659258262890683,14.5,64.43,3.5,0.0,24280.04306
21537.99392,17135.27638,38673.270300000004,-0.8660254037844384,-0.5000000000000004,15.11,72.1,2.8900000000000006,0.0,33608.13559
14634.05573,11135.22267,25769.2784,1.0,6.123233995736766e-17,17.14,69.09,0.8599999999999994,0.0,23593.96721
34821.72446,15800.2401,50621.96456,-1.0,-1.8369701987210297e-16,15.82,79.9,2.1799999999999997,0.0,40857.79468
14553.43035,16456.30235,31009.7327,0.49999999999999994,0.8660254037844387,20.13,57.12,0.0,0.0,28169.20354
22606.65281,18302.03077,40908.68358,-0.4999999999999998,-0.8660254037844388,22.6,78.9,0.0,0.0,35780.66225
33985.88524,15840.57623,49826.46147,-0.8660254037844386,0.5000000000000001,13.01,73.1,4.99,0.0,39178.70722
21540.12474,21415.38462,42955.50936,0.7071067811865475,0.7071067811865476,19.7,84.8,0.0,0.0,35081.3245
25063.14678,24622.94671,49686.09349,-0.8660254037844384,-0.5000000000000004,27.66,43.68,0.0,3.66,37980.19978
14804.158,12208.37589,27012.53389,0.7071067811865475,0.7071067811865476,18.49,87.9,0.0,0.0,26550.79646
20266.25387,17344.12955,37610.38342,-0.7071067811865471,-0.7071067811865479,21.77,57.56,0.0,0.0,32608.52459
13818.29268,13999.35484,27817.64752,0.9659258262890683,0.25881904510252074,10.52,88.7,7.48,0.0,22880.68085
14590.2439,15387.09677,29977.340669999998,0.25881904510252074,0.9659258262890683,11.42,90.6,6.58,0.0,24939.57447
20720.97264,15195.9799,35916.95254,0.49999999999999994,-0.8660254037844387,11.95,82.3,6.050000000000001,0.0,29501.69492
14148.32827,14018.31325,28166.641519999997,0.9659258262890683,0.25881904510252074,13.41,44.87,4.59,0.0,23173.67089
17465.85366,12663.87097,30129.72463,0.7071067811865476,-0.7071067811865475,9.77,85.6,8.23,0.0,30209.3617
21417.72152,29396.48536,50814.20688,0.49999999999999994,-0.8660254037844387,28.51,38.48,0.0,4.510000000000002,31313.22259
28532.50774,26322.26721,54854.774950000006,-0.8660254037844386,0.5000000000000001,18.05,70.1,0.0,0.0,47364.19672
22909.09091,11173.01205,34082.10296,-0.8660254037844384,-0.5000000000000004,21.29,65.54,0.0,0.0,29323.07692
16446.98545,13408.62104,29855.60649,0.25881904510252074,0.9659258262890683,21.16,89.5,0.0,0.0,28130.97345
14181.15502,14099.27711,28280.43213,0.9659258262890683,0.25881904510252074,8.09,88.8,9.91,0.0,21606.07595
18388.46272,6476.830732,24865.293451999998,0.9659258262890683,-0.25881904510252063,10.95,71.5,7.050000000000001,0.0,22552.09125
25750.63291,29330.20921,55080.84212,0.49999999999999994,-0.8660254037844387,30.59,54.39,0.0,6.59,36869.10299
28514.88912,26103.57367,54618.462790000005,-0.8660254037844386,0.5000000000000001,24.99,88.6,0.0,0.9899999999999984,47850.83241
18649.79253,8356.960486,27006.753016,0.9659258262890683,-0.25881904510252063,12.53,87.3,5.470000000000001,0.0,23348.7965
21964.55696,28317.99163,50282.548590000006,0.25881904510252074,0.9659258262890683,23.91,53.62,0.0,0.0,32027.6412
13681.45897,13422.6506,27104.10957,0.9659258262890683,-0.25881904510252063,11.88,50.18,6.119999999999999,0.0,21484.55696
25214.86068,24707.36842,49922.2291,-0.9659258262890684,0.2588190451025203,20.35,80.0,0.0,0.0,41925.2459
25558.50622,10994.77204,36553.27826,-0.4999999999999998,-0.8660254037844388,20.97,65.41,0.0,0.0,30797.72429
27224.31611,26833.73494,54058.051049999995,-0.8660254037844386,0.5000000000000001,11.96,70.1,6.039999999999999,0.0,44372.65823
15976.82927,11107.74194,27084.571210000002,0.8660254037844387,-0.49999999999999983,8.54,89.9,9.46,0.0,25466.55319
28032.91139,34650.37657,62683.28796,-0.9659258262890684,0.2588190451025203,28.34,65.03,0.0,4.34,43235.08306
21103.95137,21125.78313,42229.7345,-0.25881904510252157,0.9659258262890681,13.12,86.7,4.880000000000001,0.0,34365.56962
26627.8481,30776.23431,57404.08241,-0.8660254037844384,-0.5000000000000004,31.48,44.25,0.0,7.48,38049.16944
15785.47718,12774.71125,28560.188430000002,0.49999999999999994,0.8660254037844387,16.54,80.2,1.4600000000000009,0.0,27104.77024
18757.31707,23190.96774,41948.28481,-0.5000000000000004,0.8660254037844384,18.72,72.4,0.0,0.0,34609.02128
13236.58537,14295.48387,27532.06924,0.49999999999999994,0.8660254037844387,9.66,67.59,8.34,0.0,23554.7234
24875.37994,26362.85427,51238.234209999995,-0.9659258262890684,0.2588190451025203,12.78,85.8,5.220000000000001,0.0,42821.69492
23059.76769,22227.46082,45287.22851,0.8660254037844387,-0.49999999999999983,25.98,88.9,0.0,1.9800000000000004,33000.13319
30543.11138,15955.82233,46498.93371,-1.0,-1.8369701987210297e-16,15.37,68.09,2.630000000000001,0.0,37590.87452
24546.83544,30318.32636,54865.1618,-0.9659258262890683,-0.25881904510252063,27.6,68.61,0.0,3.6000000000000014,36671.36213
16679.00208,15354.09231,32033.09439,0.8660254037844386,0.5000000000000001,19.65,89.5,0.0,0.0,25672.05298
23272.76507,22697.35385,45970.11892,0.49999999999999994,0.8660254037844387,19.9,89.1,0.0,0.0,38018.54305
24713.31269,23331.49798,48044.81067,-0.9659258262890684,0.2588190451025203,20.09,62.8,0.0,0.0,40087.08197
26767.98337,31375.75385,58143.73722,-0.7071067811865477,0.7071067811865474,23.98,75.5,0.0,0.0,42691.39073
18304.95868,12717.10843,31022.06711,0.25881904510252074,0.9659258262890683,18.27,68.45,0.0,0.0,24104.61538
23665.14523,13264.92401,36930.06924,1.2246467991473532e-16,-1.0,23.45,62.0,0.0,0.0,36545.12035
12640.32587,15691.63636,28331.96223,0.49999999999999994,0.8660254037844387,16.19,85.3,1.8099999999999987,0.0,23660.02153
20260.29106,12326.04699,32586.33805,0.8660254037844387,-0.49999999999999983,21.02,64.25,0.0,0.0,31246.72566
19041.14053,26670.54545,45711.68598,-1.0,-1.8369701987210297e-16,14.39,90.0,3.6099999999999994,0.0,37883.31539
14497.2973,11183.26154,25680.558839999998,0.9659258262890683,-0.25881904510252063,17.96,67.69,0.03999999999999915,0.0,22836.55629
17693.77593,10452.03647,28145.8124,0.49999999999999994,0.8660254037844387,14.05,85.8,3.9499999999999993,0.0,22781.61926
12728.30957,14725.81818,27454.12775,0.9659258262890683,0.25881904510252074,16.12,84.5,1.879999999999999,0.0,26078.10549
22781.22123,11271.06843,34052.289659999995,0.258819045102521,-0.9659258262890682,7.76,92.7,10.24,0.0,32249.42966
28317.21225,26115.61129,54432.82354,-0.7071067811865471,-0.7071067811865479,30.1,43.55,0.0,6.100000000000001,41253.36293
24122.24532,10484.49438,34606.739700000006,0.49999999999999994,-0.8660254037844387,21.23,80.1,0.0,0.0,34993.27434
21185.47718,10708.81459,31894.291770000003,0.258819045102521,-0.9659258262890682,20.58,71.2,0.0,0.0,29203.32604
26896.04863,25558.19095,52454.23958,-0.9659258262890684,0.2588190451025203,12.42,71.1,5.58,0.0,42595.9322
14008.53659,14417.41935,28425.95594,0.9659258262890683,0.25881904510252074,12.28,73.9,5.720000000000001,0.0,24142.97872
17777.23228,9680.672269,27457.904549,0.49999999999999994,0.8660254037844387,12.53,48.16,5.470000000000001,0.0,22156.65399
25040.08264,12746.0241,37786.10674,-0.25881904510252157,0.9659258262890681,13.86,72.5,4.140000000000001,0.0,30000.0
15271.93347,12861.45046,28133.38393,0.25881904510252074,0.9659258262890683,20.99,79.4,0.0,0.0,26907.61062
20582.37082,19922.89157,40505.26239,-0.25881904510252157,0.9659258262890681,11.89,75.3,6.109999999999999,0.0,32840.50633
18097.2973,16403.35036,34500.64766,-0.4999999999999998,-0.8660254037844388,27.86,32.44,0.0,3.8599999999999994,32183.36283
19369.64657,14714.77017,34084.41674,1.2246467991473532e-16,-1.0,23.86,65.19,0.0,0.0,34604.60177
18702.07469,8602.066869,27304.141559000003,0.9659258262890683,-0.25881904510252063,18.83,84.7,0.0,0.0,23134.52954
13836.09959,11870.15198,25706.25157,0.9659258262890683,0.25881904510252074,17.97,86.9,0.030000000000001137,0.0,24836.06127
16992.94262,9842.016807,26834.959427,0.49999999999999994,0.8660254037844387,6.386,83.2,11.614,0.0,20599.23954
18938.96515,16924.89028,35863.855429999996,0.9659258262890683,-0.25881904510252063,22.35,75.1,0.0,0.0,28058.42397
10755.09356,11065.10769,21820.20125,0.9659258262890683,-0.25881904510252063,20.47,59.15,0.0,0.0,21806.62252
26212.0332,18219.57447,44431.60767,-0.7071067811865477,0.7071067811865474,19.55,84.2,0.0,0.0,42626.52079
14760.37152,15251.17409,30011.54561,0.49999999999999994,0.8660254037844387,15.16,80.2,2.84,0.0,24437.5082
11048.91641,10330.68826,21379.60467,0.9659258262890683,0.25881904510252074,19.01,60.77,0.0,0.0,19212.59016
24515.70248,13283.85542,37799.5579,-0.25881904510252157,0.9659258262890681,16.18,56.1,1.8200000000000003,0.0,30030.76923
23242.82744,15144.26966,38387.0971,-0.9659258262890683,-0.25881904510252063,22.99,75.9,0.0,0.0,38344.77876
24956.75676,25113.6,50070.356759999995,0.49999999999999994,0.8660254037844387,17.32,78.6,0.6799999999999997,0.0,40218.27815
13696.04863,14827.95181,28524.00044,0.49999999999999994,0.8660254037844387,12.4,71.2,5.6,0.0,21824.81013
19014.99472,19807.89969,38822.89440999999,0.8660254037844386,0.5000000000000001,25.19,92.2,0.0,1.1900000000000013,28077.60266
24421.51899,29486.86192,53908.38091,-0.25881904510252157,0.9659258262890681,23.26,83.0,0.0,0.0,37194.4186
25715.85366,24770.32258,50486.17624,-0.9659258262890684,0.2588190451025203,17.48,67.59,0.5199999999999996,0.0,43304.17021
14312.01629,15581.09091,29893.1072,0.7071067811865476,-0.7071067811865475,16.8,81.6,1.1999999999999993,0.0,26226.91066
17049.48025,10655.11747,27704.597719999998,0.9659258262890683,-0.25881904510252063,20.42,68.59,0.0,0.0,26582.65487
26790.87137,12144.43769,38935.30906,0.258819045102521,-0.9659258262890682,19.77,66.21,0.0,0.0,32316.49891
27546.83544,30161.67364,57708.50908,-0.7071067811865471,-0.7071067811865479,31.52,40.52,0.0,7.52,39822.45847
14305.16717,14932.04819,29237.215360000002,0.25881904510252074,0.9659258262890683,14.45,79.3,3.5500000000000007,0.0,23908.86076
18536.00845,17081.37931,35617.38776,0.9659258262890683,0.25881904510252074,23.53,59.82,0.0,0.0,24925.90455
16784.81013,16412.38494,33197.19507,1.0,6.123233995736766e-17,24.46,53.82,0.0,0.46000000000000085,25400.13289
20295.79626,7727.2509,28023.04716,0.8660254037844387,-0.49999999999999983,18.47,49.7,0.0,0.0,25545.24715
20119.05492,10931.09244,31050.14736,0.0,1.0,15.34,72.9,2.66,0.0,24949.04943
18064.43694,7006.962785,25071.399725,0.9659258262890683,-0.25881904510252063,12.51,78.5,5.49,0.0,22253.9924
26290.27309,8787.515006,35077.788096,0.258819045102521,-0.9659258262890682,10.89,66.28,7.109999999999999,0.0,31647.14829
25600.4158,22622.26762,48222.68342,-0.7071067811865477,0.7071067811865474,23.24,64.95,0.0,0.0,42919.64602
22269.85447,17091.72625,39361.58072,-0.5000000000000004,0.8660254037844384,22.39,85.0,0.0,0.0,37580.17699
14725.60976,15967.74194,30693.3517,0.9659258262890683,0.25881904510252074,14.42,82.0,3.58,0.0,24204.25532
27961.74636,28138.33846,56100.084820000004,-0.9659258262890684,0.2588190451025203,21.63,74.4,0.0,0.0,48737.48344
19783.58663,14061.34673,33844.93336,0.49999999999999994,-0.8660254037844387,13.34,63.77,4.66,0.0,31234.57627
15980.57851,10351.80723,26332.385739999998,0.8660254037844386,0.5000000000000001,18.86,79.7,0.0,0.0,21723.07692
20875.5418,19646.96356,40522.505359999996,-0.25881904510252157,0.9659258262890681,18.07,83.0,0.0,0.0,33515.01639
19285.44892,19023.15789,38308.60681,-0.25881904510252157,0.9659258262890681,17.88,68.56,0.120000000000001,0.0,31664.2623
22188.40135,9438.655462,31627.056812000003,-0.8660254037844384,-0.5000000000000004,16.35,63.62,1.6499999999999986,0.0,27863.11787
27131.151,28113.8558,55245.0068,-0.9659258262890683,-0.25881904510252063,28.28,63.95,0.0,4.280000000000001,38370.16648
16150.75988,12913.73494,29064.49482,0.9659258262890683,-0.25881904510252063,13.23,47.15,4.77,0.0,25288.10127
12204.25532,10588.91566,22793.170980000003,0.9659258262890683,-0.25881904510252063,9.72,79.0,8.28,0.0,20810.12658
9655.727554,10435.62753,20091.355084,0.9659258262890683,0.25881904510252074,17.61,80.0,0.39000000000000057,0.0,21138.88525
15983.40249,9226.504559,25209.907049,1.0,6.123233995736766e-17,19.86,88.6,0.0,0.0,25056.6302
13898.45201,14580.72874,28479.18075,0.8660254037844386,0.5000000000000001,17.37,67.66,0.629999999999999,0.0,23921.31148
16028.22952,9208.163265,25236.392785,0.7071067811865475,0.7071067811865476,12.52,80.5,5.48,0.0,20739.1635
15880.16529,10322.89157,26203.05686,0.7071067811865475,0.7071067811865476,16.32,75.7,1.6799999999999997,0.0,21618.46154
21930.72862,16918.87147,38849.60009,0.49999999999999994,-0.8660254037844387,24.79,92.1,0.0,0.7899999999999991,35749.0788
22761.41079,12412.88754,35174.298330000005,-0.4999999999999998,-0.8660254037844388,23.11,65.03,0.0,0.0,35076.76149
20569.79937,22323.76176,42893.56113,0.49999999999999994,0.8660254037844387,23.06,53.88,0.0,0.0,29656.64817
21816.59751,13229.90881,35046.50632,-0.8660254037844384,-0.5000000000000004,24.62,63.82,0.0,0.620000000000001,34837.28665
21989.18919,19294.52308,41283.71227,-0.9659258262890683,-0.25881904510252063,22.02,81.0,0.0,0.0,35742.51656
24165.56017,11228.20669,35393.76686,-0.8660254037844384,-0.5000000000000004,20.39,67.71,0.0,0.0,29297.85558
16898.34025,11064.80243,27963.14268,0.8660254037844386,0.5000000000000001,16.32,85.6,1.6799999999999997,0.0,23279.47484
16342.97352,19357.09091,35700.06443,0.0,1.0,13.26,69.47,4.74,0.0,28979.80624
24023.21792,26705.45455,50728.67247,-0.7071067811865477,0.7071067811865474,23.32,51.94,0.0,0.0,41305.83423
25097.36008,26807.77429,51905.13437,0.0,1.0,21.1,74.3,0.0,0.0,34726.21532
26958.05471,25291.8995,52249.954209999996,-1.0,-1.8369701987210297e-16,14.77,72.3,3.2300000000000004,0.0,44133.55932
21295.88173,21709.84326,43005.72499,0.49999999999999994,0.8660254037844387,25.72,89.5,0.0,1.7199999999999989,30385.4384
15908.71369,7831.732523,23740.446213,0.9659258262890683,-0.25881904510252063,15.85,87.3,2.1500000000000004,0.0,24665.9081
23104.97925,11870.15198,34975.13123,0.49999999999999994,-0.8660254037844387,23.58,48.86,0.0,0.0,35681.75055
29612.65823,32083.68201,61696.340240000005,-0.7071067811865471,-0.7071067811865479,29.4,59.25,0.0,5.399999999999999,40906.84385
27060.75949,28378.24268,55439.00217,-0.7071067811865471,-0.7071067811865479,29.13,58.5,0.0,5.129999999999999,38489.30233
15399.3808,11222.67206,26622.052860000003,1.0,6.123233995736766e-17,15.46,90.2,2.539999999999999,0.0,25016.65574
18370.47817,9807.885598,28178.363768,0.49999999999999994,0.8660254037844387,19.78,84.3,0.0,0.0,27207.07965
16956.03715,18545.10121,35501.13836,0.0,1.0,18.12,81.2,0.0,0.0,33011.40984
21162.82999,15606.77116,36769.60115,0.7071067811865476,-0.7071067811865475,24.11,93.4,0.0,0.10999999999999943,31894.16204
27740.95634,33408.0,61148.956340000004,-0.8660254037844386,0.5000000000000001,25.03,64.04,0.0,1.0300000000000011,44090.06623
26064.44906,16168.00817,42232.45723,-0.5000000000000004,0.8660254037844384,21.66,87.2,0.0,0.0,39498.0531
15878.83817,8654.589666,24533.427836000003,0.8660254037844387,-0.49999999999999983,15.46,87.3,2.539999999999999,0.0,22617.76805
18171.07438,9310.843373,27481.917752999998,1.0,6.123233995736766e-17,10.72,68.03,7.279999999999999,0.0,21710.76923
18022.31405,10432.77108,28455.08513,0.8660254037844386,0.5000000000000001,19.65,54.84,0.0,0.0,22621.53846
17055.53851,9438.655462,26494.193972,0.49999999999999994,0.8660254037844387,15.74,75.3,2.26,0.0,22193.15589
21106.09756,16832.90323,37939.00079,1.2246467991473532e-16,-1.0,16.65,69.66,1.3500000000000014,0.0,33628.59574
30846.83544,33162.17573,64009.01117,-0.4999999999999998,-0.8660254037844388,32.99,37.25,0.0,8.990000000000002,42546.1794
13703.34347,14799.03614,28502.37961,0.49999999999999994,0.8660254037844387,14.3,73.9,3.6999999999999993,0.0,21612.1519
16223.38141,9173.589436,25396.970846,0.7071067811865475,0.7071067811865476,15.75,75.2,2.25,0.0,21627.37643
13371.95122,11055.48387,24427.43509,1.0,6.123233995736766e-17,8.28,88.0,9.72,0.0,21814.46809
18211.98347,7419.759036,25631.742506,0.9659258262890683,-0.25881904510252063,9.64,83.0,8.36,0.0,21975.38462
26161.74636,28102.89231,54264.63867,-0.7071067811865477,0.7071067811865474,21.23,59.98,0.0,0.0,43486.09272
17794.60581,12897.26444,30691.87025,0.258819045102521,-0.9659258262890682,24.9,55.66,0.0,0.8999999999999986,33709.23414
19478.17048,11102.26762,30580.4381,0.8660254037844387,-0.49999999999999983,19.97,85.4,0.0,0.0,31151.15044
25005.40541,27222.64615,52228.05156,-0.9659258262890684,0.2588190451025203,21.43,79.2,0.0,0.0,43486.09272
14044.49064,13611.32308,27655.81372,1.0,6.123233995736766e-17,20.14,84.5,0.0,0.0,21476.02649
14015.85366,15317.41935,29333.27301,0.8660254037844386,0.5000000000000001,14.48,81.5,3.5199999999999996,0.0,22880.68085
23310.18711,15538.46782,38848.65493,0.49999999999999994,-0.8660254037844387,24.89,72.5,0.0,0.8900000000000006,35547.61062
22404.5738,20204.30769,42608.88149,-1.0,-1.8369701987210297e-16,21.77,79.0,0.0,0.0,36658.01325
13065.58045,15941.81818,29007.39863,0.7071067811865475,0.7071067811865476,15.23,88.3,2.7699999999999996,0.0,24056.83531
14407.31707,13796.12903,28203.4461,0.9659258262890683,0.25881904510252074,9.37,90.4,8.63,0.0,23897.87234
25874.77204,25168.19277,51042.964810000005,-0.7071067811865477,0.7071067811865474,11.31,84.1,6.6899999999999995,0.0,41960.50633
26587.19008,13231.80723,39818.99731,-0.5000000000000004,0.8660254037844384,13.91,71.5,4.09,0.0,31643.07692
15617.10794,12352.0,27969.10794,0.9659258262890683,-0.25881904510252063,15.42,88.1,2.58,0.0,25179.07427
13232.92683,14580.0,27812.92683,0.7071067811865475,0.7071067811865476,9.85,85.3,8.15,0.0,23138.04255
20176.82927,14910.96774,35087.797009999995,-0.4999999999999998,-0.8660254037844388,21.96,52.05,0.0,0.0,32476.59574
25040.08264,11855.42169,36895.504329999996,-0.4999999999999998,-0.8660254037844388,20.92,60.97,0.0,0.0,30701.53846
22576.71518,14844.20838,37420.923559999996,0.49999999999999994,-0.8660254037844387,24.39,74.9,0.0,0.39000000000000057,34222.30088
25639.02439,25176.77419,50815.79858,-0.9659258262890684,0.2588190451025203,18.08,61.57,0.0,0.0,42991.65957
30287.60331,16366.26506,46653.86837,-0.8660254037844386,0.5000000000000001,16.75,65.89,1.25,0.0,38498.46154
18531.39293,19016.86154,37548.25447,-0.7071067811865471,-0.7071067811865479,22.06,60.53,0.0,0.0,35526.35762
17884.23237,11286.56535,29170.797720000002,0.9659258262890683,0.25881904510252074,19.88,70.3,0.0,0.0,26405.25164
19987.11019,15885.78462,35872.89481,0.49999999999999994,-0.8660254037844387,24.52,49.0,0.0,0.5199999999999996,30491.12583
30852.40871,16007.68307,46860.09178,-0.8660254037844386,0.5000000000000001,11.4,80.1,6.6,0.0,37019.01141
16218.98734,19599.66527,35818.652610000005,0.8660254037844386,0.5000000000000001,24.82,46.79,0.0,0.8200000000000003,25687.17608
16013.50107,9323.409364,25336.910433999998,0.7071067811865475,0.7071067811865476,10.09,84.1,7.91,0.0,20453.23194
18733.47193,9966.741573,28700.213503,0.49999999999999994,0.8660254037844387,19.81,85.0,0.0,0.0,27570.26549
16612.80992,7685.783133,24298.593053,1.0,6.123233995736766e-17,16.54,51.6,1.4600000000000009,0.0,21440.0
16646.82418,7191.356543,23838.180722999998,0.9659258262890683,-0.25881904510252063,6.133,87.5,11.867,0.0,21292.77567
26068.19127,24883.2,50951.39127,-0.25881904510252157,0.9659258262890681,20.33,89.0,0.0,0.0,41794.96689
26791.73554,10675.66265,37467.39819,1.2246467991473532e-16,-1.0,19.48,54.25,0.0,0.0,35643.07692
16117.93313,13301.20482,29419.13795,0.9659258262890683,-0.25881904510252063,5.524,87.7,12.475999999999999,0.0,24443.5443
15451.55925,12949.70378,28401.263030000002,0.49999999999999994,0.8660254037844387,18.69,88.9,0.0,0.0,26589.02655
16857.26141,9903.465046,26760.726455999997,0.8660254037844387,-0.49999999999999983,15.9,69.1,2.0999999999999996,0.0,27583.71991
17460.7438,10467.46988,27928.21368,0.49999999999999994,0.8660254037844387,19.81,77.7,0.0,0.0,22800.0
19437.00624,19276.8,38713.80624,0.7071067811865475,0.7071067811865476,18.75,89.1,0.0,0.0,30936.15894
22391.70124,12366.20061,34757.901849999995,0.49999999999999994,-0.8660254037844387,22.41,63.1,0.0,0.0,36979.95624
15840.74844,12926.16956,28766.917999999998,0.49999999999999994,0.8660254037844387,21.07,90.8,0.0,0.0,26640.0
22466.39004,9967.659574,32434.049613999996,0.8660254037844387,-0.49999999999999983,21.74,55.2,0.0,0.0,28365.16411
16452.89256,10993.73494,27446.627500000002,0.9659258262890683,0.25881904510252074,18.83,79.9,0.0,0.0,22480.0
16216.41337,11878.55422,28094.96759,0.9659258262890683,-0.25881904510252063,9.85,86.2,8.15,0.0,14090.12658
26866.8693,25127.71084,51994.58014,-0.9659258262890684,0.2588190451025203,13.97,74.4,4.029999999999999,0.0,42404.05063
16306.31365,17611.63636,33917.95001,0.49999999999999994,-0.8660254037844387,20.11,60.7,0.0,0.0,31025.87729
25615.38462,29148.55385,54763.93847,-0.7071067811865477,0.7071067811865474,22.7,52.77,0.0,0.0,48368.74172
27906.65259,29889.40439,57796.05698,-0.25881904510252157,0.9659258262890681,24.52,67.0,0.0,0.5199999999999996,39514.49501
20935.26971,13515.86626,34451.13597,-0.8660254037844384,-0.5000000000000004,24.95,40.58,0.0,0.9499999999999993,34125.16411
13412.19512,11084.51613,24496.71125,1.0,6.123233995736766e-17,12.31,84.3,5.6899999999999995,0.0,21410.04255
33525.23759,34975.29781,68500.5354,-0.5000000000000004,0.8660254037844384,26.23,64.05,0.0,2.2300000000000004,46111.96448
18189.87342,22943.59833,41133.47175,0.49999999999999994,0.8660254037844387,23.9,75.0,0.0,0.0,29437.87375
26548.13278,18213.7386,44761.87138,-0.7071067811865477,0.7071067811865474,22.68,65.26,0.0,0.0,40256.98031
21049.89605,23146.33846,44196.234509999995,-1.0,-1.8369701987210297e-16,26.42,57.24,0.0,2.4200000000000017,33072.31788
25631.70732,24747.09677,50378.804090000005,-0.8660254037844386,0.5000000000000001,17.4,67.82,0.6000000000000014,0.0,42997.78723
21884.40748,12967.35444,34851.761920000004,0.49999999999999994,-0.8660254037844387,22.29,86.6,0.0,0.0,35311.85841
25838.58921,10843.03951,36681.62872,0.258819045102521,-0.9659258262890682,20.37,69.54,0.0,0.0,32102.23195
15410.12658,20045.52301,35455.64959,0.9659258262890683,0.25881904510252074,22.06,48.48,0.0,0.0,23327.04319
18751.89873,22533.89121,41285.78994,0.49999999999999994,0.8660254037844387,24.27,85.8,0.0,0.2699999999999996,28895.68106
29464.55696,32933.22176,62397.77872,-0.7071067811865471,-0.7071067811865479,34.8,35.08,0.0,10.799999999999997,41244.91694
13756.61157,11647.22892,25403.84049,0.8660254037844387,-0.49999999999999983,12.7,83.0,5.300000000000001,0.0,19981.53846
13443.17719,15348.36364,28791.540829999998,0.49999999999999994,0.8660254037844387,16.8,70.7,1.1999999999999993,0.0,24106.43703
26480.4878,25304.51613,51785.00393,-0.9659258262890684,0.2588190451025203,14.04,64.59,3.960000000000001,0.0,44419.40426
14304.87805,10968.3871,25273.26515,0.9659258262890683,-0.25881904510252063,13.39,86.5,4.609999999999999,0.0,22568.17021
23465.85366,23121.29032,46587.14398,-0.5000000000000004,0.8660254037844384,12.44,79.8,5.5600000000000005,0.0,39106.7234
23493.55509,20333.56486,43827.11995,-0.5000000000000004,0.8660254037844384,21.13,85.6,0.0,0.0,41804.60177
17332.5228,17644.70352,34977.22632,0.0,1.0,10.72,80.8,7.279999999999999,0.0,29776.27119
18119.75052,15314.89275,33434.64327,1.2246467991473532e-16,-1.0,27.45,47.98,0.0,3.4499999999999993,33699.82301
12596.33401,17309.09091,29905.424919999998,0.25881904510252074,0.9659258262890683,13.76,88.3,4.24,0.0,24955.86652
31648.76033,21761.92771,53410.68804,-1.0,-1.8369701987210297e-16,18.47,71.4,0.0,0.0,38455.38462
13454.17515,15604.36364,29058.53879,0.49999999999999994,0.8660254037844387,17.0,64.46,1.0,0.0,24342.04521
12837.80488,14272.25806,27110.06294,0.8660254037844386,0.5000000000000001,9.81,87.9,8.19,0.0,23775.31915
15246.83544,14803.68201,30050.51745,1.0,6.123233995736766e-17,22.64,50.09,0.0,0.0,23952.15947
20737.64959,7715.726291,28453.375881,0.7071067811865476,-0.7071067811865475,8.62,86.2,9.38,0.0,26366.53992
15851.67173,14880.0,30731.671730000002,1.0,6.123233995736766e-17,8.81,86.7,9.19,0.0,23872.40506
12383.70672,14074.18182,26457.88854,0.9659258262890683,0.25881904510252074,13.0,73.3,5.0,0.0,22419.97847
14421.8845,16192.77108,30614.65558,0.258819045102521,-0.9659258262890682,13.45,61.84,4.550000000000001,0.0,33843.03797
18284.49848,18413.49398,36697.992459999994,0.0,1.0,15.18,83.6,2.8200000000000003,0.0,29401.51899
17120.97264,16985.06024,34106.03288,0.0,1.0,10.47,78.2,7.529999999999999,0.0,25622.27848
27657.26141,18668.93617,46326.19758,-1.0,-1.8369701987210297e-16,24.12,53.62,0.0,0.120000000000001,42216.89278
20594.04725,11173.10924,31767.15649,0.0,1.0,12.11,77.2,5.890000000000001,0.0,24352.85171
21828.0887,21107.96238,42936.051080000005,-0.9659258262890683,-0.25881904510252063,26.5,75.0,0.0,2.5,35058.64595
25002.07469,17227.4772,42229.55189,-0.9659258262890683,-0.25881904510252063,21.55,76.4,0.0,0.0,38095.40481
22691.02429,24376.17555,47067.19984,0.25881904510252074,0.9659258262890683,23.95,68.5,0.0,0.0,32469.52275
25443.24324,11602.36977,37045.61301,1.2246467991473532e-16,-1.0,23.47,62.69,0.0,0.0,37962.47788
19480.85106,16481.92771,35962.778770000004,-0.9659258262890683,-0.25881904510252063,16.78,57.01,1.2199999999999989,0.0,31941.26582
14916.23197,6891.716687,21807.948657,0.8660254037844387,-0.49999999999999983,5.989,87.5,12.011,0.0,20209.88593
28606.61157,15961.44578,44568.05735,-0.9659258262890683,-0.25881904510252063,20.97,68.18,0.0,0.0,35624.61538
16661.87962,16870.721,33532.60062,0.9659258262890683,0.25881904510252074,20.24,54.33,0.0,0.0,24925.90455
23270.94201,8977.671068,32248.613078,0.49999999999999994,-0.8660254037844387,7.63,83.7,10.370000000000001,0.0,28514.06844
15869.90881,15572.26131,31442.170120000002,0.0,1.0,14.99,61.28,3.01,0.0,25883.38983
27721.4876,17326.26506,45047.75266,-0.5000000000000004,0.8660254037844384,19.53,71.2,0.0,0.0,33636.92308
17622.03742,17043.69231,34665.72973,0.8660254037844386,0.5000000000000001,15.77,78.2,2.2300000000000004,0.0,27808.21192
13916.08961,16354.90909,30270.9987,0.8660254037844386,0.5000000000000001,15.52,87.4,2.4800000000000004,0.0,24608.65447
16836.17464,15450.2145,32286.38914,0.258819045102521,-0.9659258262890682,25.53,39.88,0.0,1.5300000000000011,29736.63717
24084.82328,29420.30769,53505.13097,0.0,1.0,21.6,80.7,0.0,0.0,44350.72848
11762.91793,11433.16583,23196.08376,0.7071067811865476,-0.7071067811865475,10.87,92.1,7.130000000000001,0.0,21496.27119
28919.75052,18038.97855,46958.72907,-0.7071067811865477,0.7071067811865474,22.68,84.6,0.0,0.0,44799.29204
23938.87734,26944.98462,50883.861959999995,0.25881904510252074,0.9659258262890683,20.27,86.4,0.0,0.0,41566.09272
21611.20332,12955.6231,34566.82642,-0.9659258262890683,-0.25881904510252063,25.29,47.69,0.0,1.2899999999999991,34478.0744
17677.21519,22136.23431,39813.4495,0.7071067811865475,0.7071067811865476,23.16,78.2,0.0,0.0,28570.36545
12925.0774,11473.36032,24398.43772,0.9659258262890683,0.25881904510252074,17.55,81.7,0.4499999999999993,0.0,21151.47541
26629.52183,32084.67692,58714.19875,-0.9659258262890684,0.2588190451025203,23.18,75.2,0.0,0.0,45685.82781
25498.75519,9279.027356,34777.782546,0.49999999999999994,-0.8660254037844387,20.33,65.31,0.0,0.0,32121.13786
25218.71102,26891.81538,52110.5264,0.0,1.0,19.53,74.0,0.0,0.0,41591.52318
21651.21951,14945.80645,36597.02596,0.49999999999999994,-0.8660254037844387,14.74,78.9,3.26,0.0,30227.74468
16394.59459,14191.13381,30585.7284,0.7071067811865475,0.7071067811865476,22.37,88.7,0.0,0.0,27449.20354
27183.90093,25844.21053,53028.11146,-0.5000000000000004,0.8660254037844384,17.98,79.9,0.019999999999999574,0.0,44267.01639
18477.81155,13777.68844,32255.499989999997,0.7071067811865476,-0.7071067811865475,8.87,74.0,9.13,0.0,29098.98305
26385.36585,25409.03226,51794.398109999995,-0.8660254037844386,0.5000000000000001,10.57,67.1,7.43,0.0,43616.68085
32039.2562,16383.61446,48422.87066,-1.0,-1.8369701987210297e-16,17.6,61.55,0.3999999999999986,0.0,38184.61538
17626.82927,16780.64516,34407.47443,0.0,1.0,11.45,86.2,6.550000000000001,0.0,28383.31915
14280.49793,8053.495441,22333.993371,0.8660254037844387,-0.49999999999999983,15.04,87.1,2.960000000000001,0.0,21306.95842
26549.54407,24907.95181,51457.49588,-0.9659258262890683,-0.25881904510252063,15.88,78.6,2.119999999999999,0.0,43187.8481
21558.92116,12932.27964,34491.200800000006,0.49999999999999994,-0.8660254037844387,21.75,47.66,0.0,0.0,35448.57768
26010.7438,10970.60241,36981.34621,-0.8660254037844384,-0.5000000000000004,17.66,71.5,0.33999999999999986,0.0,30652.30769
33245.78091,16313.08523,49558.86614,-0.8660254037844386,0.5000000000000001,13.11,56.98,4.890000000000001,0.0,38996.19772
12390.27356,10039.51807,22429.79163,0.9659258262890683,-0.25881904510252063,10.4,74.1,7.6,0.0,21156.4557
15779.26829,11850.96774,27630.23603,0.8660254037844387,-0.49999999999999983,11.18,84.8,6.82,0.0,24731.23404
18069.30091,17493.9759,35563.27681,-0.2588190451025208,-0.9659258262890683,18.46,51.71,0.0,0.0,31977.72152
22295.45455,8547.46988,30842.92443,0.7071067811865476,-0.7071067811865475,9.43,79.1,8.57,0.0,25821.53846
22725.98957,9669.147659,32395.137229,0.258819045102521,-0.9659258262890682,10.94,82.3,7.0600000000000005,0.0,30290.4943
20870.46843,18606.54545,39477.01388,0.258819045102521,-0.9659258262890682,15.96,86.3,2.039999999999999,0.0,35390.82885
16603.3195,10866.38298,27469.70248,0.49999999999999994,0.8660254037844387,19.33,89.0,0.0,0.0,25554.48578
13612.15805,13844.81928,27456.97733,0.9659258262890683,0.25881904510252074,9.98,83.0,8.02,0.0,20500.25316
21550.58078,22438.11912,43988.6999,0.49999999999999994,0.8660254037844387,21.94,70.5,0.0,0.0,30986.3707
14487.53799,12915.13568,27402.67367,0.7071067811865476,-0.7071067811865475,13.66,72.1,4.34,0.0,24480.0
29111.72122,31075.10972,60186.83094,-1.0,-1.8369701987210297e-16,28.2,68.19,0.0,4.199999999999999,41189.43396
22461.50713,27467.63636,49929.14349,-0.9659258262890684,0.2588190451025203,17.28,80.8,0.7199999999999989,0.0,40698.21313
12719.75052,11578.83555,24298.586069999998,0.8660254037844387,-0.49999999999999983,19.53,76.2,0.0,0.0,23282.12389
13787.78004,15877.81818,29665.59822,0.8660254037844386,0.5000000000000001,16.21,81.2,1.7899999999999991,0.0,25296.87836
21098.45201,14714.81781,35813.26982,0.7071067811865476,-0.7071067811865475,18.86,81.9,0.0,0.0,28667.80328
24597.5052,14832.44127,39429.946469999995,-0.7071067811865471,-0.7071067811865479,26.38,44.68,0.0,2.379999999999999,38720.70796
21153.65854,19155.48387,40309.14241,-0.9659258262890683,-0.25881904510252063,16.68,68.02,1.3200000000000003,0.0,32721.70213
22944.39834,10878.05471,33822.45305,-0.7071067811865471,-0.7071067811865479,23.24,72.3,0.0,0.0,35952.73523
19678.48101,24974.05858,44652.53959,-0.8660254037844384,-0.5000000000000004,27.04,70.4,0.0,3.039999999999999,31109.10299
13747.11246,14799.03614,28546.1486,0.7071067811865475,0.7071067811865476,16.7,73.8,1.3000000000000007,0.0,22961.01266
22979.75207,15637.59036,38617.34243,0.49999999999999994,-0.8660254037844387,19.49,73.7,0.0,0.0,30141.53846
20041.73554,13648.19277,33689.92831,0.7071067811865476,-0.7071067811865475,12.46,81.3,5.539999999999999,0.0,27852.30769
24916.18257,13924.3769,38840.55947,-0.25881904510252157,0.9659258262890681,19.33,88.2,0.0,0.0,30986.78337
16081.45897,11386.98795,27468.446920000002,0.8660254037844387,-0.49999999999999983,3.784,77.6,14.216000000000001,0.0,24978.22785
14575.07599,15198.07229,29773.14828,0.25881904510252074,0.9659258262890683,9.3,76.2,8.7,0.0,23878.48101
26310.83591,26718.70445,53029.54036,-0.9659258262890684,0.2588190451025203,21.59,76.3,0.0,0.0,43297.57377
18980.45738,11590.60266,30571.06004,0.9659258262890683,-0.25881904510252063,20.83,64.72,0.0,0.0,28914.69027
20683.84372,22137.17868,42821.0224,0.25881904510252074,0.9659258262890683,23.53,85.8,0.0,0.0,32578.202
15837.7709,14539.91903,30377.68993,0.8660254037844386,0.5000000000000001,15.07,88.3,2.9299999999999997,0.0,25419.54098
14209.54357,12313.67781,26523.22138,0.9659258262890683,0.25881904510252074,17.85,87.1,0.14999999999999858,0.0,25113.34792
12031.77189,14743.27273,26775.04462,0.49999999999999994,0.8660254037844387,14.81,86.0,3.1899999999999995,0.0,21973.56297
17872.34043,12942.6506,30814.99103,0.7071067811865476,-0.7071067811865475,8.73,82.4,9.27,0.0,28398.98734
19103.9501,15448.61538,34552.56548,0.49999999999999994,-0.8660254037844387,24.15,61.54,0.0,0.14999999999999858,33402.91391
18887.16904,18257.45455,37144.62359,-0.7071067811865471,-0.7071067811865479,16.22,73.5,1.7800000000000011,0.0,33022.34661
25211.15702,9571.084337,34782.241357,-0.4999999999999998,-0.8660254037844388,17.56,42.34,0.4400000000000013,0.0,29784.61538
22265.01548,20206.63968,42471.655159999995,-1.0,-1.8369701987210297e-16,21.75,60.72,0.0,0.0,37392.78689
27994.08659,29377.80564,57371.89223,-0.25881904510252157,0.9659258262890681,23.35,59.89,0.0,0.0,41451.54273
26751.00317,27253.16614,54004.16931,-0.7071067811865471,-0.7071067811865479,28.56,62.15,0.0,4.559999999999999,39233.20755
15485.23909,11278.77426,26764.01335,0.9659258262890683,0.25881904510252074,21.07,93.2,0.0,0.0,25002.47788
16588.38174,11700.91185,28289.29359,0.8660254037844386,0.5000000000000001,18.85,92.6,0.0,0.0,25932.60394
24058.53659,26291.6129,50350.149489999996,-0.9659258262890684,0.2588190451025203,16.06,71.6,1.9400000000000013,0.0,43285.78723
20080.66528,15414.91318,35495.578460000004,-0.8660254037844384,-0.5000000000000004,26.43,58.15,0.0,2.4299999999999997,33948.31858
24950.82645,13156.62651,38107.45296,-0.25881904510252157,0.9659258262890681,9.71,77.4,8.29,0.0,30516.92308
28033.8843,18268.91566,46302.799960000004,-0.5000000000000004,0.8660254037844384,14.77,85.1,3.2300000000000004,0.0,33710.76923
18751.36778,17135.27638,35886.644159999996,0.258819045102521,-0.9659258262890682,13.84,72.4,4.16,0.0,31545.76271
22318.54103,21941.20482,44259.74585,-0.5000000000000004,0.8660254037844384,10.63,86.0,7.369999999999999,0.0,36376.70886
26174.38017,10299.75904,36474.13921,1.2246467991473532e-16,-1.0,19.7,51.32,0.0,0.0,30547.69231
21383.5443,17948.78661,39332.330910000004,0.8660254037844387,-0.49999999999999983,24.62,82.1,0.0,0.620000000000001,25317.2093
24838.90578,25457.3494,50296.25518,-0.7071067811865477,0.7071067811865474,12.87,77.2,5.130000000000001,0.0,40034.43038
23583.36798,23294.03077,46877.39875,0.7071067811865475,0.7071067811865476,16.64,77.7,1.3599999999999994,0.0,37967.68212
15468.69301,10865.84925,26334.542260000002,0.8660254037844387,-0.49999999999999983,13.66,67.46,4.34,0.0,24394.57627
14967.07317,16861.93548,31829.00865,0.0,1.0,13.41,83.2,4.59,0.0,28959.31915
14979.22607,11525.81818,26505.04425,1.0,6.123233995736766e-17,15.79,92.1,2.210000000000001,0.0,20665.31755
14392.56966,11047.77328,25440.34294,1.0,6.123233995736766e-17,18.24,87.1,0.0,0.0,22964.45902
12940.93686,16372.36364,29313.300499999998,0.49999999999999994,0.8660254037844387,15.36,67.42,2.6400000000000006,0.0,23511.21636
14366.39004,12949.78723,27316.17727,0.8660254037844386,0.5000000000000001,14.24,71.7,3.76,0.0,26071.24726
24223.02006,26693.41693,50916.43699,-0.8660254037844384,-0.5000000000000004,27.67,34.91,0.0,3.6700000000000017,35972.83019
18059.50413,8426.024096,26485.528226000002,0.9659258262890683,-0.25881904510252063,17.12,46.13,0.879999999999999,0.0,22726.15385
27303.79747,32860.9205,60164.71797,-0.9659258262890683,-0.25881904510252063,29.02,47.59,0.0,5.02,39567.30897
22989.21162,11788.44985,34777.66147,0.49999999999999994,-0.8660254037844387,22.86,72.4,0.0,0.0,36293.04158
23931.56823,28875.63636,52807.20459,-0.8660254037844386,0.5000000000000001,17.34,80.5,0.6600000000000001,0.0,43996.72766
18356.96203,19232.13389,37589.09592,0.9659258262890683,-0.25881904510252063,24.18,80.5,0.0,0.17999999999999972,27141.52824
32559.91736,19309.87952,51869.796879999994,-0.9659258262890684,0.2588190451025203,20.09,77.9,0.0,0.0,38523.07692
33566.12458,15673.46939,49239.59397,-0.8660254037844386,0.5000000000000001,14.5,80.7,3.5,0.0,39549.80989
16498.75519,11514.16413,28012.91932,0.25881904510252074,0.9659258262890683,18.77,84.6,0.0,0.0,25825.47046
27302.21753,29576.42633,56878.64386,-1.0,-1.8369701987210297e-16,26.72,53.28,0.0,2.719999999999999,40134.60599
18593.89002,19770.18182,38364.071840000004,-0.2588190451025208,-0.9659258262890683,13.87,90.1,4.130000000000001,0.0,34454.59634
29050.63291,35108.28452,64158.91743,-0.7071067811865477,0.7071067811865474,25.91,80.1,0.0,1.9100000000000001,45818.47176
22141.46341,22854.19355,44995.65696,-0.5000000000000004,0.8660254037844384,16.51,84.1,1.4899999999999984,0.0,37703.48936
25424.06639,10743.82979,36167.896179999996,-0.4999999999999998,-0.8660254037844388,22.27,49.37,0.0,0.0,31131.72867
28695.86777,16429.87952,45125.74729,-0.7071067811865477,0.7071067811865474,16.79,82.2,1.2100000000000009,0.0,34836.92308
13396.90402,15735.06073,29131.96475,0.7071067811865475,0.7071067811865476,17.56,80.1,0.4400000000000013,0.0,27433.96721
24010.94225,24290.41206,48301.354309999995,-0.7071067811865477,0.7071067811865474,9.25,89.2,8.75,0.0,39343.72881
20565.99789,19771.78683,40337.784719999996,0.8660254037844386,0.5000000000000001,24.17,57.55,0.0,0.1700000000000017,27527.81354
23496.69421,16470.36145,39967.05566,0.49999999999999994,-0.8660254037844387,14.29,72.2,3.710000000000001,0.0,29920.0
21944.28274,18733.29231,40677.57505,-0.8660254037844384,-0.5000000000000004,22.2,75.8,0.0,0.0,29054.30464
29305.78512,16666.98795,45972.773069999996,-1.0,-1.8369701987210297e-16,18.16,72.3,0.0,0.0,36652.30769
19410.34847,19073.60502,38483.95349,0.7071067811865475,0.7071067811865476,20.4,59.56,0.0,0.0,28742.46393
26595.88831,13535.65426,40131.54257,-0.5000000000000004,0.8660254037844384,14.11,79.4,3.8900000000000006,0.0,32042.58555
11866.80244,15569.45455,27436.25699,0.7071067811865475,0.7071067811865476,13.53,89.6,4.470000000000001,0.0,23895.62971
26384.81013,28649.37238,55034.18251,0.49999999999999994,-0.8660254037844387,31.46,30.12,0.0,7.460000000000001,39031.49502
14345.01018,17070.54545,31415.555630000003,-0.9659258262890683,-0.25881904510252063,15.81,81.8,2.1899999999999995,0.0,27231.34553
14179.51426,11062.57053,25242.08479,1.0,6.123233995736766e-17,24.17,92.8,0.0,0.1700000000000017,22049.101
27252.79831,23286.77116,50539.56947,0.7071067811865476,-0.7071067811865475,26.13,58.23,0.0,2.129999999999999,37782.01998
14736.79834,11100.55385,25837.352189999998,1.0,6.123233995736766e-17,20.41,86.4,0.0,0.0,22734.83444
21562.6556,12786.38298,34349.03858,-0.7071067811865471,-0.7071067811865479,26.66,47.98,0.0,2.66,34389.84683
26881.45897,25723.37349,52604.832460000005,-0.8660254037844386,0.5000000000000001,13.55,68.12,4.449999999999999,0.0,41249.62025
26553.32629,26278.11912,52831.44541,0.49999999999999994,-0.8660254037844387,25.5,93.1,0.0,1.5,39584.81687
29296.6805,20145.41033,49442.09083,-0.9659258262890684,0.2588190451025203,20.86,80.4,0.0,0.0,47245.86433
16985.00528,16028.08777,33013.09305,1.0,6.123233995736766e-17,24.75,56.62,0.0,0.75,25162.44173
15954.37882,18315.63636,34270.01518,-0.8660254037844384,-0.5000000000000004,14.28,89.5,3.7200000000000006,0.0,30970.07535
25760.99071,26846.96356,52607.95427,-0.8660254037844386,0.5000000000000001,23.57,57.41,0.0,0.0,43687.86885
15702.12766,14613.9759,30316.10356,1.0,6.123233995736766e-17,11.16,77.3,6.84,0.0,24656.20253
27898.1289,27712.98462,55611.11352,-0.9659258262890684,0.2588190451025203,21.41,83.0,0.0,0.0,45711.25828
25333.05174,22985.83072,48318.88246,0.258819045102521,-0.9659258262890682,26.23,60.15,0.0,2.2300000000000004,39501.70921
21091.06029,24286.52308,45377.58337,0.0,1.0,21.8,82.2,0.0,0.0,32945.16556
16943.80165,9611.566265,26555.367915000003,0.8660254037844386,0.5000000000000001,10.06,87.0,7.9399999999999995,0.0,22178.46154
17209.7561,14156.12903,31365.88513,0.7071067811865476,-0.7071067811865475,11.8,79.7,6.199999999999999,0.0,28567.14894
24587.96199,17990.21944,42578.18143,0.8660254037844387,-0.49999999999999983,22.87,57.35,0.0,0.0,33991.03219
15027.38589,13399.14894,28426.534829999997,0.49999999999999994,0.8660254037844387,15.1,68.69,2.9000000000000004,0.0,27098.46827
13564.74164,14275.53769,27840.279329999998,0.9659258262890683,0.25881904510252074,12.09,77.0,5.91,0.0,23088.81356
14815.80547,15358.07035,30173.87582,0.9659258262890683,0.25881904510252074,10.37,60.85,7.630000000000001,0.0,24181.01695
32433.67983,16726.94586,49160.62569,-0.9659258262890684,0.2588190451025203,21.83,73.6,0.0,0.0,46933.80531
18105.77508,16689.52764,34795.30272,1.2246467991473532e-16,-1.0,16.95,50.77,1.0500000000000007,0.0,32363.38983
13386.01824,14371.08434,27757.10258,0.9659258262890683,0.25881904510252074,12.27,68.48,5.73,0.0,21405.56962
25620.73171,25008.3871,50629.11881,-0.9659258262890684,0.2588190451025203,17.54,56.38,0.46000000000000085,0.0,42207.31915
22976.03306,11502.6506,34478.68366,-0.8660254037844384,-0.5000000000000004,20.54,46.57,0.0,0.0,29901.53846
33482.2314,16979.27711,50461.50851,-0.8660254037844386,0.5000000000000001,14.06,72.2,3.9399999999999995,0.0,39550.76923
24995.66563,26094.89879,51090.564419999995,-0.8660254037844386,0.5000000000000001,22.46,45.94,0.0,0.0,43008.0
14604.25532,11051.09548,25655.3508,0.9659258262890683,-0.25881904510252063,11.75,64.45,6.25,0.0,22545.76271
28336.92946,19077.44681,47414.37627,-0.9659258262890684,0.2588190451025203,21.31,75.7,0.0,0.0,45853.1291
20221.51899,20834.81172,41056.33071,0.9659258262890683,-0.25881904510252063,23.63,47.25,0.0,0.0,29527.17608
19785.03119,20486.53728,40271.56847,-1.0,-1.8369701987210297e-16,25.13,49.22,0.0,1.129999999999999,34381.59292
15343.03534,14144.06537,29487.10071,0.8660254037844386,0.5000000000000001,19.12,67.86,0.0,0.0,26123.89381
25699.69605,24713.00503,50412.70108,-0.7071067811865477,0.7071067811865474,14.35,71.8,3.6500000000000004,0.0,42504.40678
22291.46341,21356.12903,43647.59244,-0.5000000000000004,0.8660254037844384,12.87,82.4,5.130000000000001,0.0,36091.91489
21212.24921,19380.56426,40592.81347,0.8660254037844387,-0.49999999999999983,23.64,56.82,0.0,0.0,31433.87347
19785.03119,15973.85087,35758.88206,-0.25881904510252157,0.9659258262890681,18.4,87.1,0.0,0.0,34738.40708
17083.50305,16849.45455,33932.957599999994,0.49999999999999994,-0.8660254037844387,19.45,63.93,0.0,0.0,28558.1916
17795.64284,8499.39976,26295.0426,1.0,6.123233995736766e-17,6.315,81.6,11.684999999999999,0.0,21870.72243
15275.37994,11438.95477,26714.334710000003,0.8660254037844387,-0.49999999999999983,15.32,63.35,2.6799999999999997,0.0,24315.25424
18100.82988,8275.258359,26376.088239,0.9659258262890683,-0.25881904510252063,18.47,86.9,0.0,0.0,26947.22101
14602.079,12502.55363,27104.63263,0.7071067811865475,0.7071067811865476,22.88,42.08,0.0,0.0,27124.24779
24499.69605,25199.27638,49698.972429999994,-0.7071067811865477,0.7071067811865474,13.78,72.1,4.220000000000001,0.0,41833.22034
20731.80873,16209.19305,36941.00178,-0.8660254037844384,-0.5000000000000004,26.38,67.99,0.0,2.379999999999999,31680.0
18160.17183,10026.41056,28186.58239,0.9659258262890683,0.25881904510252074,6.291,86.9,11.709,0.0,22765.01901
22737.62994,18550.15385,41287.78379,-0.2588190451025208,-0.9659258262890683,23.1,41.54,0.0,0.0,34623.57616
25839.66942,10993.73494,36833.40436,-0.4999999999999998,-0.8660254037844388,22.94,46.3,0.0,0.0,32258.46154
18015.18987,21027.61506,39042.80493,0.8660254037844386,0.5000000000000001,23.02,72.4,0.0,0.0,27747.50831
18461.91446,23092.36364,41554.278099999996,-0.25881904510252157,0.9659258262890681,14.98,87.0,3.0199999999999996,0.0,32768.13778
12962.19512,15224.51613,28186.71125,0.8660254037844386,0.5000000000000001,11.93,82.0,6.07,0.0,22316.93617
16367.35537,10930.12048,27297.47585,0.9659258262890683,-0.25881904510252063,15.52,81.3,2.4800000000000004,0.0,21378.46154
32969.00826,17453.49398,50422.50224,-1.0,-1.8369701987210297e-16,19.35,77.1,0.0,0.0,39403.07692
22287.80488,16687.74194,38975.54682,-0.2588190451025208,-0.9659258262890683,21.0,61.52,0.0,0.0,32323.40426
14807.90021,11366.4,26174.30021,0.9659258262890683,-0.25881904510252063,19.96,85.6,0.0,0.0,22849.27152
21607.48441,16250.37794,37857.86235,-0.25881904510252157,0.9659258262890681,18.58,80.0,0.0,0.0,35821.59292
29749.36709,28914.47699,58663.844079999995,-0.7071067811865471,-0.7071067811865479,29.98,40.35,0.0,5.98,41991.22924
16077.81155,16186.98795,32264.7995,0.0,1.0,10.18,73.6,7.82,0.0,26223.79747
17673.72709,18810.18182,36483.90891,-0.4999999999999998,-0.8660254037844388,14.25,88.9,3.75,0.0,32644.13348
16342.55544,14848.40125,31190.95669,1.0,6.123233995736766e-17,22.39,75.6,0.0,0.0,25168.83463
27552.58359,25850.60241,53403.186,-0.9659258262890684,0.2588190451025203,15.24,47.48,2.76,0.0,44524.55696
26483.05785,10091.56627,36574.62412,-0.4999999999999998,-0.8660254037844388,18.93,62.36,0.0,0.0,28523.07692
17222.72727,11658.79518,28881.522449999997,0.8660254037844386,0.5000000000000001,19.46,85.0,0.0,0.0,21901.53846
29427.38589,15803.52584,45230.91173,-0.5000000000000004,0.8660254037844384,17.01,65.51,0.9899999999999984,0.0,35662.84464
18068.42661,18291.15987,36359.58648,0.8660254037844386,0.5000000000000001,23.18,58.08,0.0,0.0,28831.96448
13105.16717,13893.46734,26998.63451,0.7071067811865475,0.7071067811865476,10.01,67.29,7.99,0.0,21898.98305
16675.98784,12190.84337,28866.831210000004,0.8660254037844387,-0.49999999999999983,11.72,80.0,6.279999999999999,0.0,26655.18987
13940.42553,13972.04819,27912.47372,0.9659258262890683,0.25881904510252074,10.69,81.6,7.3100000000000005,0.0,20986.32911
15400.81466,18018.90909,33419.723750000005,0.0,1.0,15.18,87.3,2.8200000000000003,0.0,26946.13563
18958.53659,16368.3871,35326.923689999996,-0.8660254037844384,-0.5000000000000004,13.99,75.3,4.01,0.0,32709.44681
21831.23658,9421.368547,31252.605127000003,0.7071067811865476,-0.7071067811865475,10.79,59.07,7.210000000000001,0.0,27589.35361
22081.62013,9444.417767,31526.037897000002,-0.7071067811865471,-0.7071067811865479,16.93,62.48,1.0700000000000003,0.0,28380.22814
24277.20365,24508.91566,48786.119309999995,-0.5000000000000004,0.8660254037844384,11.69,75.2,6.3100000000000005,0.0,38880.0
24160.48632,24942.6506,49103.136920000004,-0.7071067811865477,0.7071067811865474,13.49,66.32,4.51,0.0,39718.48101
22485.36585,17593.54839,40078.91424,-0.4999999999999998,-0.8660254037844388,16.25,64.79,1.75,0.0,36814.97872
17029.78723,14151.3253,31181.112530000002,0.9659258262890683,0.25881904510252074,10.49,88.1,7.51,0.0,16514.43038
21600.0,15850.13065,37450.13065,0.258819045102521,-0.9659258262890682,10.96,66.14,7.039999999999999,0.0,34322.0339
16797.79073,8810.564226,25608.354956000003,0.8660254037844386,0.5000000000000001,9.55,90.5,8.45,0.0,21238.02281
27967.47624,25044.26332,53011.73956,-0.7071067811865477,0.7071067811865474,24.71,89.3,0.0,0.7100000000000009,46156.71476
21617.67413,8384.153661,30001.827791,0.7071067811865476,-0.7071067811865475,5.895,83.9,12.105,0.0,27692.77567
26600.6192,26328.09717,52928.71637,-0.9659258262890684,0.2588190451025203,22.59,72.3,0.0,0.0,43410.88525
22077.81155,20576.38554,42654.19709,-0.9659258262890683,-0.25881904510252063,12.87,49.78,5.130000000000001,0.0,35732.65823
25616.09907,25908.34008,51524.439150000006,-0.7071067811865477,0.7071067811865474,18.53,85.3,0.0,0.0,44329.96721
21881.3094,23617.80564,45499.11504,0.25881904510252074,0.9659258262890683,20.91,75.8,0.0,0.0,31536.15982
16203.7422,12967.35444,29171.09664,0.49999999999999994,0.8660254037844387,24.11,54.62,0.0,0.10999999999999943,27187.9646
14173.86018,13899.25628,28073.116459999997,1.0,6.123233995736766e-17,13.46,58.6,4.539999999999999,0.0,24309.15254
20559.49367,25389.79079,45949.284459999995,0.49999999999999994,0.8660254037844387,24.88,85.4,0.0,0.879999999999999,28481.06312
22798.75519,12237.81155,35036.56674,0.258819045102521,-0.9659258262890682,26.76,43.85,0.0,2.7600000000000016,37553.43545
22493.34741,19079.62382,41572.971229999996,-0.9659258262890683,-0.25881904510252063,24.76,89.0,0.0,0.7600000000000016,37404.83907
33234.73458,16278.5114,49513.24597999999,-0.8660254037844386,0.5000000000000001,11.78,70.7,6.220000000000001,0.0,38071.48289
16046.04013,15805.39185,31851.43198,0.9659258262890683,0.25881904510252074,20.4,76.3,0.0,0.0,25405.37181
19989.87342,25329.53975,45319.41317,0.8660254037844386,0.5000000000000001,21.1,60.03,0.0,0.0,29380.46512
27721.4876,19176.86747,46898.355070000005,-0.7071067811865477,0.7071067811865474,18.14,68.01,0.0,0.0,34861.53846
21629.3279,28037.81818,49667.14608,-0.8660254037844386,0.5000000000000001,15.15,86.9,2.8499999999999996,0.0,42062.2605
16055.6962,18364.51883,34420.21503,1.0,6.123233995736766e-17,25.6,47.02,0.0,1.6000000000000014,23869.23588
18091.13924,22660.41841,40751.55765,0.8660254037844386,0.5000000000000001,25.81,46.08,0.0,1.8099999999999987,27103.25581
14745.51084,16026.5587,30772.06954,0.7071067811865475,0.7071067811865476,17.38,90.3,0.620000000000001,0.0,25835.01639
21863.41463,16699.35484,38562.76947,-0.8660254037844384,-0.5000000000000004,18.28,49.1,0.0,0.0,35859.06383
26040.12672,27824.95298,53865.0797,-1.0,-1.8369701987210297e-16,28.56,72.0,0.0,4.559999999999999,38120.84351
28359.02851,34024.32602,62383.35453,-0.9659258262890684,0.2588190451025203,28.02,78.5,0.0,4.02,35263.21865
16932.64463,9675.180723,26607.825353,0.8660254037844386,0.5000000000000001,16.93,57.59,1.0700000000000003,0.0,21698.46154
28971.06653,32549.71787,61520.784400000004,-0.25881904510252157,0.9659258262890681,23.64,58.65,0.0,0.0,40844.21754
22008.51064,20096.38554,42104.896179999996,-0.9659258262890683,-0.25881904510252063,15.81,70.6,2.1899999999999995,0.0,35112.91139
17053.22245,14267.62002,31320.842470000003,0.8660254037844386,0.5000000000000001,22.25,89.4,0.0,0.0,27971.68142
25488.14969,25420.8,50908.949689999994,-0.5000000000000004,0.8660254037844384,20.55,85.6,0.0,0.0,44706.75497
25433.43465,25711.80723,51145.24188,-0.9659258262890684,0.2588190451025203,14.5,64.92,3.5,0.0,42768.60759
20125.60976,16989.67742,37115.28718,-0.4999999999999998,-0.8660254037844388,17.36,66.72,0.6400000000000006,0.0,32942.29787
18296.51531,17093.41693,35389.932239999995,0.9659258262890683,0.25881904510252074,26.79,74.0,0.0,2.789999999999999,24708.54606
23390.4963,19248.15047,42638.64677,-0.8660254037844384,-0.5000000000000004,25.19,86.6,0.0,1.1900000000000013,37692.51942
21034.92723,15726.74157,36761.6688,-0.9659258262890683,-0.25881904510252063,25.43,65.46,0.0,1.4299999999999997,34910.44248
23676.92308,15297.24208,38974.165160000004,-0.8660254037844384,-0.5000000000000004,27.09,47.88,0.0,3.09,36363.18584
21995.92668,28375.27273,50371.19941,-0.7071067811865477,0.7071067811865474,16.47,80.0,1.5300000000000011,0.0,43128.69752
20467.15945,19555.10972,40022.26917,0.0,1.0,24.39,91.0,0.0,0.39000000000000057,33492.38624
23142.85714,24944.56281,48087.419949999996,-0.8660254037844386,0.5000000000000001,8.47,54.42,9.53,0.0,39130.16949
19065.04559,13812.42211,32877.4677,0.7071067811865476,-0.7071067811865475,13.21,70.9,4.789999999999999,0.0,30337.62712
20981.70732,20473.54839,41455.25571,-0.25881904510252157,0.9659258262890681,12.48,79.1,5.52,0.0,34057.53191
14620.33195,11601.70213,26222.034079999998,0.7071067811865475,0.7071067811865476,17.17,90.2,0.8299999999999983,0.0,25378.03063
18727.21694,10176.23049,28903.44743,0.25881904510252074,0.9659258262890683,9.78,74.0,8.22,0.0,23050.95057
13229.17933,13916.62312,27145.802450000003,0.7071067811865475,0.7071067811865476,13.75,69.87,4.25,0.0,21435.25424
19772.64438,15439.11558,35211.75996,-0.8660254037844384,-0.5000000000000004,11.2,74.9,6.800000000000001,0.0,31808.13559
14486.07069,13420.38815,27906.45884,0.49999999999999994,-0.8660254037844387,25.42,52.72,0.0,1.4200000000000017,25932.74336
12775.96741,15197.09091,27973.05832,0.8660254037844386,0.5000000000000001,14.61,81.0,3.3900000000000006,0.0,23852.2282
18329.54894,10233.85354,28563.40248,0.25881904510252074,0.9659258262890683,12.13,78.1,5.869999999999999,0.0,22673.76426
34169.99079,16543.57743,50713.56822,-0.8660254037844386,0.5000000000000001,15.42,60.95,2.58,0.0,39653.23194
32767.10647,16226.65066,48993.75713,-0.9659258262890683,-0.25881904510252063,14.76,78.9,3.24,0.0,39111.78707
12293.13929,10799.26154,23092.40083,1.0,6.123233995736766e-17,19.78,84.6,0.0,0.0,23650.33113
19608.51064,19890.81407,39499.32471,-0.25881904510252157,0.9659258262890681,11.9,69.48,6.1,0.0,32076.61017
20809.7561,21954.19355,42763.949649999995,-0.25881904510252157,0.9659258262890681,14.87,67.02,3.130000000000001,0.0,35515.91489
24515.85366,25298.70968,49814.56334,-0.9659258262890684,0.2588190451025203,14.24,53.5,3.76,0.0,43402.21277
24685.71429,25896.86747,50582.58176,-1.0,-1.8369701987210297e-16,13.52,57.93,4.48,0.0,41437.97468
25789.50598,10971.42857,36760.934550000005,-0.2588190451025208,-0.9659258262890683,13.82,71.8,4.18,0.0,31586.31179
16652.80665,9866.721144,26519.527793999998,0.9659258262890683,-0.25881904510252063,21.42,88.2,0.0,0.0,25888.14159
22217.46362,16815.19918,39032.6628,-0.5000000000000004,0.8660254037844384,18.65,79.5,0.0,0.0,36904.77876
31102.79227,15546.69868,46649.49095,-0.7071067811865477,0.7071067811865474,11.87,64.29,6.130000000000001,0.0,35893.53612
25517.32523,25717.59036,51234.91559,-0.9659258262890684,0.2588190451025203,14.89,61.92,3.1099999999999994,0.0,43285.06329
22431.42068,10366.38655,32797.80723,1.2246467991473532e-16,-1.0,14.07,77.0,3.9299999999999997,0.0,29207.60456
21443.16109,13254.93976,34698.10085,0.49999999999999994,-0.8660254037844387,15.18,83.5,2.8200000000000003,0.0,31716.4557
17708.20669,17471.03518,35179.24187,0.0,1.0,16.01,53.1,1.9899999999999984,0.0,29050.16949
24572.64438,23896.76382,48469.408200000005,-0.7071067811865477,0.7071067811865474,13.68,71.0,4.32,0.0,40618.98305
17144.6281,11086.26506,28230.89316,0.8660254037844386,0.5000000000000001,13.59,86.0,4.41,0.0,21556.92308
19653.65854,18029.03226,37682.6908,-0.2588190451025208,-0.9659258262890683,20.89,52.7,0.0,0.0,33757.2766
20864.63415,17012.90323,37877.53738,-0.2588190451025208,-0.9659258262890683,16.79,67.92,1.2100000000000009,0.0,33812.42553
15505.16717,11647.35678,27152.523950000003,0.8660254037844387,-0.49999999999999983,5.562,90.4,12.437999999999999,0.0,25358.64407
11951.12016,11403.63636,23354.756520000003,0.9659258262890683,-0.25881904510252063,12.89,83.9,5.109999999999999,0.0,20138.29925
29803.00706,15575.5102,45378.51726,-0.9659258262890683,-0.25881904510252063,13.84,67.26,4.16,0.0,36793.91635
18860.79027,18530.41206,37391.20233,-0.25881904510252157,0.9659258262890681,14.46,63.22,3.539999999999999,0.0,30355.9322
14753.16456,14912.13389,29665.29845,0.9659258262890683,0.25881904510252074,24.19,82.7,0.0,0.19000000000000128,23059.13621
25555.50936,25119.50769,50675.017049999995,-0.25881904510252157,0.9659258262890681,19.34,57.61,0.0,0.0,40892.18543
26761.09422,25821.68675,52582.78097,-0.9659258262890684,0.2588190451025203,11.42,61.94,6.58,0.0,43795.44304
16496.34146,17698.06452,34194.405979999996,0.0,1.0,13.07,81.9,4.93,0.0,27574.46809
27840.44185,10902.28091,38742.72276,1.2246467991473532e-16,-1.0,16.23,53.97,1.7699999999999996,0.0,34031.93916
21252.6971,14945.6535,36198.350600000005,-0.25881904510252157,0.9659258262890681,19.99,70.5,0.0,0.0,34043.23851
19386.07595,27414.22594,46800.30189,-0.8660254037844384,-0.5000000000000004,30.02,52.99,0.0,6.02,34757.74086
18696.53768,16349.09091,35045.62859,0.7071067811865476,-0.7071067811865475,14.41,89.4,3.59,0.0,33208.35307
23040.72948,22947.37688,45988.106360000005,-0.5000000000000004,0.8660254037844384,14.78,61.88,3.2200000000000006,0.0,38373.55932
32811.29181,16387.9952,49199.28701,-0.8660254037844386,0.5000000000000001,12.62,60.48,5.380000000000001,0.0,38004.56274
26244.07484,25332.18462,51576.25946,-0.9659258262890684,0.2588190451025203,21.88,72.6,0.0,0.0,44935.62914
20045.62118,18001.45455,38047.07573,0.49999999999999994,-0.8660254037844387,13.96,78.7,4.039999999999999,0.0,34138.38536
13222.46088,6280.912365,19503.373245000002,0.9659258262890683,-0.25881904510252063,5.724,87.9,12.276,0.0,18482.12928
16463.95112,11351.27273,27815.223850000002,0.9659258262890683,-0.25881904510252063,12.74,79.5,5.26,0.0,24267.64263
27959.87328,29028.71473,56988.58801,-1.0,-1.8369701987210297e-16,27.05,73.9,0.0,3.0500000000000007,39367.45838
22656.19835,8720.963855,31377.162205,0.7071067811865476,-0.7071067811865475,11.81,47.31,6.1899999999999995,0.0,27058.46154
20341.46341,18133.54839,38475.0118,-0.2588190451025208,-0.9659258262890683,20.51,51.44,0.0,0.0,35111.48936
14048.23285,10527.50769,24575.74054,0.9659258262890683,-0.25881904510252063,19.82,85.1,0.0,0.0,22531.39073
23729.31393,24977.72308,48707.03701,-0.25881904510252157,0.9659258262890681,18.92,56.19,0.0,0.0,41985.69536
17126.58228,20907.11297,38033.69525,0.8660254037844386,0.5000000000000001,22.35,73.4,0.0,0.0,25967.84053
14452.39085,12577.47692,27029.867769999997,1.0,6.123233995736766e-17,18.17,65.41,0.0,0.0,23307.01987
16793.77593,11835.13678,28628.91271,0.25881904510252074,0.9659258262890683,20.77,64.9,0.0,0.0,26777.06783
13741.46341,14516.12903,28257.59244,0.49999999999999994,0.8660254037844387,10.23,81.1,7.77,0.0,23370.89362
23822.86902,29408.49231,53231.36133,0.0,1.0,21.54,80.4,0.0,0.0,43918.4106
16345.94595,11407.75385,27753.6998,0.9659258262890683,-0.25881904510252063,20.13,87.2,0.0,0.0,24336.95364
18219.08561,7237.454982,25456.540591999998,0.9659258262890683,-0.25881904510252063,4.581,86.8,13.419,0.0,22180.98859
11926.82927,14701.93548,26628.764750000002,0.7071067811865475,0.7071067811865476,14.8,76.9,3.1999999999999993,0.0,24375.82979
24806.38233,13944.77791,38751.16024,-0.9659258262890683,-0.25881904510252063,17.17,58.68,0.8299999999999983,0.0,29846.38783
15030.5499,12421.81818,27452.36808,0.9659258262890683,-0.25881904510252063,13.36,89.0,4.640000000000001,0.0,24652.05597
23959.87842,22889.63855,46849.51697,-0.5000000000000004,0.8660254037844384,11.44,85.2,6.5600000000000005,0.0,38448.60759
23138.04574,23689.84615,46827.89189,0.49999999999999994,0.8660254037844387,17.5,66.25,0.5,0.0,38298.27815
13743.46505,14186.0241,27929.48915,0.8660254037844386,0.5000000000000001,9.14,75.0,8.86,0.0,22067.8481
24047.41641,19352.44221,43399.85862,-0.9659258262890683,-0.25881904510252063,16.92,50.7,1.0799999999999983,0.0,35463.05085
15938.58921,12185.28875,28123.877959999998,0.9659258262890683,0.25881904510252074,16.83,63.82,1.1700000000000017,0.0,27319.0372
13633.80855,16349.09091,29982.89946,0.25881904510252074,0.9659258262890683,14.86,87.2,3.1400000000000006,0.0,25086.07104
28213.69295,19993.67781,48207.370760000005,-0.9659258262890684,0.2588190451025203,22.42,42.45,0.0,0.0,46168.22757
22161.57025,10883.85542,33045.42567,-0.7071067811865471,-0.7071067811865479,21.18,41.41,0.0,0.0,29366.15385
20667.68948,8078.751501,28746.440981,0.8660254037844387,-0.49999999999999983,13.29,65.02,4.710000000000001,0.0,25831.17871
19487.60331,7749.39759,27237.0009,0.8660254037844387,-0.49999999999999983,19.79,77.2,0.0,0.0,24763.07692
26333.88773,19351.01124,45684.898969999995,-0.7071067811865477,0.7071067811865474,26.78,51.88,0.0,2.780000000000001,44321.41593
19444.39919,19601.45455,39045.85374,1.2246467991473532e-16,-1.0,13.99,89.8,4.01,0.0,34107.38428
26766.20908,24797.49216,51563.70124,0.49999999999999994,-0.8660254037844387,27.38,59.05,0.0,3.379999999999999,34457.71365
15330.09119,10848.48241,26178.5736,0.8660254037844387,-0.49999999999999983,11.85,66.28,6.15,0.0,25322.0339
16121.41372,13632.19612,29753.60984,0.7071067811865475,0.7071067811865476,22.39,80.2,0.0,0.0,26467.9646
26910.18711,26147.44615,53057.63326,-0.7071067811865477,0.7071067811865474,20.74,82.1,0.0,0.0,43765.82781
16167.00611,19054.54545,35221.55156,1.2246467991473532e-16,-1.0,17.26,86.8,0.7399999999999984,0.0,40406.80301
14061.66843,13421.94357,27483.612,0.9659258262890683,0.25881904510252074,22.64,88.6,0.0,0.0,24369.72253
20243.96285,19880.16194,40124.12479,-0.25881904510252157,0.9659258262890681,20.95,67.25,0.0,0.0,32256.0
20619.82203,11127.0108,31746.83283,0.0,1.0,10.11,84.8,7.890000000000001,0.0,25466.1597
23866.80498,12792.21884,36659.02382,-0.7071067811865471,-0.7071067811865479,20.57,87.8,0.0,0.0,35417.06783
18797.17705,10112.84514,28910.022189999996,0.25881904510252074,0.9659258262890683,16.36,70.9,1.6400000000000006,0.0,23203.04183
33032.21847,15385.35414,48417.57261,-0.9659258262890684,0.2588190451025203,16.15,71.9,1.8500000000000014,0.0,40517.11027
33273.96694,16828.91566,50102.8826,-0.9659258262890684,0.2588190451025203,17.88,62.71,0.120000000000001,0.0,39483.07692
25065.28067,20162.94178,45228.22245,-0.9659258262890684,0.2588190451025203,21.98,69.9,0.0,0.0,44805.66372
27849.63041,27867.08464,55716.71505,-0.8660254037844384,-0.5000000000000004,32.98,38.55,0.0,8.979999999999997,38555.56049
19028.04878,19143.87097,38171.91975,-0.25881904510252157,0.9659258262890681,9.95,69.08,8.05,0.0,30711.82979
12886.32219,16683.73869,29570.060879999997,0.25881904510252074,0.9659258262890683,13.37,58.88,4.630000000000001,0.0,25114.57627
13491.79331,14758.55422,28250.34753,0.7071067811865475,0.7071067811865476,12.43,71.0,5.57,0.0,21982.78481
20849.37759,13124.86322,33974.24081,0.49999999999999994,-0.8660254037844387,19.98,76.2,0.0,0.0,34188.18381
29316.90428,29032.72727,58349.63155,-0.9659258262890684,0.2588190451025203,16.06,87.0,1.9400000000000013,0.0,39532.57266
23501.0395,23884.8,47385.8395,0.25881904510252074,0.9659258262890683,20.16,87.5,0.0,0.0,38247.41722
15818.34919,9859.303721,25677.652911,0.7071067811865475,0.7071067811865476,8.29,89.6,9.71,0.0,21067.68061
16187.23404,15955.66265,32142.89669,0.0,1.0,14.53,80.3,3.4700000000000006,0.0,26302.78481
25909.59752,25144.61538,51054.2129,-0.7071067811865477,0.7071067811865474,23.48,43.56,0.0,0.0,43209.44262
17798.34025,13615.07599,31413.41624,0.0,1.0,24.55,45.88,0.0,0.5500000000000007,30249.45295
27490.22869,33354.83077,60845.059460000004,-0.7071067811865477,0.7071067811865474,22.08,82.5,0.0,0.0,47211.65563
17648.78049,12681.29032,30330.07081,0.7071067811865476,-0.7071067811865475,10.88,88.3,7.119999999999999,0.0,28150.46809
20363.41463,22006.45161,42369.86624,-1.0,-1.8369701987210297e-16,18.14,64.22,0.0,0.0,35895.82979
33009.91736,16765.3012,49775.21856,-0.9659258262890683,-0.25881904510252063,20.09,70.5,0.0,0.0,38806.15385
18399.50905,9934.213685,28333.722735000003,1.0,6.123233995736766e-17,8.76,85.9,9.24,0.0,22661.59696
26691.79331,25775.42169,52467.215,-0.9659258262890684,0.2588190451025203,12.61,80.0,5.390000000000001,0.0,43740.75949
16595.27462,9945.738295,26541.012915,0.49999999999999994,0.8660254037844387,7.9,84.1,10.1,0.0,22223.57414
18393.80805,16562.91498,34956.72303,0.49999999999999994,-0.8660254037844387,23.75,49.72,0.0,0.0,29826.09836
21607.43034,18603.40081,40210.83115,-0.9659258262890683,-0.25881904510252063,27.69,47.26,0.0,3.6900000000000013,35202.09836
21618.6722,12821.39818,34440.070380000005,-0.7071067811865471,-0.7071067811865479,22.11,72.1,0.0,0.0,33614.7046
33455.66125,16261.22449,49716.88574,-1.0,-1.8369701987210297e-16,13.47,49.57,4.529999999999999,0.0,39324.71483
13995.13678,13995.18072,27990.3175,0.7071067811865475,0.7071067811865476,8.92,62.5,9.08,0.0,21964.55696
25752.6971,9442.431611,35195.128711,0.49999999999999994,-0.8660254037844387,20.19,66.44,0.0,0.0,32593.78556
26520.99792,22887.02758,49408.0255,-1.0,-1.8369701987210297e-16,24.58,71.0,0.0,0.5799999999999983,43798.93805
23093.98099,24087.27273,47181.25372,0.49999999999999994,0.8660254037844387,26.37,47.75,0.0,2.370000000000001,30705.08324
23093.13929,13861.65475,36954.79404,-0.7071067811865471,-0.7071067811865479,24.05,66.19,0.0,0.05000000000000071,36809.20354
13524.62006,14018.31325,27542.93331,0.7071067811865475,0.7071067811865476,7.53,81.3,10.469999999999999,0.0,21302.27848
21704.13223,14035.66265,35739.79488,0.0,1.0,19.36,76.3,0.0,0.0,26326.15385
29286.58923,26855.92476,56142.51399000001,-0.8660254037844386,0.5000000000000001,25.52,82.4,0.0,1.5199999999999996,48432.58602
13408.31601,12736.98462,26145.300629999998,0.9659258262890683,-0.25881904510252063,19.74,86.3,0.0,0.0,23218.01325
20518.50312,11625.90398,32144.4071,0.7071067811865476,-0.7071067811865475,22.26,72.7,0.0,0.0,33661.59292
17711.8541,12902.16867,30614.02277,0.7071067811865476,-0.7071067811865475,13.5,83.7,4.5,0.0,28496.20253
29861.92083,16140.21609,46002.13692,-1.0,-1.8369701987210297e-16,16.12,60.05,1.879999999999999,0.0,37098.09886
15384.80243,17540.24096,32925.04339,-0.2588190451025208,-0.9659258262890683,13.68,60.83,4.32,0.0,36085.06329
16331.70732,16449.67742,32781.38474,0.0,1.0,11.18,73.6,6.82,0.0,27721.53191
14852.80665,13385.08682,28237.893470000003,0.8660254037844386,0.5000000000000001,21.0,80.4,0.0,0.0,26614.51327
19002.9106,16115.05618,35117.96678,-1.0,-1.8369701987210297e-16,23.05,43.08,0.0,0.0,35949.02655
25277.69254,9859.303721,35136.996261,-0.4999999999999998,-0.8660254037844388,16.42,58.78,1.5799999999999983,0.0,31568.06084
20480.24316,16168.52261,36648.76577,-0.4999999999999998,-0.8660254037844388,10.84,75.8,7.16,0.0,32857.62712
17216.09907,16370.52632,33586.62539,0.25881904510252074,0.9659258262890683,15.6,89.8,2.4000000000000004,0.0,28101.2459
19025.46793,10222.32893,29247.79686,0.25881904510252074,0.9659258262890683,12.57,47.9,5.43,0.0,23507.22433
12669.65377,15441.45455,28111.10832,0.49999999999999994,0.8660254037844387,15.31,78.0,2.6899999999999995,0.0,23709.62325
26454.71125,25549.87952,52004.590769999995,-0.7071067811865477,0.7071067811865474,12.95,75.1,5.050000000000001,0.0,43054.17722
17910.7438,10854.93976,28765.683559999998,0.25881904510252074,0.9659258262890683,13.55,69.05,4.449999999999999,0.0,23286.15385
28754.43038,32523.51464,61277.94502,-0.8660254037844384,-0.5000000000000004,30.6,52.05,0.0,6.600000000000001,40122.25914
27273.18087,27902.03077,55175.21164,-0.8660254037844386,0.5000000000000001,21.47,47.81,0.0,0.0,44032.84768
27044.81328,18692.27964,45737.092919999996,-0.7071067811865477,0.7071067811865474,20.05,90.1,0.0,0.0,43634.83589
18843.9834,13760.97264,32604.95604,-0.4999999999999998,-0.8660254037844388,22.47,59.13,0.0,0.0,33520.17505
17271.78423,9080.607903,26352.392133,1.0,6.123233995736766e-17,19.67,70.6,0.0,0.0,24842.36324
17146.77755,20546.95385,37693.731400000004,0.8660254037844386,0.5000000000000001,20.08,81.2,0.0,0.0,30859.86755
15426.97095,12313.67781,27740.64876,0.7071067811865475,0.7071067811865476,17.04,63.39,0.9600000000000009,0.0,26209.89059
14301.16156,11062.57053,25363.73209,1.0,6.123233995736766e-17,24.05,92.8,0.0,0.05000000000000071,22266.45949
22898.5447,13426.27171,36324.81641,-0.4999999999999998,-0.8660254037844388,26.27,68.36,0.0,2.2699999999999996,36216.63717
18291.89189,12979.12155,31271.01344,0.8660254037844387,-0.49999999999999983,22.13,88.9,0.0,0.0,29551.85841
16827.24762,9260.02401,26087.271629999996,0.7071067811865475,0.7071067811865476,13.98,83.0,4.02,0.0,20915.58935
25616.44676,9052.581032,34669.027792,-0.2588190451025208,-0.9659258262890683,15.91,79.4,2.09,0.0,31282.12928
17604.17306,6914.765906,24518.938966,0.9659258262890683,-0.25881904510252063,13.67,80.2,4.33,0.0,22479.08745
30179.93664,32242.75862,62422.69526,-0.8660254037844386,0.5000000000000001,24.12,83.7,0.0,0.120000000000001,48125.72697
17656.43154,13690.94225,31347.37379,0.0,1.0,20.7,83.9,0.0,0.0,29241.13786
12951.21951,14138.70968,27089.929190000003,0.8660254037844386,0.5000000000000001,14.91,61.59,3.09,0.0,24584.17021
25717.00106,31255.67398,56972.67504,-1.0,-1.8369701987210297e-16,24.54,42.81,0.0,0.5399999999999991,37475.16093
32697.52066,16337.3494,49034.87006,-0.9659258262890684,0.2588190451025203,16.8,56.22,1.1999999999999993,0.0,38701.53846
29613.37386,27585.54217,57198.91603,-0.9659258262890684,0.2588190451025203,14.31,57.26,3.6899999999999995,0.0,45101.77215
19770.06237,18144.88253,37914.9449,-0.25881904510252157,0.9659258262890681,19.56,68.56,0.0,0.0,33629.73451
14323.40426,15114.93467,29438.338929999998,0.49999999999999994,0.8660254037844387,11.32,63.15,6.68,0.0,24016.27119
14149.27235,10816.98462,24966.25697,1.0,6.123233995736766e-17,18.77,77.5,0.0,0.0,22416.95364
15800.6192,15898.2996,31698.9188,0.0,1.0,18.61,64.64,0.0,0.0,26577.83607
22106.99088,24000.96482,46107.955700000006,-0.5000000000000004,0.8660254037844384,9.01,53.11,8.99,0.0,36622.37288
23986.55804,28782.54545,52769.10349,-0.9659258262890684,0.2588190451025203,17.53,74.6,0.46999999999999886,0.0,45025.9634
26841.33739,24846.15075,51687.48814,-0.9659258262890684,0.2588190451025203,15.1,61.23,2.9000000000000004,0.0,44096.94915
21533.12693,20165.82996,41698.95689,-0.25881904510252157,0.9659258262890681,18.1,82.7,0.0,0.0,34094.16393
15258.20433,16702.83401,31961.03834,0.25881904510252074,0.9659258262890683,18.5,64.35,0.0,0.0,25482.4918
20542.24924,20886.51256,41428.7618,-1.0,-1.8369701987210297e-16,13.49,76.3,4.51,0.0,36176.94915
19917.31161,25250.90909,45168.220700000005,-0.5000000000000004,0.8660254037844384,14.64,87.4,3.3599999999999994,0.0,37393.49839
14668.87967,12728.02432,27396.90399,0.9659258262890683,0.25881904510252074,13.76,73.3,4.24,0.0,27060.65646
14710.0304,15329.12563,30039.15603,0.25881904510252074,0.9659258262890683,9.87,88.3,8.13,0.0,25590.50847
22772.61411,10031.8541,32804.46821,0.7071067811865476,-0.7071067811865475,13.16,86.7,4.84,0.0,28314.74836
22705.39419,17595.13678,40300.53097,-0.5000000000000004,0.8660254037844384,18.5,74.0,0.0,0.0,38234.04814
13575.15275,15272.72727,28847.880019999997,0.7071067811865475,0.7071067811865476,16.82,72.0,1.1799999999999997,0.0,23666.22174
27183.36798,31913.35385,59096.721829999995,-0.7071067811865477,0.7071067811865474,24.22,75.0,0.0,0.21999999999999886,42901.19205
21871.4876,10560.0,32431.4876,-0.7071067811865471,-0.7071067811865479,21.25,42.81,0.0,0.0,29144.61538
25618.25726,12284.49848,37902.75574,-0.2588190451025208,-0.9659258262890683,21.21,78.0,0.0,0.0,34635.62363
14974.39024,15526.45161,30500.84185,0.25881904510252074,0.9659258262890683,9.55,68.38,8.45,0.0,25221.44681
26256.84647,19019.08815,45275.93462,-0.9659258262890684,0.2588190451025203,20.58,81.7,0.0,0.0,44353.26039
10338.08554,10274.90909,20612.99463,1.0,6.123233995736766e-17,12.62,83.7,5.380000000000001,0.0,19146.2648
15150.62241,11975.19757,27125.81998,0.7071067811865475,0.7071067811865476,19.84,85.1,0.0,0.0,25825.47046
17749.79253,14432.09726,32181.88979,-0.25881904510252157,0.9659258262890681,20.72,62.45,0.0,0.0,31799.73742
24977.08978,22148.01619,47125.10597,-0.9659258262890684,0.2588190451025203,19.07,63.4,0.0,0.0,39457.57377
27162.31003,25723.37349,52885.683520000006,-0.8660254037844386,0.5000000000000001,11.51,73.6,6.49,0.0,43048.10127
22759.4509,24845.64263,47605.09353,0.25881904510252074,0.9659258262890683,21.19,64.2,0.0,0.0,31926.12653
29408.71369,19684.3769,49093.09059,-0.8660254037844386,0.5000000000000001,18.47,91.2,0.0,0.0,45682.97593
18832.17923,18187.63636,37019.81559,-0.8660254037844384,-0.5000000000000004,19.47,59.37,0.0,0.0,32985.14532
22218.98734,25058.41004,47277.397379999995,0.7071067811865476,-0.7071067811865475,28.43,32.08,0.0,4.43,31702.32558
26235.04142,9444.417767,35679.459187,1.2246467991473532e-16,-1.0,13.05,79.0,4.949999999999999,0.0,32285.93156
22899.58506,11811.79331,34711.37837,0.258819045102521,-0.9659258262890682,19.71,87.4,0.0,0.0,35706.95842
24613.0031,26234.81781,50847.82091,-0.8660254037844386,0.5000000000000001,22.33,44.33,0.0,0.0,44065.57377
21727.23493,13538.05924,35265.29417,-0.8660254037844384,-0.5000000000000004,26.18,68.62,0.0,2.1799999999999997,34865.84071
15197.56098,10800.0,25997.560980000002,0.9659258262890683,-0.25881904510252063,9.95,89.0,8.05,0.0,22923.57447
22430.76923,21033.70787,43464.477100000004,-0.5000000000000004,0.8660254037844384,19.06,56.63,0.0,0.0,41683.53982
21206.19195,21978.94737,43185.13932,0.49999999999999994,0.8660254037844387,19.36,79.7,0.0,0.0,37090.62295
12940.93686,15208.72727,28149.664129999997,0.7071067811865475,0.7071067811865476,15.03,83.4,2.9700000000000006,0.0,23474.01507
23230.39514,18089.63855,41320.03369,-0.4999999999999998,-0.8660254037844388,11.6,62.74,6.4,0.0,34936.70886
25553.30579,14145.54217,39698.84796,-0.8660254037844384,-0.5000000000000004,20.47,65.14,0.0,0.0,31360.0
21839.24051,25040.33473,46879.57524,0.7071067811865476,-0.7071067811865475,26.31,62.2,0.0,2.3099999999999987,33060.99668
20169.5122,17361.29032,37530.80252,-0.2588190451025208,-0.9659258262890683,11.93,85.1,6.07,0.0,35319.82979
17073.96694,11612.53012,28686.497059999998,0.8660254037844386,0.5000000000000001,12.56,77.0,5.4399999999999995,0.0,21987.69231
27518.26625,25529.39271,53047.65896,-0.8660254037844386,0.5000000000000001,19.5,82.5,0.0,0.0,45740.06557
13159.7561,13749.67742,26909.43352,0.7071067811865475,0.7071067811865476,9.55,87.7,8.45,0.0,22464.0
25634.67492,25272.87449,50907.54941,-0.5000000000000004,0.8660254037844384,19.48,86.2,0.0,0.0,42277.77049
18663.54379,17693.09091,36356.634699999995,-0.8660254037844384,-0.5000000000000004,15.97,83.5,2.0299999999999994,0.0,32104.71475
13831.77189,14946.90909,28778.680979999997,0.7071067811865475,0.7071067811865476,14.29,64.9,3.710000000000001,0.0,23399.61249
15173.25228,16290.09045,31463.34273,0.25881904510252074,0.9659258262890683,13.67,75.2,4.33,0.0,25462.37288
28938.17427,19672.70517,48610.879440000004,-0.9659258262890684,0.2588190451025203,19.84,82.3,0.0,0.0,46634.5733
26260.8162,12492.67707,38753.49327,0.258819045102521,-0.9659258262890682,9.18,90.8,8.82,0.0,33344.48669
26036.51452,11654.22492,37690.739440000005,-0.8660254037844384,-0.5000000000000004,17.52,71.5,0.4800000000000004,0.0,32051.81619
23479.74684,28131.21339,51610.96023,-1.0,-1.8369701987210297e-16,28.21,61.86,0.0,4.210000000000001,36110.03322
19010.73949,9461.704682,28472.444172,1.0,6.123233995736766e-17,6.511,87.0,11.489,0.0,23519.39163
18795.13678,18924.0603,37719.19708,-0.25881904510252157,0.9659258262890681,9.26,86.8,8.74,0.0,29733.55932
21465.04559,21285.94975,42750.99534,-0.5000000000000004,0.8660254037844384,14.16,66.49,3.84,0.0,35304.40678
23370.06237,23418.09231,46788.15468,0.0,1.0,20.99,86.9,0.0,0.0,37306.49007
22876.82927,18174.19355,41051.02282,-0.2588190451025208,-0.9659258262890683,16.62,66.89,1.379999999999999,0.0,38444.93617
30216.94215,16528.19277,46745.13492,-0.8660254037844386,0.5000000000000001,16.62,69.19,1.379999999999999,0.0,37993.84615
16926.66462,9012.244898,25938.909518,0.9659258262890683,0.25881904510252074,14.28,73.8,3.7200000000000006,0.0,21742.96578
14093.61702,14937.83133,29031.44835,0.49999999999999994,0.8660254037844387,14.86,85.7,3.1400000000000006,0.0,23580.75949
24842.55319,26342.16867,51184.72186,-0.9659258262890684,0.2588190451025203,11.5,70.6,6.5,0.0,40514.43038
21793.31307,22507.41709,44300.73016,-0.5000000000000004,0.8660254037844384,10.62,82.9,7.380000000000001,0.0,37031.18644
27737.21414,28114.70769,55851.92183,-0.9659258262890684,0.2588190451025203,23.12,57.08,0.0,0.0,45711.25828
13962.31003,13440.0,27402.31003,0.7071067811865476,-0.7071067811865475,15.03,52.65,2.9700000000000006,0.0,24753.41772
12955.6231,14767.59799,27723.22109,0.49999999999999994,0.8660254037844387,8.2,54.42,9.8,0.0,22252.88136
17135.56231,12266.77387,29402.336180000002,0.8660254037844387,-0.49999999999999983,13.7,69.41,4.300000000000001,0.0,25999.32203
21526.68024,18629.81818,40156.49842,0.258819045102521,-0.9659258262890682,15.58,83.1,2.42,0.0,32365.12379
27472.23075,14728.45138,42200.68213,-0.7071067811865477,0.7071067811865474,15.03,76.1,2.9700000000000006,0.0,33806.84411
16554.77178,8981.398176,25536.169955999998,1.0,6.123233995736766e-17,23.32,66.06,0.0,0.0,26304.42013
30486.35438,27531.63636,58017.99074,-0.9659258262890684,0.2588190451025203,16.13,86.5,1.870000000000001,0.0,33580.36598
14141.78794,16238.61083,30380.39877,0.7071067811865475,0.7071067811865476,20.09,57.49,0.0,0.0,27461.9469
25636.92946,11496.65653,37133.58599,-0.8660254037844384,-0.5000000000000004,16.51,88.8,1.4899999999999984,0.0,31093.91685
13480.85106,14466.57286,27947.42392,0.49999999999999994,0.8660254037844387,14.77,57.64,3.2300000000000004,0.0,22454.23729
18052.39085,20600.12308,38652.51393,0.7071067811865475,0.7071067811865476,22.48,83.4,0.0,0.0,28602.91391
24997.8521,9686.434574,34684.286674,-0.8660254037844384,-0.5000000000000004,16.08,63.32,1.9200000000000017,0.0,30698.09886
25645.90365,10095.55822,35741.46187,-0.4999999999999998,-0.8660254037844388,17.27,42.22,0.7300000000000004,0.0,31422.05323
15505.16717,11809.15663,27314.3238,0.9659258262890683,-0.25881904510252063,11.54,84.8,6.460000000000001,0.0,24382.78481
30912.39669,21675.18072,52587.57741,-0.8660254037844386,0.5000000000000001,15.96,81.8,2.039999999999999,0.0,37156.92308
14648.78049,12089.03226,26737.812749999997,1.0,6.123233995736766e-17,14.9,84.9,3.0999999999999996,0.0,23763.06383
20808.51064,16938.45226,37746.9629,-0.8660254037844384,-0.5000000000000004,13.6,49.92,4.4,0.0,34187.79661
23832.81734,22305.4251,46138.24244,-0.25881904510252157,0.9659258262890681,17.75,82.5,0.25,0.0,38135.60656
23456.53495,23097.88945,46554.4244,-0.5000000000000004,0.8660254037844384,12.65,60.11,5.35,0.0,38587.11864
19097.56098,18731.6129,37829.17388,-1.0,-1.8369701987210297e-16,18.52,63.21,0.0,0.0,32954.55319
16178.00407,20765.09091,36943.09498,-1.0,-1.8369701987210297e-16,19.36,63.17,0.0,0.0,31571.49623
19728.89813,17491.80797,37220.7061,-1.0,-1.8369701987210297e-16,23.72,74.1,0.0,0.0,34955.04425
18610.97561,20850.96774,39461.94335,-0.5000000000000004,0.8660254037844384,13.98,81.3,4.02,0.0,36042.89362
12229.73523,10775.27273,23005.007960000003,0.9659258262890683,-0.25881904510252063,16.0,84.7,2.0,0.0,25036.46932
20277.3857,11086.67467,31364.06037,0.0,1.0,10.74,68.4,7.26,0.0,24401.52091
13167.17325,13841.36683,27008.54008,0.8660254037844386,0.5000000000000001,13.55,73.0,4.449999999999999,0.0,21044.74576
21910.97561,16571.6129,38482.58851,1.2246467991473532e-16,-1.0,22.11,55.69,0.0,0.0,35283.06383
22679.61985,14126.1442,36805.76405,0.49999999999999994,-0.8660254037844387,25.07,93.0,0.0,1.0700000000000003,34662.28635
21670.95436,13860.18237,35531.13673,-0.9659258262890683,-0.25881904510252063,25.26,61.89,0.0,1.2600000000000016,35530.50328
13606.09756,10579.35484,24185.452400000002,1.0,6.123233995736766e-17,8.28,87.9,9.72,0.0,22084.08511
16832.94615,17225.83072,34058.77687,0.9659258262890683,0.25881904510252074,22.58,75.1,0.0,0.0,25756.98113
16675.25988,13449.80592,30125.065800000004,0.25881904510252074,0.9659258262890683,21.07,88.7,0.0,0.0,28385.84071
33344.6281,17557.59036,50902.218460000004,-0.9659258262890684,0.2588190451025203,19.23,46.66,0.0,0.0,39569.23077
14905.19751,10622.03077,25527.22828,0.9659258262890683,-0.25881904510252063,20.59,84.2,0.0,0.0,23319.7351
15352.28216,10411.18541,25763.46757,1.0,6.123233995736766e-17,16.57,64.96,1.4299999999999997,0.0,24943.19475
25625.31646,33240.50209,58865.818549999996,0.0,1.0,25.55,81.1,0.0,1.5500000000000007,33622.32558
17599.5842,11720.04086,29319.62506,0.8660254037844386,0.5000000000000001,21.27,79.3,0.0,0.0,26697.34513
18998.73418,21726.5272,40725.261379999996,0.8660254037844386,0.5000000000000001,20.98,66.17,0.0,0.0,27492.3588
25513.34765,9755.582233,35268.929883,-0.8660254037844384,-0.5000000000000004,16.75,56.91,1.25,0.0,30758.93536
12357.44681,10784.80402,23142.250829999997,0.9659258262890683,-0.25881904510252063,10.89,80.9,7.109999999999999,0.0,20507.79661
18376.82927,14957.41935,33334.24862,0.7071067811865476,-0.7071067811865475,16.82,70.3,1.1799999999999997,0.0,31140.76596
23320.12384,17862.99595,41183.11979,-0.4999999999999998,-0.8660254037844388,18.22,75.6,0.0,0.0,36083.40984
26725.05092,26775.27273,53500.323650000006,-0.7071067811865477,0.7071067811865474,16.07,87.2,1.9299999999999997,0.0,35626.43703
17898.9605,14855.97549,32754.93599,0.258819045102521,-0.9659258262890682,27.38,46.92,0.0,3.379999999999999,33069.02655
24552.31666,13011.28451,37563.60117,-0.25881904510252157,0.9659258262890681,10.12,84.9,7.880000000000001,0.0,29955.89354
27185.95041,10588.91566,37774.866070000004,1.2246467991473532e-16,-1.0,19.44,55.95,0.0,0.0,35230.76923
21744.45618,19218.05643,40962.512610000005,0.9659258262890683,-0.25881904510252063,24.77,48.85,0.0,0.7699999999999996,29656.64817
21089.3617,17297.3494,38386.7111,1.2246467991473532e-16,-1.0,16.91,49.12,1.0899999999999999,0.0,34985.31646
16970.84995,9450.180072,26421.030022,0.7071067811865475,0.7071067811865476,14.75,59.95,3.25,0.0,20733.07985
26386.36364,10583.13253,36969.49617,-0.4999999999999998,-0.8660254037844388,19.44,62.36,0.0,0.0,31292.30769
19967.35537,7998.072289,27965.427659,0.8660254037844387,-0.49999999999999983,19.73,56.84,0.0,0.0,24196.92308
24458.71172,20674.60815,45133.31987,0.8660254037844387,-0.49999999999999983,24.47,60.65,0.0,0.46999999999999886,31440.26637
25422.4924,24759.31658,50181.80898,-0.9659258262890684,0.2588190451025203,10.73,80.9,7.27,0.0,42699.66102
33625.03836,16272.7491,49897.78746,-1.0,-1.8369701987210297e-16,14.34,54.17,3.66,0.0,39884.41065
13883.57588,8725.311542,22608.887422,0.9659258262890683,-0.25881904510252063,21.76,46.75,0.0,0.0,24033.9823
15994.70468,12334.54545,28329.25013,0.9659258262890683,-0.25881904510252063,16.72,76.9,1.2800000000000011,0.0,25582.08827
22123.17073,18360.0,40483.17073,-0.9659258262890683,-0.25881904510252063,12.42,75.9,5.58,0.0,37011.06383
18311.13839,7093.397359,25404.535749,0.9659258262890683,-0.25881904510252063,15.18,63.85,2.8200000000000003,0.0,22771.10266
20200.06137,11190.39616,31390.45753,0.0,1.0,8.7,76.2,9.3,0.0,24328.51711
23546.74923,22684.37247,46231.1217,-0.25881904510252157,0.9659258262890681,22.56,60.37,0.0,0.0,37946.7541
17944.21488,12647.71084,30591.92572,0.25881904510252074,0.9659258262890683,18.33,68.48,0.0,0.0,23729.23077
22213.63636,12399.03614,34612.6725,0.0,1.0,17.65,53.14,0.3500000000000014,0.0,26701.53846
13820.77393,15831.27273,29652.04666,0.7071067811865475,0.7071067811865476,11.82,72.1,6.18,0.0,24230.44133
25837.37343,10176.23049,36013.60392,-0.8660254037844384,-0.5000000000000004,16.6,56.07,1.3999999999999986,0.0,31026.61597
20084.21053,18580.08097,38664.2915,0.0,1.0,17.47,84.8,0.5300000000000011,0.0,31261.37705
16980.49793,12628.81459,29609.31252,0.7071067811865475,0.7071067811865476,20.33,69.79,0.0,0.0,24861.26915
26678.63777,27208.42105,53887.058820000006,-0.8660254037844386,0.5000000000000001,21.48,77.2,0.0,0.0,43763.40984
20582.12058,23672.12308,44254.24366,-0.9659258262890683,-0.25881904510252063,24.14,67.48,0.0,0.14000000000000057,36365.56291
25207.73243,9179.351741,34387.084171,1.2246467991473532e-16,-1.0,12.08,82.0,5.92,0.0,32255.51331
14575.88358,12796.73136,27372.61494,0.7071067811865475,0.7071067811865476,21.83,51.02,0.0,0.0,26856.63717
19086.07595,22455.56485,41541.640799999994,0.49999999999999994,0.8660254037844387,26.18,40.92,0.0,2.1799999999999997,28729.83389
22317.01245,11549.17933,33866.19178,0.49999999999999994,-0.8660254037844387,20.44,83.5,0.0,0.0,34333.1291
27317.42344,24761.37931,52078.80275,0.258819045102521,-0.9659258262890682,26.5,54.28,0.0,2.5,41042.39734
23683.81743,13585.89666,37269.71409,1.2246467991473532e-16,-1.0,25.39,43.19,0.0,1.3900000000000006,37855.92998
21652.39085,16085.63841,37738.029259999996,-0.4999999999999998,-0.8660254037844388,26.42,63.22,0.0,2.4200000000000017,36038.23009
11252.27964,10993.20603,22245.485670000002,0.9659258262890683,-0.25881904510252063,13.77,71.3,4.23,0.0,19025.08475
32077.21519,30444.85356,62522.06875,-1.0,-1.8369701987210297e-16,31.55,37.32,0.0,7.550000000000001,39911.7608
27078.24486,12429.29172,39507.53658,-0.2588190451025208,-0.9659258262890683,15.64,75.2,2.3599999999999994,0.0,32955.13308
19294.09369,17553.45455,36847.548240000004,-0.8660254037844384,-0.5000000000000004,20.77,48.15,0.0,0.0,32129.51561
31899.58506,17338.35866,49237.94372,-0.8660254037844386,0.5000000000000001,19.47,86.0,0.0,0.0,38990.28446
13816.41337,14827.95181,28644.36518,0.49999999999999994,0.8660254037844387,14.87,85.7,3.130000000000001,0.0,23453.16456
14378.1155,13081.44578,27459.56128,0.9659258262890683,-0.25881904510252063,8.51,85.8,9.49,0.0,23082.53165
24139.02439,25292.90323,49431.92762,-0.8660254037844386,0.5000000000000001,13.78,57.51,4.220000000000001,0.0,41821.2766
26483.89058,25503.61446,51987.505040000004,-0.8660254037844386,0.5000000000000001,13.78,71.4,4.220000000000001,0.0,43157.46835
25738.87734,26885.90769,52624.78503,0.0,1.0,19.92,71.8,0.0,0.0,43549.66887
29261.15702,21091.08434,50352.24136,-0.7071067811865477,0.7071067811865474,14.55,86.1,3.4499999999999993,0.0,35581.53846
20808.51064,16458.79518,37267.30582,0.258819045102521,-0.9659258262890682,15.08,57.23,2.92,0.0,27894.68354
15760.48632,12231.3253,27991.81162,0.8660254037844387,-0.49999999999999983,8.4,84.2,9.6,0.0,25512.91139
25222.78481,30788.28452,56011.06933,0.0,1.0,22.97,66.96,0.0,0.0,37615.41528
29244.39834,18277.93313,47522.331470000005,-0.7071067811865477,0.7071067811865474,19.12,65.27,0.0,0.0,36582.93217
18799.58678,10004.81928,28804.40606,1.0,6.123233995736766e-17,11.07,66.23,6.93,0.0,22726.15385
25240.12158,24196.62651,49436.748089999994,-0.5000000000000004,0.8660254037844384,11.43,52.42,6.57,0.0,38582.27848
17341.37214,16033.47692,33374.84906,0.8660254037844386,0.5000000000000001,20.45,84.3,0.0,0.0,27884.50331
21674.30341,20982.02429,42656.3277,-0.25881904510252157,0.9659258262890681,19.26,84.1,0.0,0.0,34660.72131
17288.79837,21474.90909,38763.707460000005,-0.25881904510252157,0.9659258262890681,14.6,88.5,3.4000000000000004,0.0,30815.06997
21994.93671,29926.69456,51921.63127,-0.9659258262890683,-0.25881904510252063,27.41,75.1,0.0,3.41,34343.12292
31165.38816,16013.44538,47178.83354,-0.7071067811865477,0.7071067811865474,12.22,85.7,5.779999999999999,0.0,37158.93536
24571.30977,9960.858018,34532.167788,0.49999999999999994,-0.8660254037844387,20.71,79.7,0.0,0.0,36191.15044
16250.1548,15793.36032,32043.51512,0.25881904510252074,0.9659258262890683,18.3,87.2,0.0,0.0,26212.72131
21182.92683,16786.45161,37969.37844,-0.2588190451025208,-0.9659258262890683,15.41,60.15,2.59,0.0,35424.0
14253.45198,7225.930372,21479.382352,0.9659258262890683,-0.25881904510252063,5.913,88.2,12.087,0.0,18719.39163
19203.64742,19396.62651,38600.273929999996,-0.25881904510252157,0.9659258262890681,17.12,70.5,0.879999999999999,0.0,31376.20253
24375.57533,10251.14046,34626.71579,0.49999999999999994,-0.8660254037844387,5.616,93.7,12.384,0.0,29858.55513
17071.93347,20724.18462,37796.11809,0.7071067811865475,0.7071067811865476,22.18,71.1,0.0,0.0,27859.07285
18777.27273,10108.91566,28886.188390000003,0.25881904510252074,0.9659258262890683,17.21,68.92,0.7899999999999991,0.0,23372.30769
14843.58452,18181.81818,33025.4027,0.0,1.0,13.18,82.5,4.82,0.0,26524.52099
17872.76507,20747.81538,38620.58045,0.7071067811865475,0.7071067811865476,21.55,77.8,0.0,0.0,28087.94702
17554.67775,11049.31563,28603.99338,0.8660254037844387,-0.49999999999999983,19.18,77.3,0.0,0.0,28640.70796
12879.02736,12961.44724,25840.4746,0.7071067811865476,-0.7071067811865475,6.539,59.47,11.461,0.0,22680.0
17066.2614,16666.98795,33733.24935,0.0,1.0,8.36,82.0,9.64,0.0,25525.06329
22032.58656,28613.81818,50646.40474,-0.8660254037844386,0.5000000000000001,17.41,68.18,0.5899999999999999,0.0,43141.09795
20615.19757,16620.72289,37235.92046,-0.4999999999999998,-0.8660254037844388,18.24,63.42,0.0,0.0,34231.89873
24816.05069,27469.84326,52285.89395,-0.7071067811865471,-0.7071067811865479,29.7,66.69,0.0,5.699999999999999,37072.40844
26079.02736,25199.27638,51278.30374,-0.9659258262890684,0.2588190451025203,15.28,61.38,2.7200000000000006,0.0,43584.40678
20391.53114,10740.93637,31132.46751,0.0,1.0,13.29,85.8,4.710000000000001,0.0,24711.78707
21461.53846,8642.941777,30104.480237,0.8660254037844387,-0.49999999999999983,20.32,81.5,0.0,0.0,29825.84071
23635.75884,14167.59959,37803.35843,0.49999999999999994,-0.8660254037844387,23.88,53.92,0.0,0.0,36987.61062
16886.1614,9640.336134,26526.497534000002,0.8660254037844386,0.5000000000000001,7.74,74.4,10.26,0.0,21286.69202
12703.95137,14128.19277,26832.14414,0.9659258262890683,0.25881904510252074,12.41,65.51,5.59,0.0,20840.50633
26075.37994,25147.17588,51222.555819999994,-0.9659258262890684,0.2588190451025203,14.18,68.51,3.8200000000000003,0.0,43865.08475
18950.51975,20972.30769,39922.82744,0.7071067811865475,0.7071067811865476,17.79,67.61,0.21000000000000085,0.0,35526.35762
27673.59667,19733.44229,47407.03896,-0.8660254037844386,0.5000000000000001,27.7,34.81,0.0,3.6999999999999993,46965.66372
27986.48363,27505.95611,55492.43974,-0.9659258262890683,-0.25881904510252063,27.46,69.67,0.0,3.460000000000001,39035.02775
15735.96674,12867.33401,28603.300750000002,0.7071067811865475,0.7071067811865476,16.81,85.8,1.1900000000000013,0.0,27047.78761
14319.5122,10701.29032,25020.802519999997,0.9659258262890683,-0.25881904510252063,11.74,74.1,6.26,0.0,22672.34043
16715.85366,16449.67742,33165.53108,-0.8660254037844384,-0.5000000000000004,19.34,44.16,0.0,0.0,28518.12766
25948.89124,23918.74608,49867.63732,0.7071067811865476,-0.7071067811865475,26.73,72.9,0.0,2.7300000000000004,36957.33629
27414.24149,26124.04858,53538.29007,-0.7071067811865477,0.7071067811865474,18.1,79.4,0.0,0.0,45123.14754
12618.29268,14069.03226,26687.32494,0.7071067811865475,0.7071067811865476,14.43,88.9,3.5700000000000003,0.0,22825.53191
19068.69301,15053.49398,34122.18699,0.49999999999999994,-0.8660254037844387,12.66,75.0,5.34,0.0,31436.96203
11667.07317,11572.25806,23239.33123,0.8660254037844387,-0.49999999999999983,11.73,71.7,6.27,0.0,21593.87234
26876.50728,26442.83077,53319.338050000006,-0.5000000000000004,0.8660254037844384,21.04,86.2,0.0,0.0,44007.41722
25196.6861,9167.827131,34364.513231,0.258819045102521,-0.9659258262890682,15.88,64.96,2.119999999999999,0.0,32577.94677
20812.0332,15424.19453,36236.22773,-0.25881904510252157,0.9659258262890681,18.5,84.3,0.0,0.0,34749.05908
22906.02911,18668.30769,41574.336800000005,-0.7071067811865471,-0.7071067811865479,20.74,64.03,0.0,0.0,35945.96026
18112.0332,11082.31003,29194.343230000002,0.49999999999999994,0.8660254037844387,20.89,64.17,0.0,0.0,23121.9256
21545.28875,16782.6506,38327.93935,-0.4999999999999998,-0.8660254037844388,15.48,63.76,2.5199999999999996,0.0,32694.68354
18843.17719,16826.18182,35669.35901,-0.7071067811865471,-0.7071067811865479,13.76,87.1,4.24,0.0,31571.49623
19221.8845,13378.25126,32600.135759999997,0.7071067811865476,-0.7071067811865475,11.67,86.1,6.33,0.0,25090.16949
15026.88391,18321.45455,33348.33846,0.0,1.0,13.41,68.67,4.59,0.0,27752.16362
21906.86071,24881.5526,46788.41331,-0.7071067811865477,0.7071067811865474,20.27,59.69,0.0,0.0,43333.80531
23676.78019,22387.04453,46063.824720000004,0.0,1.0,20.34,81.8,0.0,0.0,37355.01639
32571.06653,35005.39185,67576.45838,-0.8660254037844386,0.5000000000000001,22.7,50.12,0.0,0.0,49468.23529
21819.19505,18387.69231,40206.88735999999,-0.8660254037844384,-0.5000000000000004,22.09,68.74,0.0,0.0,34119.34426
12616.41337,13682.89157,26299.30494,0.8660254037844386,0.5000000000000001,14.94,70.6,3.0600000000000005,0.0,19637.46835
14221.67183,14528.25911,28749.93094,0.7071067811865475,0.7071067811865476,17.34,69.82,0.6600000000000001,0.0,23719.86885
24045.21385,27851.63636,51896.850210000004,-0.8660254037844386,0.5000000000000001,16.9,53.75,1.1000000000000014,0.0,44939.16039
18105.77508,14457.83133,32563.60641,0.49999999999999994,-0.8660254037844387,10.74,65.9,7.26,0.0,29529.11392
18025.66191,22859.63636,40885.29827,-0.25881904510252157,0.9659258262890681,14.54,89.4,3.460000000000001,0.0,33047.14747
32381.40496,15915.18072,48296.585680000004,-0.9659258262890683,-0.25881904510252063,18.45,61.58,0.0,0.0,38135.38462
19011.19324,20283.38558,39294.578819999995,0.25881904510252074,0.9659258262890683,23.3,86.4,0.0,0.0,30730.65483
15851.97505,12349.58121,28201.556259999998,0.8660254037844387,-0.49999999999999983,19.35,67.43,0.0,0.0,27003.18584
14017.02128,14486.74699,28503.76827,0.9659258262890683,0.25881904510252074,9.54,72.0,8.46,0.0,21897.72152
19946.34146,18081.29032,38027.631779999996,1.2246467991473532e-16,-1.0,20.0,58.91,0.0,0.0,34431.31915
15206.07903,15556.62651,30762.705540000003,0.25881904510252074,0.9659258262890683,9.13,81.7,8.87,0.0,24522.53165
27966.94215,19263.61446,47230.55661,-0.7071067811865477,0.7071067811865474,18.26,67.78,0.0,0.0,35243.07692
22288.56549,16673.99387,38962.55936,-0.4999999999999998,-0.8660254037844388,26.07,66.29,0.0,2.0700000000000003,33444.95575
24977.08978,25634.33198,50611.42176,-0.7071067811865477,0.7071067811865474,19.76,85.2,0.0,0.0,43939.67213
15831.81818,10236.14458,26067.962760000002,0.7071067811865475,0.7071067811865476,15.85,77.0,2.1500000000000004,0.0,21563.07692
23011.4053,23982.54545,46993.95075,-0.5000000000000004,0.8660254037844384,17.37,50.38,0.629999999999999,0.0,39086.15716
22965.90437,20611.93846,43577.84283,-0.7071067811865471,-0.7071067811865479,23.59,70.2,0.0,0.0,37344.63576
21923.55372,8807.710843,30731.264563,0.7071067811865476,-0.7071067811865475,10.12,78.0,7.880000000000001,0.0,27710.76923
19345.8116,7197.118848,26542.930448,0.8660254037844387,-0.49999999999999983,11.1,52.64,6.9,0.0,23105.70342
21107.59878,19789.87952,40897.4783,-0.9659258262890683,-0.25881904510252063,14.89,66.98,3.1099999999999994,0.0,33077.46835
23288.42975,13324.33735,36612.7671,-0.25881904510252157,0.9659258262890681,16.38,84.7,1.620000000000001,0.0,27556.92308
25626.61123,31027.2,56653.81123,-0.7071067811865477,0.7071067811865474,21.89,82.1,0.0,0.0,46741.19205
17309.12863,12453.7386,29762.86723,0.0,1.0,19.28,82.0,0.0,0.0,26802.27571
22296.0499,22461.04615,44757.09605,0.0,1.0,19.63,86.0,0.0,0.0,34687.15232
16267.21992,11875.98784,28143.207759999998,0.49999999999999994,0.8660254037844387,17.82,84.3,0.17999999999999972,0.0,25585.99562
26236.59044,25781.16923,52017.75967,-0.9659258262890684,0.2588190451025203,24.17,61.97,0.0,0.1700000000000017,45177.21854
25110.18711,20474.77017,45584.95728,-0.8660254037844386,0.5000000000000001,21.85,70.8,0.0,0.0,44901.23894
24644.98416,26518.87147,51163.85563,0.25881904510252074,0.9659258262890683,27.62,56.22,0.0,3.620000000000001,32232.98557
22475.60601,9721.008403,32196.614413,-0.4999999999999998,-0.8660254037844388,17.13,60.95,0.870000000000001,0.0,29183.26996
20729.46146,22414.04389,43143.50535,0.25881904510252074,0.9659258262890683,21.62,56.09,0.0,0.0,31171.76471
26698.76033,12306.50602,39005.266350000005,-0.9659258262890683,-0.25881904510252063,22.27,47.3,0.0,0.0,31938.46154
22259.8778,26589.09091,48848.96871,-0.7071067811865477,0.7071067811865474,16.01,52.82,1.9899999999999984,0.0,41293.4338
25241.77215,30631.6318,55873.40395,-0.25881904510252157,0.9659258262890681,24.29,84.1,0.0,0.28999999999999915,38297.9402
28571.9113,31177.42947,59749.340769999995,-0.25881904510252157,0.9659258262890681,25.73,86.6,0.0,1.7300000000000004,40537.35849
13025.25458,15389.09091,28414.34549,0.49999999999999994,0.8660254037844387,14.91,84.2,3.09,0.0,23560.81808
21724.01216,16516.62651,38240.63867,-0.7071067811865471,-0.7071067811865479,17.97,42.17,0.030000000000001137,0.0,35131.13924
17051.45228,9016.413374,26067.865654,1.0,6.123233995736766e-17,17.3,76.9,0.6999999999999993,0.0,25800.26258
18812.05821,13410.46154,32222.51975,0.7071067811865476,-0.7071067811865475,20.83,47.71,0.0,0.0,26002.64901
21592.56198,9091.084337,30683.646317,0.7071067811865476,-0.7071067811865475,19.5,65.78,0.0,0.0,27033.84615
14715.18987,14448.20084,29163.39071,0.9659258262890683,0.25881904510252074,23.88,86.9,0.0,0.0,22057.67442
22954.67775,13938.14096,36892.81871,-0.2588190451025208,-0.9659258262890683,24.21,59.32,0.0,0.21000000000000085,37669.38053
16898.48024,17551.80723,34450.287469999996,-0.4999999999999998,-0.8660254037844388,15.68,59.2,2.3200000000000003,0.0,32141.77215
14465.6535,15325.3012,29790.954700000002,0.49999999999999994,0.8660254037844387,16.93,72.4,1.0700000000000003,0.0,24085.06329
21852.89256,8773.012048,30625.904608,0.49999999999999994,-0.8660254037844387,10.13,76.2,7.869999999999999,0.0,28978.46154
21829.78723,17129.63855,38959.425780000005,-0.2588190451025208,-0.9659258262890683,17.01,57.9,0.9899999999999984,0.0,33575.6962
22974.27386,12914.77204,35889.0459,-0.4999999999999998,-0.8660254037844388,21.2,70.7,0.0,0.0,35045.25164
17562.16216,14167.59959,31729.761749999998,0.0,1.0,24.48,38.78,0.0,0.4800000000000004,31157.52212
14337.99392,14767.59799,29105.591910000003,0.49999999999999994,0.8660254037844387,15.8,61.72,2.1999999999999993,0.0,23705.08475
16694.69162,8914.285714,25608.977334000003,0.49999999999999994,0.8660254037844387,17.11,63.42,0.8900000000000006,0.0,21949.80989
19752.43902,14992.25806,34744.69708,-0.9659258262890683,-0.25881904510252063,16.79,64.84,1.2100000000000009,0.0,31496.17021
15677.17842,12943.95137,28621.12979,0.49999999999999994,0.8660254037844387,16.42,80.4,1.5799999999999983,0.0,26909.40919
13158.22785,15454.39331,28612.62116,1.0,6.123233995736766e-17,22.23,79.8,0.0,0.0,22402.12625
14919.08714,10311.97568,25231.06282,0.7071067811865476,-0.7071067811865475,18.05,85.0,0.0,0.0,28245.4267
25152.50077,9398.319328,34550.820098,-0.7071067811865471,-0.7071067811865479,17.25,47.93,0.75,0.0,29639.54373
12899.3763,16441.10769,29340.48399,1.0,6.123233995736766e-17,19.52,89.3,0.0,0.0,23370.59603
18315.27495,17978.18182,36293.456770000004,0.49999999999999994,-0.8660254037844387,15.88,82.5,2.119999999999999,0.0,33890.37675
25460.33058,17389.87952,42850.2101,-0.2588190451025208,-0.9659258262890683,22.41,57.14,0.0,0.0,32018.46154
18142.24924,16354.6988,34496.94804,0.258819045102521,-0.9659258262890682,12.4,53.26,5.6,0.0,29711.39241
23875.98784,23676.14458,47552.13242,-0.5000000000000004,0.8660254037844384,12.69,69.65,5.3100000000000005,0.0,37294.17722
16440.62596,9236.97479,25677.60075,0.8660254037844386,0.5000000000000001,12.92,77.2,5.08,0.0,20836.5019
13025.25458,14266.18182,27291.4364,0.7071067811865475,0.7071067811865476,16.67,80.4,1.3299999999999983,0.0,23746.82454
17555.60166,10539.57447,28095.17613,0.7071067811865475,0.7071067811865476,13.96,86.2,4.039999999999999,0.0,22699.69365
13493.49845,13047.44939,26540.94784,0.9659258262890683,0.25881904510252074,17.64,81.8,0.35999999999999943,0.0,21831.34426
12334.30353,11196.40449,23530.70802,0.9659258262890683,-0.25881904510252063,19.36,76.1,0.0,0.0,22893.45133
27632.2314,15944.09639,43576.32779,-0.5000000000000004,0.8660254037844384,15.67,67.71,2.33,0.0,34443.07692
27056.96203,31969.20502,59026.167050000004,0.0,1.0,24.23,65.72,0.0,0.23000000000000043,39803.32226
14892.40122,12394.13065,27286.53187,0.9659258262890683,-0.25881904510252063,8.62,88.8,9.38,0.0,23686.77966
21336.22291,21605.82996,42942.05287,-0.25881904510252157,0.9659258262890681,18.98,65.09,0.0,0.0,35516.85246
21786.58537,23237.41935,45024.00472,-0.5000000000000004,0.8660254037844384,13.85,80.3,4.15,0.0,36704.68085
18432.58656,18053.81818,36486.40474,-0.8660254037844384,-0.5000000000000004,16.98,80.9,1.0199999999999996,0.0,32265.92034
25947.83676,9450.180072,35398.016831999994,-0.7071067811865471,-0.7071067811865479,13.65,56.98,4.35,0.0,30771.10266
9748.606811,10371.49798,20120.104790999998,1.0,6.123233995736766e-17,17.75,79.9,0.25,0.0,22410.4918
23173.81204,26067.46082,49241.27286,0.25881904510252074,0.9659258262890683,27.3,32.71,0.0,3.3000000000000007,32201.02109
29625.3112,20052.03647,49677.34767,-1.0,-1.8369701987210297e-16,21.93,78.7,0.0,0.0,47548.35886
20357.23014,19258.18182,39615.41196,-0.2588190451025208,-0.9659258262890683,16.09,77.4,1.9100000000000001,0.0,35031.21636
27956.07181,25501.69279,53457.7646,0.49999999999999994,-0.8660254037844387,26.92,50.82,0.0,2.9200000000000017,40025.92675
15058.62786,13664.49231,28723.120170000002,0.9659258262890683,0.25881904510252074,19.44,86.0,0.0,0.0,24108.07947
22340.52953,28433.45455,50773.984079999995,-0.9659258262890684,0.2588190451025203,18.6,62.74,0.0,0.0,43054.29494
19987.84195,20116.58291,40104.42486,-0.25881904510252157,0.9659258262890681,13.22,71.2,4.779999999999999,0.0,32381.69492
22145.22822,13025.6535,35170.881720000005,-0.8660254037844384,-0.5000000000000004,23.95,59.95,0.0,0.0,35032.6477
16320.73171,12727.74194,29048.47365,0.8660254037844387,-0.49999999999999983,9.14,87.7,8.86,0.0,26937.19149
26049.84802,26513.36683,52563.214850000004,-0.8660254037844386,0.5000000000000001,12.49,87.4,5.51,0.0,43120.67797
26564.87603,10594.6988,37159.57483,-0.2588190451025208,-0.9659258262890683,19.55,60.42,0.0,0.0,31427.69231
19691.47609,17127.02758,36818.503670000006,0.0,1.0,22.61,84.7,0.0,0.0,31915.75221
16312.0332,13831.00304,30143.03624,0.0,1.0,18.29,89.0,0.0,0.0,29304.15755
13170.82067,14460.78392,27631.60459,0.8660254037844386,0.5000000000000001,8.41,90.2,9.59,0.0,22222.37288
21697.09544,12955.6231,34652.71854,-0.8660254037844384,-0.5000000000000004,22.66,68.6,0.0,0.0,33734.44201
15587.55187,11800.12158,27387.673450000002,0.7071067811865475,0.7071067811865476,17.82,80.5,0.17999999999999972,0.0,26121.66302
21689.62656,11619.20973,33308.83629,0.7071067811865476,-0.7071067811865475,20.91,69.4,0.0,0.0,35316.23632
29206.75818,26819.81191,56026.57009,-0.9659258262890684,0.2588190451025203,24.97,86.3,0.0,0.9699999999999989,47473.6515
23905.19751,24782.76923,48687.96674,0.49999999999999994,0.8660254037844387,18.74,79.3,0.0,0.0,40027.54967
17417.42739,9028.085106,26445.512496000003,0.9659258262890683,-0.25881904510252063,19.92,89.0,0.0,0.0,26890.50328
18377.41639,9421.368547,27798.784936999997,0.9659258262890683,0.25881904510252074,9.11,91.3,8.89,0.0,22844.10646
17143.03534,13449.80592,30592.84126,0.25881904510252074,0.9659258262890683,17.64,82.2,0.35999999999999943,0.0,29175.9292
22385.86279,14155.83248,36541.69527,0.258819045102521,-0.9659258262890682,19.47,76.4,0.0,0.0,36057.34513
25686.48649,26549.16923,52235.655719999995,-0.5000000000000004,0.8660254037844384,19.89,66.51,0.0,0.0,43053.77483
25863.1482,9905.402161,35768.550361,1.2246467991473532e-16,-1.0,20.21,40.12,0.0,0.0,32425.85551
24934.30353,24889.10769,49823.41122,0.49999999999999994,0.8660254037844387,19.59,55.61,0.0,0.0,40777.74834
25570.47817,19733.44229,45303.920459999994,-0.7071067811865477,0.7071067811865474,21.44,74.1,0.0,0.0,44213.09735
19107.12074,19256.35628,38363.47702,-0.25881904510252157,0.9659258262890681,18.09,56.94,0.0,0.0,31425.04918
21691.31635,7721.488595,29412.804945,0.7071067811865476,-0.7071067811865475,13.04,57.68,4.960000000000001,0.0,27948.28897
15639.10387,19042.90909,34682.01296,0.0,1.0,16.23,71.6,1.7699999999999996,0.0,28849.60172
19351.86722,10206.93009,29558.79731,0.8660254037844387,-0.49999999999999983,18.3,91.2,0.0,0.0,28749.58425
26193.361,18382.97872,44576.33972,-0.7071067811865477,0.7071067811865474,20.74,64.96,0.0,0.0,42153.87309
22513.09771,17715.38304,40228.48075,-0.5000000000000004,0.8660254037844384,20.99,78.7,0.0,0.0,38778.0531
14195.74468,14671.80723,28867.551910000002,0.49999999999999994,0.8660254037844387,10.12,74.4,7.880000000000001,0.0,23234.43038
26079.02736,25873.73494,51952.7623,-1.0,-1.8369701987210297e-16,14.06,70.9,3.9399999999999995,0.0,41589.87342
28974.53207,14094.59784,43069.12991,-0.5000000000000004,0.8660254037844384,13.9,86.0,4.1,0.0,33940.68441
28736.51452,19655.19757,48391.71209,-0.9659258262890684,0.2588190451025203,22.58,63.36,0.0,0.0,47365.60175
15387.80488,18487.74194,33875.54682,-0.25881904510252157,0.9659258262890681,17.24,75.7,0.7600000000000016,0.0,28285.2766
19832.99389,17413.81818,37246.81207,0.49999999999999994,-0.8660254037844387,13.95,77.8,4.050000000000001,0.0,33654.76857
13546.50456,13578.79518,27125.29974,0.8660254037844386,0.5000000000000001,12.76,49.82,5.24,0.0,21709.36709
14806.92464,11520.0,26326.924639999997,0.9659258262890683,-0.25881904510252063,15.68,84.6,2.3200000000000003,0.0,23883.22928
17087.6452,15600.75235,32688.39755,0.7071067811865475,0.7071067811865476,24.47,92.5,0.0,0.46999999999999886,21703.88457
25375.88358,24540.55385,49916.437430000005,-0.25881904510252157,0.9659258262890681,20.3,89.1,0.0,0.0,40879.4702
18589.02439,13035.48387,31624.50826,0.7071067811865476,-0.7071067811865475,13.43,74.1,4.57,0.0,30025.53191
15303.73444,12494.58967,27798.32411,0.25881904510252074,0.9659258262890683,19.87,68.26,0.0,0.0,26890.50328
28015.28926,15591.3253,43606.61456,-0.5000000000000004,0.8660254037844384,19.7,74.2,0.0,0.0,34547.69231
18534.0249,13533.37386,32067.39876,0.0,1.0,18.0,88.2,0.0,0.0,30747.30853
27070.66116,15626.0241,42696.68526,-0.9659258262890683,-0.25881904510252063,20.17,65.61,0.0,0.0,32455.38462
26892.40122,25364.81928,52257.220499999996,-0.9659258262890684,0.2588190451025203,10.39,53.69,7.609999999999999,0.0,44202.53165
13635.36585,14417.41935,28052.7852,0.9659258262890683,0.25881904510252074,14.94,61.49,3.0600000000000005,0.0,25736.17021
15672.09776,18048.0,33720.097760000004,-0.7071067811865471,-0.7071067811865479,16.44,78.3,1.5599999999999987,0.0,33406.75996
22546.77755,15338.42697,37885.20452,-1.0,-1.8369701987210297e-16,31.09,29.11,0.0,7.09,38160.0
20126.27291,24232.72727,44359.00018,-1.0,-1.8369701987210297e-16,18.47,73.1,0.0,0.0,38428.93434
17461.30031,12423.64372,29884.94403,0.8660254037844387,-0.49999999999999983,15.84,86.0,2.16,0.0,26955.54098
19725.3112,12033.55623,31758.86743,0.0,1.0,15.08,83.1,2.92,0.0,25724.63895
14938.9002,17291.63636,32230.53656,0.25881904510252074,0.9659258262890683,15.55,87.1,2.4499999999999993,0.0,26071.90527
15878.83817,9168.145897,25046.984067,1.0,6.123233995736766e-17,24.26,53.95,0.0,0.26000000000000156,25768.75274
13582.97872,14955.18072,28538.15944,0.25881904510252074,0.9659258262890683,14.98,69.8,3.0199999999999996,0.0,22116.4557
17320.65051,9548.139256,26868.789766,0.9659258262890683,0.25881904510252074,14.31,62.68,3.6899999999999995,0.0,20647.90875
17438.66944,14544.14709,31982.816530000004,0.49999999999999994,-0.8660254037844387,26.2,53.35,0.0,2.1999999999999993,32170.61947
19669.29461,13912.70517,33581.99978,1.2246467991473532e-16,-1.0,21.79,57.76,0.0,0.0,34339.43107
18171.95122,15404.51613,33576.46735,0.49999999999999994,-0.8660254037844387,14.87,70.4,3.130000000000001,0.0,31447.14894
17788.01653,10444.33735,28232.353880000002,0.7071067811865475,0.7071067811865476,16.32,58.94,1.6799999999999997,0.0,22713.84615
21820.79002,12549.62206,34370.41208,0.49999999999999994,-0.8660254037844387,25.87,50.62,0.0,1.870000000000001,31450.61947
16167.68743,16768.40125,32936.08868,1.0,6.123233995736766e-17,25.05,93.0,0.0,1.0500000000000007,24190.72142
18727.21694,9288.835534,28016.052473999996,1.0,6.123233995736766e-17,9.42,65.34,8.58,0.0,22819.77186
17111.20332,11765.10638,28876.309699999998,0.49999999999999994,-0.8660254037844387,21.48,70.2,0.0,0.0,32272.38512
21768.29268,22023.87097,43792.16365,-0.5000000000000004,0.8660254037844384,14.14,85.2,3.8599999999999994,0.0,36471.82979
16661.55262,9461.704682,26123.257301999998,0.9659258262890683,0.25881904510252074,7.4,90.2,10.6,0.0,21828.13688
21475.35642,27182.54545,48657.90187,-0.8660254037844386,0.5000000000000001,18.02,66.3,0.0,0.0,42149.06351
15789.87342,17243.84937,33033.72279,0.9659258262890683,0.25881904510252074,22.39,56.93,0.0,0.0,24653.8206
33698.68058,15880.91236,49579.59294,-0.9659258262890683,-0.25881904510252063,15.77,65.35,2.2300000000000004,0.0,39847.90875
33499.84658,15442.97719,48942.823769999995,-0.7071067811865477,0.7071067811865474,12.66,55.57,5.34,0.0,38807.60456
26602.74551,22534.42006,49137.16557,0.7071067811865476,-0.7071067811865475,27.39,62.99,0.0,3.3900000000000006,34444.92786
20670.73171,15630.96774,36301.69945,0.49999999999999994,-0.8660254037844387,14.12,80.4,3.880000000000001,0.0,33493.78723
23658.21206,16097.40552,39755.617580000006,0.258819045102521,-0.9659258262890682,25.09,71.7,0.0,1.0899999999999999,37720.35398
22217.35537,14960.96386,37178.31923,0.7071067811865476,-0.7071067811865475,12.2,75.5,5.800000000000001,0.0,28221.53846
21036.58537,18621.29032,39657.87569,-1.0,-1.8369701987210297e-16,16.99,62.42,1.0100000000000016,0.0,35037.95745
